<?xml version="1.0" encoding="UTF-8"?>
<dense_cloud version="1.2.0">
  <tiles>
    <tile path="dense_cloud.oc3">
      <totalCount>250145</totalCount>
      <validCount>250145</validCount>
      <pointCount class="0">250145</pointCount>
    </tile>
  </tiles>
  <transform>1.0000000000000000e+00 0.0000000000000000e+00 0.0000000000000000e+00 0.0000000000000000e+00 0.0000000000000000e+00 1.0000000000000000e+00 0.0000000000000000e+00 0.0000000000000000e+00 0.0000000000000000e+00 0.0000000000000000e+00 1.0000000000000000e+00 0.0000000000000000e+00 0.0000000000000000e+00 0.0000000000000000e+00 0.0000000000000000e+00 1.0000000000000000e+00</transform>
  <meta>
    <property name="dense_cloud/density" value="100"/>
    <property name="dense_cloud/depth_downscale" value="4"/>
    <property name="dense_cloud/depth_filter_mode" value="0"/>
    <property name="dense_cloud/duration" value="30.335288"/>
    <property name="dense_cloud/resolution" value="0.00973486969708187"/>
    <property name="depth/duration" value="80.559225"/>
  </meta>
</dense_cloud>
