<?xml version="1.0" encoding="UTF-8"?>
<masks version="1.2.0">
  <mask camera_id="0" path="c0.png"/>
  <mask camera_id="1" path="c1.png"/>
  <mask camera_id="2" path="c2.png"/>
  <mask camera_id="3" path="c3.png"/>
  <mask camera_id="4" path="c4.png"/>
  <mask camera_id="6" path="c6.png"/>
  <mask camera_id="7" path="c7.png"/>
  <mask camera_id="9" path="c9.png"/>
  <mask camera_id="10" path="c10.png"/>
  <mask camera_id="11" path="c11.png"/>
  <mask camera_id="12" path="c12.png"/>
  <mask camera_id="13" path="c13.png"/>
  <mask camera_id="14" path="c14.png"/>
  <mask camera_id="15" path="c15.png"/>
  <mask camera_id="16" path="c16.png"/>
  <mask camera_id="17" path="c17.png"/>
  <mask camera_id="18" path="c18.png"/>
  <mask camera_id="19" path="c19.png"/>
  <mask camera_id="20" path="c20.png"/>
  <mask camera_id="21" path="c21.png"/>
  <mask camera_id="22" path="c22.png"/>
  <mask camera_id="23" path="c23.png"/>
  <mask camera_id="35" path="c35.png"/>
  <mask camera_id="36" path="c36.png"/>
  <mask camera_id="37" path="c37.png"/>
  <mask camera_id="38" path="c38.png"/>
  <mask camera_id="39" path="c39.png"/>
  <mask camera_id="84" path="c84.png"/>
  <mask camera_id="85" path="c85.png"/>
  <mask camera_id="86" path="c86.png"/>
  <mask camera_id="87" path="c87.png"/>
  <mask camera_id="88" path="c88.png"/>
  <mask camera_id="89" path="c89.png"/>
  <mask camera_id="90" path="c90.png"/>
  <mask camera_id="91" path="c91.png"/>
  <mask camera_id="92" path="c92.png"/>
  <mask camera_id="93" path="c93.png"/>
  <mask camera_id="94" path="c94.png"/>
  <mask camera_id="95" path="c95.png"/>
</masks>
