<?xml version="1.0" encoding="UTF-8"?>
<point_cloud version="1.2.0">
  <tracks path="tracks.ply" count="5464"/>
  <points path="points.ply" count="4257"/>
  <projections camera_id="0" path="p0.ply" count="541"/>
  <projections camera_id="1" path="p1.ply" count="551"/>
  <projections camera_id="2" path="p2.ply" count="668"/>
  <projections camera_id="3" path="p3.ply" count="701"/>
  <projections camera_id="4" path="p4.ply" count="341"/>
  <projections camera_id="6" path="p6.ply" count="282"/>
  <projections camera_id="7" path="p7.ply" count="265"/>
  <projections camera_id="9" path="p9.ply" count="222"/>
  <projections camera_id="10" path="p10.ply" count="337"/>
  <projections camera_id="11" path="p11.ply" count="271"/>
  <projections camera_id="12" path="p12.ply" count="301"/>
  <projections camera_id="13" path="p13.ply" count="407"/>
  <projections camera_id="14" path="p14.ply" count="533"/>
  <projections camera_id="15" path="p15.ply" count="560"/>
  <projections camera_id="16" path="p16.ply" count="457"/>
  <projections camera_id="17" path="p17.ply" count="388"/>
  <projections camera_id="18" path="p18.ply" count="477"/>
  <projections camera_id="19" path="p19.ply" count="472"/>
  <projections camera_id="20" path="p20.ply" count="296"/>
  <projections camera_id="21" path="p21.ply" count="305"/>
  <projections camera_id="22" path="p22.ply" count="269"/>
  <projections camera_id="23" path="p23.ply" count="208"/>
  <projections camera_id="35" path="p35.ply" count="950"/>
  <projections camera_id="36" path="p36.ply" count="211"/>
  <projections camera_id="37" path="p37.ply" count="582"/>
  <projections camera_id="38" path="p38.ply" count="602"/>
  <projections camera_id="39" path="p39.ply" count="668"/>
  <projections camera_id="84" path="p84.ply" count="152"/>
  <projections camera_id="85" path="p85.ply" count="266"/>
  <projections camera_id="86" path="p86.ply" count="278"/>
  <projections camera_id="87" path="p87.ply" count="62"/>
  <projections camera_id="88" path="p88.ply" count="38"/>
  <projections camera_id="89" path="p89.ply" count="102"/>
  <projections camera_id="90" path="p90.ply" count="154"/>
  <projections camera_id="91" path="p91.ply" count="224"/>
  <projections camera_id="92" path="p92.ply" count="256"/>
  <projections camera_id="93" path="p93.ply" count="303"/>
  <projections camera_id="94" path="p94.ply" count="279"/>
  <projections camera_id="95" path="p95.ply" count="950"/>
  <meta>
    <property name="match/duration" value="39.981921"/>
    <property name="match/match_downscale" value="2"/>
    <property name="match/match_filter_mask" value="true"/>
    <property name="match/match_point_limit" value="40000"/>
    <property name="match/match_select_pairs" value="1"/>
    <property name="match/match_tiepoint_limit" value="4000"/>
  </meta>
</point_cloud>
