<?xml version="1.0" encoding="UTF-8"?>
<frame>
  <cameras>
    <camera camera_id="30">
      <photo path="../../../images/DSC_0030.JPG">
        <meta>
          <property name="Exif/DateTime" value="2016:06:21 00:49:50"/>
          <property name="Exif/DateTimeOriginal" value="2016:06:21 00:49:50"/>
          <property name="Exif/ExposureTime" value="0.0333333333333333"/>
          <property name="Exif/FNumber" value="4.5"/>
          <property name="Exif/FocalLength" value="30"/>
          <property name="Exif/FocalLengthIn35mmFilm" value="45"/>
          <property name="Exif/ISOSpeedRatings" value="1100"/>
          <property name="Exif/Make" value="NIKON CORPORATION"/>
          <property name="Exif/Model" value="NIKON D3000"/>
          <property name="Exif/Orientation" value="1"/>
          <property name="Exif/Software" value="Ver.1.00 "/>
          <property name="File/ImageHeight" value="2592"/>
          <property name="File/ImageWidth" value="3872"/>
          <property name="System/FileModifyDate" value="2016:06:21 00:49:50"/>
          <property name="System/FileSize" value="2716477"/>
        </meta>
      </photo>
    </camera>
    <camera camera_id="31">
      <photo path="../../../images/DSC_0031.JPG">
        <meta>
          <property name="Exif/DateTime" value="2016:06:21 00:50:02"/>
          <property name="Exif/DateTimeOriginal" value="2016:06:21 00:50:02"/>
          <property name="Exif/ExposureTime" value="0.0333333333333333"/>
          <property name="Exif/FNumber" value="4.5"/>
          <property name="Exif/FocalLength" value="30"/>
          <property name="Exif/FocalLengthIn35mmFilm" value="45"/>
          <property name="Exif/ISOSpeedRatings" value="1100"/>
          <property name="Exif/Make" value="NIKON CORPORATION"/>
          <property name="Exif/Model" value="NIKON D3000"/>
          <property name="Exif/Orientation" value="1"/>
          <property name="Exif/Software" value="Ver.1.00 "/>
          <property name="File/ImageHeight" value="2592"/>
          <property name="File/ImageWidth" value="3872"/>
          <property name="System/FileModifyDate" value="2016:06:21 00:50:02"/>
          <property name="System/FileSize" value="2653250"/>
        </meta>
      </photo>
    </camera>
    <camera camera_id="32">
      <photo path="../../../images/DSC_0032.JPG">
        <meta>
          <property name="Exif/DateTime" value="2016:06:21 00:50:08"/>
          <property name="Exif/DateTimeOriginal" value="2016:06:21 00:50:08"/>
          <property name="Exif/ExposureTime" value="0.0333333333333333"/>
          <property name="Exif/FNumber" value="4.5"/>
          <property name="Exif/FocalLength" value="30"/>
          <property name="Exif/FocalLengthIn35mmFilm" value="45"/>
          <property name="Exif/ISOSpeedRatings" value="1100"/>
          <property name="Exif/Make" value="NIKON CORPORATION"/>
          <property name="Exif/Model" value="NIKON D3000"/>
          <property name="Exif/Orientation" value="1"/>
          <property name="Exif/Software" value="Ver.1.00 "/>
          <property name="File/ImageHeight" value="2592"/>
          <property name="File/ImageWidth" value="3872"/>
          <property name="System/FileModifyDate" value="2016:06:21 00:50:08"/>
          <property name="System/FileSize" value="2694669"/>
        </meta>
      </photo>
    </camera>
    <camera camera_id="33">
      <photo path="../../../images/DSC_0033.JPG">
        <meta>
          <property name="Exif/DateTime" value="2016:06:21 00:50:17"/>
          <property name="Exif/DateTimeOriginal" value="2016:06:21 00:50:17"/>
          <property name="Exif/ExposureTime" value="0.0333333333333333"/>
          <property name="Exif/FNumber" value="4.5"/>
          <property name="Exif/FocalLength" value="30"/>
          <property name="Exif/FocalLengthIn35mmFilm" value="45"/>
          <property name="Exif/ISOSpeedRatings" value="1000"/>
          <property name="Exif/Make" value="NIKON CORPORATION"/>
          <property name="Exif/Model" value="NIKON D3000"/>
          <property name="Exif/Orientation" value="1"/>
          <property name="Exif/Software" value="Ver.1.00 "/>
          <property name="File/ImageHeight" value="2592"/>
          <property name="File/ImageWidth" value="3872"/>
          <property name="System/FileModifyDate" value="2016:06:21 00:50:18"/>
          <property name="System/FileSize" value="2701364"/>
        </meta>
      </photo>
    </camera>
    <camera camera_id="34">
      <photo path="../../../images/DSC_0034.JPG">
        <meta>
          <property name="Exif/DateTime" value="2016:06:21 00:50:22"/>
          <property name="Exif/DateTimeOriginal" value="2016:06:21 00:50:22"/>
          <property name="Exif/ExposureTime" value="0.0333333333333333"/>
          <property name="Exif/FNumber" value="4.5"/>
          <property name="Exif/FocalLength" value="30"/>
          <property name="Exif/FocalLengthIn35mmFilm" value="45"/>
          <property name="Exif/ISOSpeedRatings" value="1100"/>
          <property name="Exif/Make" value="NIKON CORPORATION"/>
          <property name="Exif/Model" value="NIKON D3000"/>
          <property name="Exif/Orientation" value="1"/>
          <property name="Exif/Software" value="Ver.1.00 "/>
          <property name="File/ImageHeight" value="2592"/>
          <property name="File/ImageWidth" value="3872"/>
          <property name="System/FileModifyDate" value="2016:06:21 00:50:22"/>
          <property name="System/FileSize" value="2706243"/>
        </meta>
      </photo>
    </camera>
    <camera camera_id="35">
      <photo path="../../../images/DSC_0036.JPG">
        <meta>
          <property name="Exif/DateTime" value="2016:06:21 00:50:50"/>
          <property name="Exif/DateTimeOriginal" value="2016:06:21 00:50:50"/>
          <property name="Exif/ExposureTime" value="0.0333333333333333"/>
          <property name="Exif/FNumber" value="4.5"/>
          <property name="Exif/FocalLength" value="30"/>
          <property name="Exif/FocalLengthIn35mmFilm" value="45"/>
          <property name="Exif/ISOSpeedRatings" value="900"/>
          <property name="Exif/Make" value="NIKON CORPORATION"/>
          <property name="Exif/Model" value="NIKON D3000"/>
          <property name="Exif/Orientation" value="1"/>
          <property name="Exif/Software" value="Ver.1.00 "/>
          <property name="File/ImageHeight" value="2592"/>
          <property name="File/ImageWidth" value="3872"/>
          <property name="System/FileModifyDate" value="2016:06:21 00:50:50"/>
          <property name="System/FileSize" value="2725510"/>
        </meta>
      </photo>
    </camera>
    <camera camera_id="36">
      <photo path="../../../images/DSC_0037.JPG">
        <meta>
          <property name="Exif/DateTime" value="2016:06:21 00:51:17"/>
          <property name="Exif/DateTimeOriginal" value="2016:06:21 00:51:17"/>
          <property name="Exif/ExposureTime" value="0.0333333333333333"/>
          <property name="Exif/FNumber" value="4.5"/>
          <property name="Exif/FocalLength" value="30"/>
          <property name="Exif/FocalLengthIn35mmFilm" value="45"/>
          <property name="Exif/ISOSpeedRatings" value="900"/>
          <property name="Exif/Make" value="NIKON CORPORATION"/>
          <property name="Exif/Model" value="NIKON D3000"/>
          <property name="Exif/Orientation" value="1"/>
          <property name="Exif/Software" value="Ver.1.00 "/>
          <property name="File/ImageHeight" value="2592"/>
          <property name="File/ImageWidth" value="3872"/>
          <property name="System/FileModifyDate" value="2016:06:21 00:51:18"/>
          <property name="System/FileSize" value="2727550"/>
        </meta>
      </photo>
    </camera>
    <camera camera_id="37">
      <photo path="../../../images/DSC_0039.JPG">
        <meta>
          <property name="Exif/DateTime" value="2016:06:21 00:51:41"/>
          <property name="Exif/DateTimeOriginal" value="2016:06:21 00:51:41"/>
          <property name="Exif/ExposureTime" value="0.0333333333333333"/>
          <property name="Exif/FNumber" value="4.5"/>
          <property name="Exif/FocalLength" value="30"/>
          <property name="Exif/FocalLengthIn35mmFilm" value="45"/>
          <property name="Exif/ISOSpeedRatings" value="800"/>
          <property name="Exif/Make" value="NIKON CORPORATION"/>
          <property name="Exif/Model" value="NIKON D3000"/>
          <property name="Exif/Orientation" value="1"/>
          <property name="Exif/Software" value="Ver.1.00 "/>
          <property name="File/ImageHeight" value="2592"/>
          <property name="File/ImageWidth" value="3872"/>
          <property name="System/FileModifyDate" value="2016:06:21 00:51:42"/>
          <property name="System/FileSize" value="2699320"/>
        </meta>
      </photo>
    </camera>
    <camera camera_id="38">
      <photo path="../../../images/DSC_0040.JPG">
        <meta>
          <property name="Exif/DateTime" value="2016:06:21 00:51:45"/>
          <property name="Exif/DateTimeOriginal" value="2016:06:21 00:51:45"/>
          <property name="Exif/ExposureTime" value="0.0333333333333333"/>
          <property name="Exif/FNumber" value="4.5"/>
          <property name="Exif/FocalLength" value="30"/>
          <property name="Exif/FocalLengthIn35mmFilm" value="45"/>
          <property name="Exif/ISOSpeedRatings" value="1000"/>
          <property name="Exif/Make" value="NIKON CORPORATION"/>
          <property name="Exif/Model" value="NIKON D3000"/>
          <property name="Exif/Orientation" value="1"/>
          <property name="Exif/Software" value="Ver.1.00 "/>
          <property name="File/ImageHeight" value="2592"/>
          <property name="File/ImageWidth" value="3872"/>
          <property name="System/FileModifyDate" value="2016:06:21 00:51:46"/>
          <property name="System/FileSize" value="2745829"/>
        </meta>
      </photo>
    </camera>
    <camera camera_id="39">
      <photo path="../../../images/DSC_0041.JPG">
        <meta>
          <property name="Exif/DateTime" value="2016:06:21 00:51:49"/>
          <property name="Exif/DateTimeOriginal" value="2016:06:21 00:51:49"/>
          <property name="Exif/ExposureTime" value="0.0333333333333333"/>
          <property name="Exif/FNumber" value="4.5"/>
          <property name="Exif/FocalLength" value="30"/>
          <property name="Exif/FocalLengthIn35mmFilm" value="45"/>
          <property name="Exif/ISOSpeedRatings" value="1000"/>
          <property name="Exif/Make" value="NIKON CORPORATION"/>
          <property name="Exif/Model" value="NIKON D3000"/>
          <property name="Exif/Orientation" value="1"/>
          <property name="Exif/Software" value="Ver.1.00 "/>
          <property name="File/ImageHeight" value="2592"/>
          <property name="File/ImageWidth" value="3872"/>
          <property name="System/FileModifyDate" value="2016:06:21 00:51:50"/>
          <property name="System/FileSize" value="2761028"/>
        </meta>
      </photo>
    </camera>
    <camera camera_id="40">
      <photo path="../../../images/DSC_0042.JPG">
        <meta>
          <property name="Exif/DateTime" value="2016:06:21 00:51:55"/>
          <property name="Exif/DateTimeOriginal" value="2016:06:21 00:51:55"/>
          <property name="Exif/ExposureTime" value="0.0333333333333333"/>
          <property name="Exif/FNumber" value="4.5"/>
          <property name="Exif/FocalLength" value="30"/>
          <property name="Exif/FocalLengthIn35mmFilm" value="45"/>
          <property name="Exif/ISOSpeedRatings" value="1000"/>
          <property name="Exif/Make" value="NIKON CORPORATION"/>
          <property name="Exif/Model" value="NIKON D3000"/>
          <property name="Exif/Orientation" value="1"/>
          <property name="Exif/Software" value="Ver.1.00 "/>
          <property name="File/ImageHeight" value="2592"/>
          <property name="File/ImageWidth" value="3872"/>
          <property name="System/FileModifyDate" value="2016:06:21 00:51:56"/>
          <property name="System/FileSize" value="2716587"/>
        </meta>
      </photo>
    </camera>
    <camera camera_id="41">
      <photo path="../../../images/DSC_0043.JPG">
        <meta>
          <property name="Exif/DateTime" value="2016:06:21 00:52:00"/>
          <property name="Exif/DateTimeOriginal" value="2016:06:21 00:52:00"/>
          <property name="Exif/ExposureTime" value="0.0333333333333333"/>
          <property name="Exif/FNumber" value="4.5"/>
          <property name="Exif/FocalLength" value="30"/>
          <property name="Exif/FocalLengthIn35mmFilm" value="45"/>
          <property name="Exif/ISOSpeedRatings" value="1100"/>
          <property name="Exif/Make" value="NIKON CORPORATION"/>
          <property name="Exif/Model" value="NIKON D3000"/>
          <property name="Exif/Orientation" value="1"/>
          <property name="Exif/Software" value="Ver.1.00 "/>
          <property name="File/ImageHeight" value="2592"/>
          <property name="File/ImageWidth" value="3872"/>
          <property name="System/FileModifyDate" value="2016:06:21 00:52:02"/>
          <property name="System/FileSize" value="2730533"/>
        </meta>
      </photo>
    </camera>
    <camera camera_id="42">
      <photo path="../../../images/DSC_0044.JPG">
        <meta>
          <property name="Exif/DateTime" value="2016:06:21 00:52:05"/>
          <property name="Exif/DateTimeOriginal" value="2016:06:21 00:52:05"/>
          <property name="Exif/ExposureTime" value="0.0333333333333333"/>
          <property name="Exif/FNumber" value="4.5"/>
          <property name="Exif/FocalLength" value="30"/>
          <property name="Exif/FocalLengthIn35mmFilm" value="45"/>
          <property name="Exif/ISOSpeedRatings" value="1000"/>
          <property name="Exif/Make" value="NIKON CORPORATION"/>
          <property name="Exif/Model" value="NIKON D3000"/>
          <property name="Exif/Orientation" value="1"/>
          <property name="Exif/Software" value="Ver.1.00 "/>
          <property name="File/ImageHeight" value="2592"/>
          <property name="File/ImageWidth" value="3872"/>
          <property name="System/FileModifyDate" value="2016:06:21 00:52:06"/>
          <property name="System/FileSize" value="2766555"/>
        </meta>
      </photo>
    </camera>
    <camera camera_id="43">
      <photo path="../../../images/DSC_0045.JPG">
        <meta>
          <property name="Exif/DateTime" value="2016:06:21 00:52:10"/>
          <property name="Exif/DateTimeOriginal" value="2016:06:21 00:52:10"/>
          <property name="Exif/ExposureTime" value="0.0333333333333333"/>
          <property name="Exif/FNumber" value="4.5"/>
          <property name="Exif/FocalLength" value="30"/>
          <property name="Exif/FocalLengthIn35mmFilm" value="45"/>
          <property name="Exif/ISOSpeedRatings" value="1100"/>
          <property name="Exif/Make" value="NIKON CORPORATION"/>
          <property name="Exif/Model" value="NIKON D3000"/>
          <property name="Exif/Orientation" value="1"/>
          <property name="Exif/Software" value="Ver.1.00 "/>
          <property name="File/ImageHeight" value="2592"/>
          <property name="File/ImageWidth" value="3872"/>
          <property name="System/FileModifyDate" value="2016:06:21 00:52:12"/>
          <property name="System/FileSize" value="2781020"/>
        </meta>
      </photo>
    </camera>
    <camera camera_id="44">
      <photo path="../../../images/DSC_0046.JPG">
        <meta>
          <property name="Exif/DateTime" value="2016:06:21 00:52:21"/>
          <property name="Exif/DateTimeOriginal" value="2016:06:21 00:52:21"/>
          <property name="Exif/ExposureTime" value="0.0333333333333333"/>
          <property name="Exif/FNumber" value="4.5"/>
          <property name="Exif/FocalLength" value="30"/>
          <property name="Exif/FocalLengthIn35mmFilm" value="45"/>
          <property name="Exif/ISOSpeedRatings" value="1000"/>
          <property name="Exif/Make" value="NIKON CORPORATION"/>
          <property name="Exif/Model" value="NIKON D3000"/>
          <property name="Exif/Orientation" value="1"/>
          <property name="Exif/Software" value="Ver.1.00 "/>
          <property name="File/ImageHeight" value="2592"/>
          <property name="File/ImageWidth" value="3872"/>
          <property name="System/FileModifyDate" value="2016:06:21 00:52:22"/>
          <property name="System/FileSize" value="2740238"/>
        </meta>
      </photo>
    </camera>
    <camera camera_id="45">
      <photo path="../../../images/DSC_0047.JPG">
        <meta>
          <property name="Exif/DateTime" value="2016:06:21 00:52:25"/>
          <property name="Exif/DateTimeOriginal" value="2016:06:21 00:52:25"/>
          <property name="Exif/ExposureTime" value="0.0333333333333333"/>
          <property name="Exif/FNumber" value="4.5"/>
          <property name="Exif/FocalLength" value="30"/>
          <property name="Exif/FocalLengthIn35mmFilm" value="45"/>
          <property name="Exif/ISOSpeedRatings" value="1000"/>
          <property name="Exif/Make" value="NIKON CORPORATION"/>
          <property name="Exif/Model" value="NIKON D3000"/>
          <property name="Exif/Orientation" value="1"/>
          <property name="Exif/Software" value="Ver.1.00 "/>
          <property name="File/ImageHeight" value="2592"/>
          <property name="File/ImageWidth" value="3872"/>
          <property name="System/FileModifyDate" value="2016:06:21 00:52:26"/>
          <property name="System/FileSize" value="2743551"/>
        </meta>
      </photo>
    </camera>
    <camera camera_id="46">
      <photo path="../../../images/DSC_0048.JPG">
        <meta>
          <property name="Exif/DateTime" value="2016:06:21 00:52:29"/>
          <property name="Exif/DateTimeOriginal" value="2016:06:21 00:52:29"/>
          <property name="Exif/ExposureTime" value="0.0333333333333333"/>
          <property name="Exif/FNumber" value="4.5"/>
          <property name="Exif/FocalLength" value="30"/>
          <property name="Exif/FocalLengthIn35mmFilm" value="45"/>
          <property name="Exif/ISOSpeedRatings" value="1000"/>
          <property name="Exif/Make" value="NIKON CORPORATION"/>
          <property name="Exif/Model" value="NIKON D3000"/>
          <property name="Exif/Orientation" value="1"/>
          <property name="Exif/Software" value="Ver.1.00 "/>
          <property name="File/ImageHeight" value="2592"/>
          <property name="File/ImageWidth" value="3872"/>
          <property name="System/FileModifyDate" value="2016:06:21 00:52:30"/>
          <property name="System/FileSize" value="2718406"/>
        </meta>
      </photo>
    </camera>
    <camera camera_id="47">
      <photo path="../../../images/DSC_0049.JPG">
        <meta>
          <property name="Exif/DateTime" value="2016:06:21 00:52:34"/>
          <property name="Exif/DateTimeOriginal" value="2016:06:21 00:52:34"/>
          <property name="Exif/ExposureTime" value="0.0333333333333333"/>
          <property name="Exif/FNumber" value="4.5"/>
          <property name="Exif/FocalLength" value="30"/>
          <property name="Exif/FocalLengthIn35mmFilm" value="45"/>
          <property name="Exif/ISOSpeedRatings" value="1000"/>
          <property name="Exif/Make" value="NIKON CORPORATION"/>
          <property name="Exif/Model" value="NIKON D3000"/>
          <property name="Exif/Orientation" value="1"/>
          <property name="Exif/Software" value="Ver.1.00 "/>
          <property name="File/ImageHeight" value="2592"/>
          <property name="File/ImageWidth" value="3872"/>
          <property name="System/FileModifyDate" value="2016:06:21 00:52:34"/>
          <property name="System/FileSize" value="2738558"/>
        </meta>
      </photo>
    </camera>
    <camera camera_id="48">
      <photo path="../../../images/DSC_0050.JPG">
        <meta>
          <property name="Exif/DateTime" value="2016:06:21 00:52:37"/>
          <property name="Exif/DateTimeOriginal" value="2016:06:21 00:52:37"/>
          <property name="Exif/ExposureTime" value="0.0333333333333333"/>
          <property name="Exif/FNumber" value="4.5"/>
          <property name="Exif/FocalLength" value="30"/>
          <property name="Exif/FocalLengthIn35mmFilm" value="45"/>
          <property name="Exif/ISOSpeedRatings" value="1000"/>
          <property name="Exif/Make" value="NIKON CORPORATION"/>
          <property name="Exif/Model" value="NIKON D3000"/>
          <property name="Exif/Orientation" value="1"/>
          <property name="Exif/Software" value="Ver.1.00 "/>
          <property name="File/ImageHeight" value="2592"/>
          <property name="File/ImageWidth" value="3872"/>
          <property name="System/FileModifyDate" value="2016:06:21 00:52:38"/>
          <property name="System/FileSize" value="2718561"/>
        </meta>
      </photo>
    </camera>
    <camera camera_id="49">
      <photo path="../../../images/DSC_0051.JPG">
        <meta>
          <property name="Exif/DateTime" value="2016:06:21 00:52:42"/>
          <property name="Exif/DateTimeOriginal" value="2016:06:21 00:52:42"/>
          <property name="Exif/ExposureTime" value="0.0333333333333333"/>
          <property name="Exif/FNumber" value="4.5"/>
          <property name="Exif/FocalLength" value="30"/>
          <property name="Exif/FocalLengthIn35mmFilm" value="45"/>
          <property name="Exif/ISOSpeedRatings" value="1100"/>
          <property name="Exif/Make" value="NIKON CORPORATION"/>
          <property name="Exif/Model" value="NIKON D3000"/>
          <property name="Exif/Orientation" value="1"/>
          <property name="Exif/Software" value="Ver.1.00 "/>
          <property name="File/ImageHeight" value="2592"/>
          <property name="File/ImageWidth" value="3872"/>
          <property name="System/FileModifyDate" value="2016:06:21 00:52:42"/>
          <property name="System/FileSize" value="2659359"/>
        </meta>
      </photo>
    </camera>
    <camera camera_id="50">
      <photo path="../../../images/DSC_0052.JPG">
        <meta>
          <property name="Exif/DateTime" value="2016:06:21 00:52:46"/>
          <property name="Exif/DateTimeOriginal" value="2016:06:21 00:52:46"/>
          <property name="Exif/ExposureTime" value="0.0333333333333333"/>
          <property name="Exif/FNumber" value="4.5"/>
          <property name="Exif/FocalLength" value="30"/>
          <property name="Exif/FocalLengthIn35mmFilm" value="45"/>
          <property name="Exif/ISOSpeedRatings" value="1100"/>
          <property name="Exif/Make" value="NIKON CORPORATION"/>
          <property name="Exif/Model" value="NIKON D3000"/>
          <property name="Exif/Orientation" value="1"/>
          <property name="Exif/Software" value="Ver.1.00 "/>
          <property name="File/ImageHeight" value="2592"/>
          <property name="File/ImageWidth" value="3872"/>
          <property name="System/FileModifyDate" value="2016:06:21 00:52:46"/>
          <property name="System/FileSize" value="2708822"/>
        </meta>
      </photo>
    </camera>
    <camera camera_id="51">
      <photo path="../../../images/DSC_0053.JPG">
        <meta>
          <property name="Exif/DateTime" value="2016:06:21 00:52:54"/>
          <property name="Exif/DateTimeOriginal" value="2016:06:21 00:52:54"/>
          <property name="Exif/ExposureTime" value="0.0333333333333333"/>
          <property name="Exif/FNumber" value="4.5"/>
          <property name="Exif/FocalLength" value="30"/>
          <property name="Exif/FocalLengthIn35mmFilm" value="45"/>
          <property name="Exif/ISOSpeedRatings" value="1100"/>
          <property name="Exif/Make" value="NIKON CORPORATION"/>
          <property name="Exif/Model" value="NIKON D3000"/>
          <property name="Exif/Orientation" value="1"/>
          <property name="Exif/Software" value="Ver.1.00 "/>
          <property name="File/ImageHeight" value="2592"/>
          <property name="File/ImageWidth" value="3872"/>
          <property name="System/FileModifyDate" value="2016:06:21 00:52:54"/>
          <property name="System/FileSize" value="2757418"/>
        </meta>
      </photo>
    </camera>
    <camera camera_id="52">
      <photo path="../../../images/DSC_0054.JPG">
        <meta>
          <property name="Exif/DateTime" value="2016:06:21 00:52:59"/>
          <property name="Exif/DateTimeOriginal" value="2016:06:21 00:52:59"/>
          <property name="Exif/ExposureTime" value="0.0333333333333333"/>
          <property name="Exif/FNumber" value="4.5"/>
          <property name="Exif/FocalLength" value="30"/>
          <property name="Exif/FocalLengthIn35mmFilm" value="45"/>
          <property name="Exif/ISOSpeedRatings" value="1100"/>
          <property name="Exif/Make" value="NIKON CORPORATION"/>
          <property name="Exif/Model" value="NIKON D3000"/>
          <property name="Exif/Orientation" value="1"/>
          <property name="Exif/Software" value="Ver.1.00 "/>
          <property name="File/ImageHeight" value="2592"/>
          <property name="File/ImageWidth" value="3872"/>
          <property name="System/FileModifyDate" value="2016:06:21 00:53:00"/>
          <property name="System/FileSize" value="2700878"/>
        </meta>
      </photo>
    </camera>
    <camera camera_id="53">
      <photo path="../../../images/DSC_0055.JPG">
        <meta>
          <property name="Exif/DateTime" value="2016:06:21 00:53:04"/>
          <property name="Exif/DateTimeOriginal" value="2016:06:21 00:53:04"/>
          <property name="Exif/ExposureTime" value="0.0333333333333333"/>
          <property name="Exif/FNumber" value="4.5"/>
          <property name="Exif/FocalLength" value="30"/>
          <property name="Exif/FocalLengthIn35mmFilm" value="45"/>
          <property name="Exif/ISOSpeedRatings" value="1100"/>
          <property name="Exif/Make" value="NIKON CORPORATION"/>
          <property name="Exif/Model" value="NIKON D3000"/>
          <property name="Exif/Orientation" value="1"/>
          <property name="Exif/Software" value="Ver.1.00 "/>
          <property name="File/ImageHeight" value="2592"/>
          <property name="File/ImageWidth" value="3872"/>
          <property name="System/FileModifyDate" value="2016:06:21 00:53:06"/>
          <property name="System/FileSize" value="2719613"/>
        </meta>
      </photo>
    </camera>
    <camera camera_id="54">
      <photo path="../../../images/DSC_0056.JPG">
        <meta>
          <property name="Exif/DateTime" value="2016:06:21 00:53:14"/>
          <property name="Exif/DateTimeOriginal" value="2016:06:21 00:53:14"/>
          <property name="Exif/ExposureTime" value="0.0333333333333333"/>
          <property name="Exif/FNumber" value="4.5"/>
          <property name="Exif/FocalLength" value="30"/>
          <property name="Exif/FocalLengthIn35mmFilm" value="45"/>
          <property name="Exif/ISOSpeedRatings" value="1100"/>
          <property name="Exif/Make" value="NIKON CORPORATION"/>
          <property name="Exif/Model" value="NIKON D3000"/>
          <property name="Exif/Orientation" value="1"/>
          <property name="Exif/Software" value="Ver.1.00 "/>
          <property name="File/ImageHeight" value="2592"/>
          <property name="File/ImageWidth" value="3872"/>
          <property name="System/FileModifyDate" value="2016:06:21 00:53:14"/>
          <property name="System/FileSize" value="2749520"/>
        </meta>
      </photo>
    </camera>
    <camera camera_id="55">
      <photo path="../../../images/DSC_0057.JPG">
        <meta>
          <property name="Exif/DateTime" value="2016:06:21 00:53:26"/>
          <property name="Exif/DateTimeOriginal" value="2016:06:21 00:53:26"/>
          <property name="Exif/ExposureTime" value="0.0333333333333333"/>
          <property name="Exif/FNumber" value="4.5"/>
          <property name="Exif/FocalLength" value="30"/>
          <property name="Exif/FocalLengthIn35mmFilm" value="45"/>
          <property name="Exif/ISOSpeedRatings" value="1000"/>
          <property name="Exif/Make" value="NIKON CORPORATION"/>
          <property name="Exif/Model" value="NIKON D3000"/>
          <property name="Exif/Orientation" value="1"/>
          <property name="Exif/Software" value="Ver.1.00 "/>
          <property name="File/ImageHeight" value="2592"/>
          <property name="File/ImageWidth" value="3872"/>
          <property name="System/FileModifyDate" value="2016:06:21 00:53:28"/>
          <property name="System/FileSize" value="2735882"/>
        </meta>
      </photo>
    </camera>
    <camera camera_id="57">
      <photo path="../../../images/DSC_0059.JPG">
        <meta>
          <property name="Exif/DateTime" value="2016:06:21 00:53:39"/>
          <property name="Exif/DateTimeOriginal" value="2016:06:21 00:53:39"/>
          <property name="Exif/ExposureTime" value="0.0333333333333333"/>
          <property name="Exif/FNumber" value="4.5"/>
          <property name="Exif/FocalLength" value="30"/>
          <property name="Exif/FocalLengthIn35mmFilm" value="45"/>
          <property name="Exif/ISOSpeedRatings" value="1000"/>
          <property name="Exif/Make" value="NIKON CORPORATION"/>
          <property name="Exif/Model" value="NIKON D3000"/>
          <property name="Exif/Orientation" value="1"/>
          <property name="Exif/Software" value="Ver.1.00 "/>
          <property name="File/ImageHeight" value="2592"/>
          <property name="File/ImageWidth" value="3872"/>
          <property name="System/FileModifyDate" value="2016:06:21 00:53:40"/>
          <property name="System/FileSize" value="2722682"/>
        </meta>
      </photo>
    </camera>
    <camera camera_id="58">
      <photo path="../../../images/DSC_0060.JPG">
        <meta>
          <property name="Exif/DateTime" value="2016:06:21 00:53:43"/>
          <property name="Exif/DateTimeOriginal" value="2016:06:21 00:53:43"/>
          <property name="Exif/ExposureTime" value="0.0333333333333333"/>
          <property name="Exif/FNumber" value="4.5"/>
          <property name="Exif/FocalLength" value="30"/>
          <property name="Exif/FocalLengthIn35mmFilm" value="45"/>
          <property name="Exif/ISOSpeedRatings" value="1000"/>
          <property name="Exif/Make" value="NIKON CORPORATION"/>
          <property name="Exif/Model" value="NIKON D3000"/>
          <property name="Exif/Orientation" value="1"/>
          <property name="Exif/Software" value="Ver.1.00 "/>
          <property name="File/ImageHeight" value="2592"/>
          <property name="File/ImageWidth" value="3872"/>
          <property name="System/FileModifyDate" value="2016:06:21 00:53:44"/>
          <property name="System/FileSize" value="2736432"/>
        </meta>
      </photo>
    </camera>
    <camera camera_id="59">
      <photo path="../../../images/DSC_0061.JPG">
        <meta>
          <property name="Exif/DateTime" value="2016:06:21 00:53:46"/>
          <property name="Exif/DateTimeOriginal" value="2016:06:21 00:53:46"/>
          <property name="Exif/ExposureTime" value="0.0333333333333333"/>
          <property name="Exif/FNumber" value="4.5"/>
          <property name="Exif/FocalLength" value="30"/>
          <property name="Exif/FocalLengthIn35mmFilm" value="45"/>
          <property name="Exif/ISOSpeedRatings" value="1000"/>
          <property name="Exif/Make" value="NIKON CORPORATION"/>
          <property name="Exif/Model" value="NIKON D3000"/>
          <property name="Exif/Orientation" value="1"/>
          <property name="Exif/Software" value="Ver.1.00 "/>
          <property name="File/ImageHeight" value="2592"/>
          <property name="File/ImageWidth" value="3872"/>
          <property name="System/FileModifyDate" value="2016:06:21 00:53:48"/>
          <property name="System/FileSize" value="2719726"/>
        </meta>
      </photo>
    </camera>
    <camera camera_id="60">
      <photo path="../../../images/DSC_0062.JPG">
        <meta>
          <property name="Exif/DateTime" value="2016:06:21 00:53:50"/>
          <property name="Exif/DateTimeOriginal" value="2016:06:21 00:53:50"/>
          <property name="Exif/ExposureTime" value="0.0333333333333333"/>
          <property name="Exif/FNumber" value="4.5"/>
          <property name="Exif/FocalLength" value="30"/>
          <property name="Exif/FocalLengthIn35mmFilm" value="45"/>
          <property name="Exif/ISOSpeedRatings" value="1000"/>
          <property name="Exif/Make" value="NIKON CORPORATION"/>
          <property name="Exif/Model" value="NIKON D3000"/>
          <property name="Exif/Orientation" value="1"/>
          <property name="Exif/Software" value="Ver.1.00 "/>
          <property name="File/ImageHeight" value="2592"/>
          <property name="File/ImageWidth" value="3872"/>
          <property name="System/FileModifyDate" value="2016:06:21 00:53:50"/>
          <property name="System/FileSize" value="2720279"/>
        </meta>
      </photo>
    </camera>
    <camera camera_id="61">
      <photo path="../../../images/DSC_0063.JPG">
        <meta>
          <property name="Exif/DateTime" value="2016:06:21 00:53:54"/>
          <property name="Exif/DateTimeOriginal" value="2016:06:21 00:53:54"/>
          <property name="Exif/ExposureTime" value="0.0333333333333333"/>
          <property name="Exif/FNumber" value="4.5"/>
          <property name="Exif/FocalLength" value="30"/>
          <property name="Exif/FocalLengthIn35mmFilm" value="45"/>
          <property name="Exif/ISOSpeedRatings" value="1000"/>
          <property name="Exif/Make" value="NIKON CORPORATION"/>
          <property name="Exif/Model" value="NIKON D3000"/>
          <property name="Exif/Orientation" value="1"/>
          <property name="Exif/Software" value="Ver.1.00 "/>
          <property name="File/ImageHeight" value="2592"/>
          <property name="File/ImageWidth" value="3872"/>
          <property name="System/FileModifyDate" value="2016:06:21 00:53:56"/>
          <property name="System/FileSize" value="2752522"/>
        </meta>
      </photo>
    </camera>
    <camera camera_id="62">
      <photo path="../../../images/DSC_0064.JPG">
        <meta>
          <property name="Exif/DateTime" value="2016:06:21 00:53:58"/>
          <property name="Exif/DateTimeOriginal" value="2016:06:21 00:53:58"/>
          <property name="Exif/ExposureTime" value="0.0333333333333333"/>
          <property name="Exif/FNumber" value="4.5"/>
          <property name="Exif/FocalLength" value="30"/>
          <property name="Exif/FocalLengthIn35mmFilm" value="45"/>
          <property name="Exif/ISOSpeedRatings" value="1100"/>
          <property name="Exif/Make" value="NIKON CORPORATION"/>
          <property name="Exif/Model" value="NIKON D3000"/>
          <property name="Exif/Orientation" value="1"/>
          <property name="Exif/Software" value="Ver.1.00 "/>
          <property name="File/ImageHeight" value="2592"/>
          <property name="File/ImageWidth" value="3872"/>
          <property name="System/FileModifyDate" value="2016:06:21 00:54:00"/>
          <property name="System/FileSize" value="2692854"/>
        </meta>
      </photo>
    </camera>
    <camera camera_id="63">
      <photo path="../../../images/DSC_0065.JPG">
        <meta>
          <property name="Exif/DateTime" value="2016:06:21 00:54:02"/>
          <property name="Exif/DateTimeOriginal" value="2016:06:21 00:54:02"/>
          <property name="Exif/ExposureTime" value="0.0333333333333333"/>
          <property name="Exif/FNumber" value="4.5"/>
          <property name="Exif/FocalLength" value="30"/>
          <property name="Exif/FocalLengthIn35mmFilm" value="45"/>
          <property name="Exif/ISOSpeedRatings" value="1100"/>
          <property name="Exif/Make" value="NIKON CORPORATION"/>
          <property name="Exif/Model" value="NIKON D3000"/>
          <property name="Exif/Orientation" value="1"/>
          <property name="Exif/Software" value="Ver.1.00 "/>
          <property name="File/ImageHeight" value="2592"/>
          <property name="File/ImageWidth" value="3872"/>
          <property name="System/FileModifyDate" value="2016:06:21 00:54:04"/>
          <property name="System/FileSize" value="2755587"/>
        </meta>
      </photo>
    </camera>
    <camera camera_id="64">
      <photo path="../../../images/DSC_0065.JPG">
        <meta>
          <property name="Exif/DateTime" value="2016:06:21 00:54:02"/>
          <property name="Exif/DateTimeOriginal" value="2016:06:21 00:54:02"/>
          <property name="Exif/ExposureTime" value="0.0333333333333333"/>
          <property name="Exif/FNumber" value="4.5"/>
          <property name="Exif/FocalLength" value="30"/>
          <property name="Exif/FocalLengthIn35mmFilm" value="45"/>
          <property name="Exif/ISOSpeedRatings" value="1100"/>
          <property name="Exif/Make" value="NIKON CORPORATION"/>
          <property name="Exif/Model" value="NIKON D3000"/>
          <property name="Exif/Orientation" value="1"/>
          <property name="Exif/Software" value="Ver.1.00 "/>
          <property name="File/ImageHeight" value="2592"/>
          <property name="File/ImageWidth" value="3872"/>
          <property name="System/FileModifyDate" value="2016:06:21 00:54:04"/>
          <property name="System/FileSize" value="2755587"/>
        </meta>
      </photo>
    </camera>
    <camera camera_id="65">
      <photo path="../../../images/DSC_0066.JPG">
        <meta>
          <property name="Exif/DateTime" value="2016:06:21 00:54:07"/>
          <property name="Exif/DateTimeOriginal" value="2016:06:21 00:54:07"/>
          <property name="Exif/ExposureTime" value="0.0333333333333333"/>
          <property name="Exif/FNumber" value="4.5"/>
          <property name="Exif/FocalLength" value="30"/>
          <property name="Exif/FocalLengthIn35mmFilm" value="45"/>
          <property name="Exif/ISOSpeedRatings" value="1000"/>
          <property name="Exif/Make" value="NIKON CORPORATION"/>
          <property name="Exif/Model" value="NIKON D3000"/>
          <property name="Exif/Orientation" value="1"/>
          <property name="Exif/Software" value="Ver.1.00 "/>
          <property name="File/ImageHeight" value="2592"/>
          <property name="File/ImageWidth" value="3872"/>
          <property name="System/FileModifyDate" value="2016:06:21 00:54:08"/>
          <property name="System/FileSize" value="2714299"/>
        </meta>
      </photo>
    </camera>
    <camera camera_id="66">
      <photo path="../../../images/DSC_0067.JPG">
        <meta>
          <property name="Exif/DateTime" value="2016:06:21 00:54:11"/>
          <property name="Exif/DateTimeOriginal" value="2016:06:21 00:54:11"/>
          <property name="Exif/ExposureTime" value="0.0333333333333333"/>
          <property name="Exif/FNumber" value="4.5"/>
          <property name="Exif/FocalLength" value="30"/>
          <property name="Exif/FocalLengthIn35mmFilm" value="45"/>
          <property name="Exif/ISOSpeedRatings" value="1000"/>
          <property name="Exif/Make" value="NIKON CORPORATION"/>
          <property name="Exif/Model" value="NIKON D3000"/>
          <property name="Exif/Orientation" value="1"/>
          <property name="Exif/Software" value="Ver.1.00 "/>
          <property name="File/ImageHeight" value="2592"/>
          <property name="File/ImageWidth" value="3872"/>
          <property name="System/FileModifyDate" value="2016:06:21 00:54:12"/>
          <property name="System/FileSize" value="2780647"/>
        </meta>
      </photo>
    </camera>
    <camera camera_id="67">
      <photo path="../../../images/DSC_0068.JPG">
        <meta>
          <property name="Exif/DateTime" value="2016:06:21 00:54:21"/>
          <property name="Exif/DateTimeOriginal" value="2016:06:21 00:54:21"/>
          <property name="Exif/ExposureTime" value="0.0333333333333333"/>
          <property name="Exif/FNumber" value="4.5"/>
          <property name="Exif/FocalLength" value="30"/>
          <property name="Exif/FocalLengthIn35mmFilm" value="45"/>
          <property name="Exif/ISOSpeedRatings" value="1000"/>
          <property name="Exif/Make" value="NIKON CORPORATION"/>
          <property name="Exif/Model" value="NIKON D3000"/>
          <property name="Exif/Orientation" value="1"/>
          <property name="Exif/Software" value="Ver.1.00 "/>
          <property name="File/ImageHeight" value="2592"/>
          <property name="File/ImageWidth" value="3872"/>
          <property name="System/FileModifyDate" value="2016:06:21 00:54:22"/>
          <property name="System/FileSize" value="2717583"/>
        </meta>
      </photo>
    </camera>
    <camera camera_id="68">
      <photo path="../../../images/DSC_0069.JPG">
        <meta>
          <property name="Exif/DateTime" value="2016:06:21 00:54:25"/>
          <property name="Exif/DateTimeOriginal" value="2016:06:21 00:54:25"/>
          <property name="Exif/ExposureTime" value="0.0333333333333333"/>
          <property name="Exif/FNumber" value="4.5"/>
          <property name="Exif/FocalLength" value="30"/>
          <property name="Exif/FocalLengthIn35mmFilm" value="45"/>
          <property name="Exif/ISOSpeedRatings" value="1000"/>
          <property name="Exif/Make" value="NIKON CORPORATION"/>
          <property name="Exif/Model" value="NIKON D3000"/>
          <property name="Exif/Orientation" value="1"/>
          <property name="Exif/Software" value="Ver.1.00 "/>
          <property name="File/ImageHeight" value="2592"/>
          <property name="File/ImageWidth" value="3872"/>
          <property name="System/FileModifyDate" value="2016:06:21 00:54:26"/>
          <property name="System/FileSize" value="2713537"/>
        </meta>
      </photo>
    </camera>
    <camera camera_id="0">
      <photo path="../../../images/DSC_0182.JPG">
        <meta>
          <property name="Exif/DateTime" value="2016:06:21 01:05:15"/>
          <property name="Exif/DateTimeOriginal" value="2016:06:21 01:05:15"/>
          <property name="Exif/ExposureTime" value="0.0333333333333333"/>
          <property name="Exif/FNumber" value="4.5"/>
          <property name="Exif/FocalLength" value="30"/>
          <property name="Exif/FocalLengthIn35mmFilm" value="45"/>
          <property name="Exif/ISOSpeedRatings" value="1000"/>
          <property name="Exif/Make" value="NIKON CORPORATION"/>
          <property name="Exif/Model" value="NIKON D3000"/>
          <property name="Exif/Orientation" value="1"/>
          <property name="Exif/Software" value="Ver.1.00 "/>
          <property name="File/ImageHeight" value="2592"/>
          <property name="File/ImageWidth" value="3872"/>
          <property name="System/FileModifyDate" value="2016:06:21 01:05:16"/>
          <property name="System/FileSize" value="2695387"/>
        </meta>
      </photo>
    </camera>
    <camera camera_id="1">
      <photo path="../../../images/DSC_0183.JPG">
        <meta>
          <property name="Exif/DateTime" value="2016:06:21 01:05:21"/>
          <property name="Exif/DateTimeOriginal" value="2016:06:21 01:05:21"/>
          <property name="Exif/ExposureTime" value="0.0333333333333333"/>
          <property name="Exif/FNumber" value="4.5"/>
          <property name="Exif/FocalLength" value="30"/>
          <property name="Exif/FocalLengthIn35mmFilm" value="45"/>
          <property name="Exif/ISOSpeedRatings" value="1100"/>
          <property name="Exif/Make" value="NIKON CORPORATION"/>
          <property name="Exif/Model" value="NIKON D3000"/>
          <property name="Exif/Orientation" value="1"/>
          <property name="Exif/Software" value="Ver.1.00 "/>
          <property name="File/ImageHeight" value="2592"/>
          <property name="File/ImageWidth" value="3872"/>
          <property name="System/FileModifyDate" value="2016:06:21 01:05:22"/>
          <property name="System/FileSize" value="2744266"/>
        </meta>
      </photo>
    </camera>
    <camera camera_id="2">
      <photo path="../../../images/DSC_0184.JPG">
        <meta>
          <property name="Exif/DateTime" value="2016:06:21 01:05:26"/>
          <property name="Exif/DateTimeOriginal" value="2016:06:21 01:05:26"/>
          <property name="Exif/ExposureTime" value="0.0333333333333333"/>
          <property name="Exif/FNumber" value="4.5"/>
          <property name="Exif/FocalLength" value="30"/>
          <property name="Exif/FocalLengthIn35mmFilm" value="45"/>
          <property name="Exif/ISOSpeedRatings" value="1100"/>
          <property name="Exif/Make" value="NIKON CORPORATION"/>
          <property name="Exif/Model" value="NIKON D3000"/>
          <property name="Exif/Orientation" value="1"/>
          <property name="Exif/Software" value="Ver.1.00 "/>
          <property name="File/ImageHeight" value="2592"/>
          <property name="File/ImageWidth" value="3872"/>
          <property name="System/FileModifyDate" value="2016:06:21 01:05:26"/>
          <property name="System/FileSize" value="2806566"/>
        </meta>
      </photo>
    </camera>
    <camera camera_id="3">
      <photo path="../../../images/DSC_0185.JPG">
        <meta>
          <property name="Exif/DateTime" value="2016:06:21 01:05:30"/>
          <property name="Exif/DateTimeOriginal" value="2016:06:21 01:05:30"/>
          <property name="Exif/ExposureTime" value="0.0333333333333333"/>
          <property name="Exif/FNumber" value="4.5"/>
          <property name="Exif/FocalLength" value="30"/>
          <property name="Exif/FocalLengthIn35mmFilm" value="45"/>
          <property name="Exif/ISOSpeedRatings" value="1100"/>
          <property name="Exif/Make" value="NIKON CORPORATION"/>
          <property name="Exif/Model" value="NIKON D3000"/>
          <property name="Exif/Orientation" value="1"/>
          <property name="Exif/Software" value="Ver.1.00 "/>
          <property name="File/ImageHeight" value="2592"/>
          <property name="File/ImageWidth" value="3872"/>
          <property name="System/FileModifyDate" value="2016:06:21 01:05:30"/>
          <property name="System/FileSize" value="2809325"/>
        </meta>
      </photo>
    </camera>
    <camera camera_id="4">
      <photo path="../../../images/DSC_0186.JPG">
        <meta>
          <property name="Exif/DateTime" value="2016:06:21 01:05:34"/>
          <property name="Exif/DateTimeOriginal" value="2016:06:21 01:05:34"/>
          <property name="Exif/ExposureTime" value="0.0333333333333333"/>
          <property name="Exif/FNumber" value="4.5"/>
          <property name="Exif/FocalLength" value="30"/>
          <property name="Exif/FocalLengthIn35mmFilm" value="45"/>
          <property name="Exif/ISOSpeedRatings" value="1100"/>
          <property name="Exif/Make" value="NIKON CORPORATION"/>
          <property name="Exif/Model" value="NIKON D3000"/>
          <property name="Exif/Orientation" value="1"/>
          <property name="Exif/Software" value="Ver.1.00 "/>
          <property name="File/ImageHeight" value="2592"/>
          <property name="File/ImageWidth" value="3872"/>
          <property name="System/FileModifyDate" value="2016:06:21 01:05:34"/>
          <property name="System/FileSize" value="2745516"/>
        </meta>
      </photo>
    </camera>
    <camera camera_id="5">
      <photo path="../../../images/DSC_0187.JPG">
        <meta>
          <property name="Exif/DateTime" value="2016:06:21 01:05:38"/>
          <property name="Exif/DateTimeOriginal" value="2016:06:21 01:05:38"/>
          <property name="Exif/ExposureTime" value="0.0333333333333333"/>
          <property name="Exif/FNumber" value="4.5"/>
          <property name="Exif/FocalLength" value="30"/>
          <property name="Exif/FocalLengthIn35mmFilm" value="45"/>
          <property name="Exif/ISOSpeedRatings" value="1100"/>
          <property name="Exif/Make" value="NIKON CORPORATION"/>
          <property name="Exif/Model" value="NIKON D3000"/>
          <property name="Exif/Orientation" value="1"/>
          <property name="Exif/Software" value="Ver.1.00 "/>
          <property name="File/ImageHeight" value="2592"/>
          <property name="File/ImageWidth" value="3872"/>
          <property name="System/FileModifyDate" value="2016:06:21 01:05:38"/>
          <property name="System/FileSize" value="2748057"/>
        </meta>
      </photo>
    </camera>
    <camera camera_id="6">
      <photo path="../../../images/DSC_0188.JPG">
        <meta>
          <property name="Exif/DateTime" value="2016:06:21 01:05:43"/>
          <property name="Exif/DateTimeOriginal" value="2016:06:21 01:05:43"/>
          <property name="Exif/ExposureTime" value="0.0333333333333333"/>
          <property name="Exif/FNumber" value="4.5"/>
          <property name="Exif/FocalLength" value="30"/>
          <property name="Exif/FocalLengthIn35mmFilm" value="45"/>
          <property name="Exif/ISOSpeedRatings" value="1250"/>
          <property name="Exif/Make" value="NIKON CORPORATION"/>
          <property name="Exif/Model" value="NIKON D3000"/>
          <property name="Exif/Orientation" value="1"/>
          <property name="Exif/Software" value="Ver.1.00 "/>
          <property name="File/ImageHeight" value="2592"/>
          <property name="File/ImageWidth" value="3872"/>
          <property name="System/FileModifyDate" value="2016:06:21 01:05:44"/>
          <property name="System/FileSize" value="2717582"/>
        </meta>
      </photo>
    </camera>
    <camera camera_id="7">
      <photo path="../../../images/DSC_0189.JPG">
        <meta>
          <property name="Exif/DateTime" value="2016:06:21 01:05:47"/>
          <property name="Exif/DateTimeOriginal" value="2016:06:21 01:05:47"/>
          <property name="Exif/ExposureTime" value="0.0333333333333333"/>
          <property name="Exif/FNumber" value="4.5"/>
          <property name="Exif/FocalLength" value="30"/>
          <property name="Exif/FocalLengthIn35mmFilm" value="45"/>
          <property name="Exif/ISOSpeedRatings" value="1250"/>
          <property name="Exif/Make" value="NIKON CORPORATION"/>
          <property name="Exif/Model" value="NIKON D3000"/>
          <property name="Exif/Orientation" value="1"/>
          <property name="Exif/Software" value="Ver.1.00 "/>
          <property name="File/ImageHeight" value="2592"/>
          <property name="File/ImageWidth" value="3872"/>
          <property name="System/FileModifyDate" value="2016:06:21 01:05:48"/>
          <property name="System/FileSize" value="2768663"/>
        </meta>
      </photo>
    </camera>
    <camera camera_id="8">
      <photo path="../../../images/DSC_0190.JPG">
        <meta>
          <property name="Exif/DateTime" value="2016:06:21 01:05:51"/>
          <property name="Exif/DateTimeOriginal" value="2016:06:21 01:05:51"/>
          <property name="Exif/ExposureTime" value="0.0333333333333333"/>
          <property name="Exif/FNumber" value="4.5"/>
          <property name="Exif/FocalLength" value="30"/>
          <property name="Exif/FocalLengthIn35mmFilm" value="45"/>
          <property name="Exif/ISOSpeedRatings" value="1100"/>
          <property name="Exif/Make" value="NIKON CORPORATION"/>
          <property name="Exif/Model" value="NIKON D3000"/>
          <property name="Exif/Orientation" value="1"/>
          <property name="Exif/Software" value="Ver.1.00 "/>
          <property name="File/ImageHeight" value="2592"/>
          <property name="File/ImageWidth" value="3872"/>
          <property name="System/FileModifyDate" value="2016:06:21 01:05:52"/>
          <property name="System/FileSize" value="2731725"/>
        </meta>
      </photo>
    </camera>
    <camera camera_id="9">
      <photo path="../../../images/DSC_0191.JPG">
        <meta>
          <property name="Exif/DateTime" value="2016:06:21 01:05:56"/>
          <property name="Exif/DateTimeOriginal" value="2016:06:21 01:05:56"/>
          <property name="Exif/ExposureTime" value="0.0333333333333333"/>
          <property name="Exif/FNumber" value="4.5"/>
          <property name="Exif/FocalLength" value="30"/>
          <property name="Exif/FocalLengthIn35mmFilm" value="45"/>
          <property name="Exif/ISOSpeedRatings" value="1100"/>
          <property name="Exif/Make" value="NIKON CORPORATION"/>
          <property name="Exif/Model" value="NIKON D3000"/>
          <property name="Exif/Orientation" value="1"/>
          <property name="Exif/Software" value="Ver.1.00 "/>
          <property name="File/ImageHeight" value="2592"/>
          <property name="File/ImageWidth" value="3872"/>
          <property name="System/FileModifyDate" value="2016:06:21 01:05:56"/>
          <property name="System/FileSize" value="2816839"/>
        </meta>
      </photo>
    </camera>
    <camera camera_id="10">
      <photo path="../../../images/DSC_0192.JPG">
        <meta>
          <property name="Exif/DateTime" value="2016:06:21 01:05:59"/>
          <property name="Exif/DateTimeOriginal" value="2016:06:21 01:05:59"/>
          <property name="Exif/ExposureTime" value="0.0333333333333333"/>
          <property name="Exif/FNumber" value="4.5"/>
          <property name="Exif/FocalLength" value="30"/>
          <property name="Exif/FocalLengthIn35mmFilm" value="45"/>
          <property name="Exif/ISOSpeedRatings" value="1100"/>
          <property name="Exif/Make" value="NIKON CORPORATION"/>
          <property name="Exif/Model" value="NIKON D3000"/>
          <property name="Exif/Orientation" value="1"/>
          <property name="Exif/Software" value="Ver.1.00 "/>
          <property name="File/ImageHeight" value="2592"/>
          <property name="File/ImageWidth" value="3872"/>
          <property name="System/FileModifyDate" value="2016:06:21 01:06:00"/>
          <property name="System/FileSize" value="2753686"/>
        </meta>
      </photo>
    </camera>
    <camera camera_id="11">
      <photo path="../../../images/DSC_0193.JPG">
        <meta>
          <property name="Exif/DateTime" value="2016:06:21 01:06:04"/>
          <property name="Exif/DateTimeOriginal" value="2016:06:21 01:06:04"/>
          <property name="Exif/ExposureTime" value="0.0333333333333333"/>
          <property name="Exif/FNumber" value="4.5"/>
          <property name="Exif/FocalLength" value="30"/>
          <property name="Exif/FocalLengthIn35mmFilm" value="45"/>
          <property name="Exif/ISOSpeedRatings" value="1100"/>
          <property name="Exif/Make" value="NIKON CORPORATION"/>
          <property name="Exif/Model" value="NIKON D3000"/>
          <property name="Exif/Orientation" value="1"/>
          <property name="Exif/Software" value="Ver.1.00 "/>
          <property name="File/ImageHeight" value="2592"/>
          <property name="File/ImageWidth" value="3872"/>
          <property name="System/FileModifyDate" value="2016:06:21 01:06:06"/>
          <property name="System/FileSize" value="2734225"/>
        </meta>
      </photo>
    </camera>
    <camera camera_id="12">
      <photo path="../../../images/DSC_0194.JPG">
        <meta>
          <property name="Exif/DateTime" value="2016:06:21 01:06:09"/>
          <property name="Exif/DateTimeOriginal" value="2016:06:21 01:06:09"/>
          <property name="Exif/ExposureTime" value="0.0333333333333333"/>
          <property name="Exif/FNumber" value="4.5"/>
          <property name="Exif/FocalLength" value="30"/>
          <property name="Exif/FocalLengthIn35mmFilm" value="45"/>
          <property name="Exif/ISOSpeedRatings" value="1100"/>
          <property name="Exif/Make" value="NIKON CORPORATION"/>
          <property name="Exif/Model" value="NIKON D3000"/>
          <property name="Exif/Orientation" value="1"/>
          <property name="Exif/Software" value="Ver.1.00 "/>
          <property name="File/ImageHeight" value="2592"/>
          <property name="File/ImageWidth" value="3872"/>
          <property name="System/FileModifyDate" value="2016:06:21 01:06:10"/>
          <property name="System/FileSize" value="2750946"/>
        </meta>
      </photo>
    </camera>
    <camera camera_id="13">
      <photo path="../../../images/DSC_0195.JPG">
        <meta>
          <property name="Exif/DateTime" value="2016:06:21 01:06:13"/>
          <property name="Exif/DateTimeOriginal" value="2016:06:21 01:06:13"/>
          <property name="Exif/ExposureTime" value="0.0333333333333333"/>
          <property name="Exif/FNumber" value="4.5"/>
          <property name="Exif/FocalLength" value="30"/>
          <property name="Exif/FocalLengthIn35mmFilm" value="45"/>
          <property name="Exif/ISOSpeedRatings" value="1000"/>
          <property name="Exif/Make" value="NIKON CORPORATION"/>
          <property name="Exif/Model" value="NIKON D3000"/>
          <property name="Exif/Orientation" value="1"/>
          <property name="Exif/Software" value="Ver.1.00 "/>
          <property name="File/ImageHeight" value="2592"/>
          <property name="File/ImageWidth" value="3872"/>
          <property name="System/FileModifyDate" value="2016:06:21 01:06:14"/>
          <property name="System/FileSize" value="2745642"/>
        </meta>
      </photo>
    </camera>
    <camera camera_id="14">
      <photo path="../../../images/DSC_0196.JPG">
        <meta>
          <property name="Exif/DateTime" value="2016:06:21 01:06:17"/>
          <property name="Exif/DateTimeOriginal" value="2016:06:21 01:06:17"/>
          <property name="Exif/ExposureTime" value="0.0333333333333333"/>
          <property name="Exif/FNumber" value="4.5"/>
          <property name="Exif/FocalLength" value="30"/>
          <property name="Exif/FocalLengthIn35mmFilm" value="45"/>
          <property name="Exif/ISOSpeedRatings" value="1000"/>
          <property name="Exif/Make" value="NIKON CORPORATION"/>
          <property name="Exif/Model" value="NIKON D3000"/>
          <property name="Exif/Orientation" value="1"/>
          <property name="Exif/Software" value="Ver.1.00 "/>
          <property name="File/ImageHeight" value="2592"/>
          <property name="File/ImageWidth" value="3872"/>
          <property name="System/FileModifyDate" value="2016:06:21 01:06:18"/>
          <property name="System/FileSize" value="2732187"/>
        </meta>
      </photo>
    </camera>
    <camera camera_id="15">
      <photo path="../../../images/DSC_0197.JPG">
        <meta>
          <property name="Exif/DateTime" value="2016:06:21 01:06:21"/>
          <property name="Exif/DateTimeOriginal" value="2016:06:21 01:06:21"/>
          <property name="Exif/ExposureTime" value="0.0333333333333333"/>
          <property name="Exif/FNumber" value="4.5"/>
          <property name="Exif/FocalLength" value="30"/>
          <property name="Exif/FocalLengthIn35mmFilm" value="45"/>
          <property name="Exif/ISOSpeedRatings" value="1000"/>
          <property name="Exif/Make" value="NIKON CORPORATION"/>
          <property name="Exif/Model" value="NIKON D3000"/>
          <property name="Exif/Orientation" value="1"/>
          <property name="Exif/Software" value="Ver.1.00 "/>
          <property name="File/ImageHeight" value="2592"/>
          <property name="File/ImageWidth" value="3872"/>
          <property name="System/FileModifyDate" value="2016:06:21 01:06:22"/>
          <property name="System/FileSize" value="2698089"/>
        </meta>
      </photo>
    </camera>
    <camera camera_id="16">
      <photo path="../../../images/DSC_0198.JPG">
        <meta>
          <property name="Exif/DateTime" value="2016:06:21 01:06:28"/>
          <property name="Exif/DateTimeOriginal" value="2016:06:21 01:06:28"/>
          <property name="Exif/ExposureTime" value="0.0333333333333333"/>
          <property name="Exif/FNumber" value="4.5"/>
          <property name="Exif/FocalLength" value="30"/>
          <property name="Exif/FocalLengthIn35mmFilm" value="45"/>
          <property name="Exif/ISOSpeedRatings" value="1100"/>
          <property name="Exif/Make" value="NIKON CORPORATION"/>
          <property name="Exif/Model" value="NIKON D3000"/>
          <property name="Exif/Orientation" value="1"/>
          <property name="Exif/Software" value="Ver.1.00 "/>
          <property name="File/ImageHeight" value="2592"/>
          <property name="File/ImageWidth" value="3872"/>
          <property name="System/FileModifyDate" value="2016:06:21 01:06:28"/>
          <property name="System/FileSize" value="2745375"/>
        </meta>
      </photo>
    </camera>
    <camera camera_id="17">
      <photo path="../../../images/DSC_0199.JPG">
        <meta>
          <property name="Exif/DateTime" value="2016:06:21 01:06:34"/>
          <property name="Exif/DateTimeOriginal" value="2016:06:21 01:06:34"/>
          <property name="Exif/ExposureTime" value="0.0333333333333333"/>
          <property name="Exif/FNumber" value="4.5"/>
          <property name="Exif/FocalLength" value="30"/>
          <property name="Exif/FocalLengthIn35mmFilm" value="45"/>
          <property name="Exif/ISOSpeedRatings" value="1100"/>
          <property name="Exif/Make" value="NIKON CORPORATION"/>
          <property name="Exif/Model" value="NIKON D3000"/>
          <property name="Exif/Orientation" value="1"/>
          <property name="Exif/Software" value="Ver.1.00 "/>
          <property name="File/ImageHeight" value="2592"/>
          <property name="File/ImageWidth" value="3872"/>
          <property name="System/FileModifyDate" value="2016:06:21 01:06:34"/>
          <property name="System/FileSize" value="2697269"/>
        </meta>
      </photo>
    </camera>
    <camera camera_id="18">
      <photo path="../../../images/DSC_0200.JPG">
        <meta>
          <property name="Exif/DateTime" value="2016:06:21 01:06:38"/>
          <property name="Exif/DateTimeOriginal" value="2016:06:21 01:06:38"/>
          <property name="Exif/ExposureTime" value="0.0333333333333333"/>
          <property name="Exif/FNumber" value="4.5"/>
          <property name="Exif/FocalLength" value="30"/>
          <property name="Exif/FocalLengthIn35mmFilm" value="45"/>
          <property name="Exif/ISOSpeedRatings" value="1100"/>
          <property name="Exif/Make" value="NIKON CORPORATION"/>
          <property name="Exif/Model" value="NIKON D3000"/>
          <property name="Exif/Orientation" value="1"/>
          <property name="Exif/Software" value="Ver.1.00 "/>
          <property name="File/ImageHeight" value="2592"/>
          <property name="File/ImageWidth" value="3872"/>
          <property name="System/FileModifyDate" value="2016:06:21 01:06:40"/>
          <property name="System/FileSize" value="2672665"/>
        </meta>
      </photo>
    </camera>
    <camera camera_id="19">
      <photo path="../../../images/DSC_0201.JPG">
        <meta>
          <property name="Exif/DateTime" value="2016:06:21 01:06:43"/>
          <property name="Exif/DateTimeOriginal" value="2016:06:21 01:06:43"/>
          <property name="Exif/ExposureTime" value="0.0333333333333333"/>
          <property name="Exif/FNumber" value="4.5"/>
          <property name="Exif/FocalLength" value="30"/>
          <property name="Exif/FocalLengthIn35mmFilm" value="45"/>
          <property name="Exif/ISOSpeedRatings" value="1100"/>
          <property name="Exif/Make" value="NIKON CORPORATION"/>
          <property name="Exif/Model" value="NIKON D3000"/>
          <property name="Exif/Orientation" value="1"/>
          <property name="Exif/Software" value="Ver.1.00 "/>
          <property name="File/ImageHeight" value="2592"/>
          <property name="File/ImageWidth" value="3872"/>
          <property name="System/FileModifyDate" value="2016:06:21 01:06:44"/>
          <property name="System/FileSize" value="2685816"/>
        </meta>
      </photo>
    </camera>
    <camera camera_id="20">
      <photo path="../../../images/DSC_0202.JPG">
        <meta>
          <property name="Exif/DateTime" value="2016:06:21 01:06:50"/>
          <property name="Exif/DateTimeOriginal" value="2016:06:21 01:06:50"/>
          <property name="Exif/ExposureTime" value="0.0333333333333333"/>
          <property name="Exif/FNumber" value="4.5"/>
          <property name="Exif/FocalLength" value="30"/>
          <property name="Exif/FocalLengthIn35mmFilm" value="45"/>
          <property name="Exif/ISOSpeedRatings" value="1100"/>
          <property name="Exif/Make" value="NIKON CORPORATION"/>
          <property name="Exif/Model" value="NIKON D3000"/>
          <property name="Exif/Orientation" value="1"/>
          <property name="Exif/Software" value="Ver.1.00 "/>
          <property name="File/ImageHeight" value="2592"/>
          <property name="File/ImageWidth" value="3872"/>
          <property name="System/FileModifyDate" value="2016:06:21 01:06:50"/>
          <property name="System/FileSize" value="2708393"/>
        </meta>
      </photo>
    </camera>
    <camera camera_id="21">
      <photo path="../../../images/DSC_0203.JPG">
        <meta>
          <property name="Exif/DateTime" value="2016:06:21 01:06:56"/>
          <property name="Exif/DateTimeOriginal" value="2016:06:21 01:06:56"/>
          <property name="Exif/ExposureTime" value="0.0333333333333333"/>
          <property name="Exif/FNumber" value="4.5"/>
          <property name="Exif/FocalLength" value="30"/>
          <property name="Exif/FocalLengthIn35mmFilm" value="45"/>
          <property name="Exif/ISOSpeedRatings" value="1100"/>
          <property name="Exif/Make" value="NIKON CORPORATION"/>
          <property name="Exif/Model" value="NIKON D3000"/>
          <property name="Exif/Orientation" value="1"/>
          <property name="Exif/Software" value="Ver.1.00 "/>
          <property name="File/ImageHeight" value="2592"/>
          <property name="File/ImageWidth" value="3872"/>
          <property name="System/FileModifyDate" value="2016:06:21 01:06:56"/>
          <property name="System/FileSize" value="2692532"/>
        </meta>
      </photo>
    </camera>
    <camera camera_id="22">
      <photo path="../../../images/DSC_0204.JPG">
        <meta>
          <property name="Exif/DateTime" value="2016:06:21 01:07:01"/>
          <property name="Exif/DateTimeOriginal" value="2016:06:21 01:07:01"/>
          <property name="Exif/ExposureTime" value="0.0333333333333333"/>
          <property name="Exif/FNumber" value="4.5"/>
          <property name="Exif/FocalLength" value="30"/>
          <property name="Exif/FocalLengthIn35mmFilm" value="45"/>
          <property name="Exif/ISOSpeedRatings" value="1100"/>
          <property name="Exif/Make" value="NIKON CORPORATION"/>
          <property name="Exif/Model" value="NIKON D3000"/>
          <property name="Exif/Orientation" value="1"/>
          <property name="Exif/Software" value="Ver.1.00 "/>
          <property name="File/ImageHeight" value="2592"/>
          <property name="File/ImageWidth" value="3872"/>
          <property name="System/FileModifyDate" value="2016:06:21 01:07:02"/>
          <property name="System/FileSize" value="2747612"/>
        </meta>
      </photo>
    </camera>
    <camera camera_id="23">
      <photo path="../../../images/DSC_0205.JPG">
        <meta>
          <property name="Exif/DateTime" value="2016:06:21 01:07:05"/>
          <property name="Exif/DateTimeOriginal" value="2016:06:21 01:07:05"/>
          <property name="Exif/ExposureTime" value="0.0333333333333333"/>
          <property name="Exif/FNumber" value="4.5"/>
          <property name="Exif/FocalLength" value="30"/>
          <property name="Exif/FocalLengthIn35mmFilm" value="45"/>
          <property name="Exif/ISOSpeedRatings" value="1100"/>
          <property name="Exif/Make" value="NIKON CORPORATION"/>
          <property name="Exif/Model" value="NIKON D3000"/>
          <property name="Exif/Orientation" value="1"/>
          <property name="Exif/Software" value="Ver.1.00 "/>
          <property name="File/ImageHeight" value="2592"/>
          <property name="File/ImageWidth" value="3872"/>
          <property name="System/FileModifyDate" value="2016:06:21 01:07:06"/>
          <property name="System/FileSize" value="2716733"/>
        </meta>
      </photo>
    </camera>
    <camera camera_id="24">
      <photo path="../../../images/DSC_0206.JPG">
        <meta>
          <property name="Exif/DateTime" value="2016:06:21 01:07:11"/>
          <property name="Exif/DateTimeOriginal" value="2016:06:21 01:07:11"/>
          <property name="Exif/ExposureTime" value="0.0333333333333333"/>
          <property name="Exif/FNumber" value="4.5"/>
          <property name="Exif/FocalLength" value="30"/>
          <property name="Exif/FocalLengthIn35mmFilm" value="45"/>
          <property name="Exif/ISOSpeedRatings" value="1100"/>
          <property name="Exif/Make" value="NIKON CORPORATION"/>
          <property name="Exif/Model" value="NIKON D3000"/>
          <property name="Exif/Orientation" value="1"/>
          <property name="Exif/Software" value="Ver.1.00 "/>
          <property name="File/ImageHeight" value="2592"/>
          <property name="File/ImageWidth" value="3872"/>
          <property name="System/FileModifyDate" value="2016:06:21 01:07:12"/>
          <property name="System/FileSize" value="2759433"/>
        </meta>
      </photo>
    </camera>
    <camera camera_id="25">
      <photo path="../../../images/DSC_0207.JPG">
        <meta>
          <property name="Exif/DateTime" value="2016:06:21 01:07:14"/>
          <property name="Exif/DateTimeOriginal" value="2016:06:21 01:07:14"/>
          <property name="Exif/ExposureTime" value="0.0333333333333333"/>
          <property name="Exif/FNumber" value="4.5"/>
          <property name="Exif/FocalLength" value="30"/>
          <property name="Exif/FocalLengthIn35mmFilm" value="45"/>
          <property name="Exif/ISOSpeedRatings" value="1100"/>
          <property name="Exif/Make" value="NIKON CORPORATION"/>
          <property name="Exif/Model" value="NIKON D3000"/>
          <property name="Exif/Orientation" value="1"/>
          <property name="Exif/Software" value="Ver.1.00 "/>
          <property name="File/ImageHeight" value="2592"/>
          <property name="File/ImageWidth" value="3872"/>
          <property name="System/FileModifyDate" value="2016:06:21 01:07:16"/>
          <property name="System/FileSize" value="2758763"/>
        </meta>
      </photo>
    </camera>
    <camera camera_id="26">
      <photo path="../../../images/DSC_0210.JPG">
        <meta>
          <property name="Exif/DateTime" value="2016:06:21 01:07:23"/>
          <property name="Exif/DateTimeOriginal" value="2016:06:21 01:07:23"/>
          <property name="Exif/ExposureTime" value="0.0333333333333333"/>
          <property name="Exif/FNumber" value="4.5"/>
          <property name="Exif/FocalLength" value="30"/>
          <property name="Exif/FocalLengthIn35mmFilm" value="45"/>
          <property name="Exif/ISOSpeedRatings" value="1000"/>
          <property name="Exif/Make" value="NIKON CORPORATION"/>
          <property name="Exif/Model" value="NIKON D3000"/>
          <property name="Exif/Orientation" value="1"/>
          <property name="Exif/Software" value="Ver.1.00 "/>
          <property name="File/ImageHeight" value="2592"/>
          <property name="File/ImageWidth" value="3872"/>
          <property name="System/FileModifyDate" value="2016:06:21 01:07:24"/>
          <property name="System/FileSize" value="2800183"/>
        </meta>
      </photo>
    </camera>
    <camera camera_id="27">
      <photo path="../../../images/DSC_0211.JPG">
        <meta>
          <property name="Exif/DateTime" value="2016:06:21 01:07:28"/>
          <property name="Exif/DateTimeOriginal" value="2016:06:21 01:07:28"/>
          <property name="Exif/ExposureTime" value="0.0333333333333333"/>
          <property name="Exif/FNumber" value="4.5"/>
          <property name="Exif/FocalLength" value="30"/>
          <property name="Exif/FocalLengthIn35mmFilm" value="45"/>
          <property name="Exif/ISOSpeedRatings" value="1000"/>
          <property name="Exif/Make" value="NIKON CORPORATION"/>
          <property name="Exif/Model" value="NIKON D3000"/>
          <property name="Exif/Orientation" value="1"/>
          <property name="Exif/Software" value="Ver.1.00 "/>
          <property name="File/ImageHeight" value="2592"/>
          <property name="File/ImageWidth" value="3872"/>
          <property name="System/FileModifyDate" value="2016:06:21 01:07:28"/>
          <property name="System/FileSize" value="2806705"/>
        </meta>
      </photo>
    </camera>
    <camera camera_id="28">
      <photo path="../../../images/DSC_0212.JPG">
        <meta>
          <property name="Exif/DateTime" value="2016:06:21 01:07:32"/>
          <property name="Exif/DateTimeOriginal" value="2016:06:21 01:07:32"/>
          <property name="Exif/ExposureTime" value="0.0333333333333333"/>
          <property name="Exif/FNumber" value="4.5"/>
          <property name="Exif/FocalLength" value="30"/>
          <property name="Exif/FocalLengthIn35mmFilm" value="45"/>
          <property name="Exif/ISOSpeedRatings" value="1000"/>
          <property name="Exif/Make" value="NIKON CORPORATION"/>
          <property name="Exif/Model" value="NIKON D3000"/>
          <property name="Exif/Orientation" value="1"/>
          <property name="Exif/Software" value="Ver.1.00 "/>
          <property name="File/ImageHeight" value="2592"/>
          <property name="File/ImageWidth" value="3872"/>
          <property name="System/FileModifyDate" value="2016:06:21 01:07:32"/>
          <property name="System/FileSize" value="2810460"/>
        </meta>
      </photo>
    </camera>
    <camera camera_id="29">
      <photo path="../../../images/DSC_0214.JPG">
        <meta>
          <property name="Exif/DateTime" value="2016:06:21 01:07:41"/>
          <property name="Exif/DateTimeOriginal" value="2016:06:21 01:07:41"/>
          <property name="Exif/ExposureTime" value="0.0333333333333333"/>
          <property name="Exif/FNumber" value="4.5"/>
          <property name="Exif/FocalLength" value="30"/>
          <property name="Exif/FocalLengthIn35mmFilm" value="45"/>
          <property name="Exif/ISOSpeedRatings" value="1100"/>
          <property name="Exif/Make" value="NIKON CORPORATION"/>
          <property name="Exif/Model" value="NIKON D3000"/>
          <property name="Exif/Orientation" value="1"/>
          <property name="Exif/Software" value="Ver.1.00 "/>
          <property name="File/ImageHeight" value="2592"/>
          <property name="File/ImageWidth" value="3872"/>
          <property name="System/FileModifyDate" value="2016:06:21 01:07:42"/>
          <property name="System/FileSize" value="2796658"/>
        </meta>
      </photo>
    </camera>
  </cameras>
  <markers>
    <marker marker_id="0">
      <location camera_id="1" pinned="true" x="1618.2223" y="1695.8499"/>
      <location camera_id="2" pinned="true" x="1685.5842" y="1700.6614"/>
    </marker>
    <marker marker_id="2">
      <location camera_id="1" pinned="true" x="1676.9235" y="1793.0436"/>
      <location camera_id="2" pinned="true" x="1738.5115" y="1794.0059"/>
    </marker>
    <marker marker_id="15">
      <location camera_id="0" pinned="true" x="1188.0144" y="1073.119"/>
      <location camera_id="1" pinned="true" x="1065.1021" y="1121.2529"/>
      <location camera_id="30" pinned="true" x="762.39612" y="1392.9335"/>
      <location camera_id="31" pinned="true" x="611.06042" y="1273.8497"/>
    </marker>
    <marker marker_id="9">
      <location camera_id="0" pinned="true" x="1188.052" y="1072.6902"/>
      <location camera_id="1" pinned="true" x="1065.5533" y="1121.4519"/>
      <location camera_id="30" pinned="true" x="762.39612" y="1392.5541"/>
      <location camera_id="31" pinned="true" x="611.06042" y="1273.4705"/>
    </marker>
    <marker marker_id="1">
      <location camera_id="1" pinned="true" x="1639.3932" y="1746.8525"/>
      <location camera_id="2" pinned="true" x="1705.7928" y="1750.7018"/>
    </marker>
    <marker marker_id="5">
      <location camera_id="17" pinned="true" x="1741.5931" y="1029.1967"/>
      <location camera_id="18" pinned="true" x="1624.5037" y="1053.9156"/>
      <location camera_id="30" pinned="true" x="2461.8838" y="1592.2826"/>
      <location camera_id="31" pinned="true" x="2323.3318" y="1533.3832"/>
    </marker>
    <marker marker_id="12">
      <location camera_id="17" pinned="true" x="1741.5931" y="1029.1967"/>
      <location camera_id="18" pinned="true" x="1624.5037" y="1054.2949"/>
      <location camera_id="30" pinned="true" x="2462.3672" y="1593.2352"/>
      <location camera_id="31" pinned="true" x="2322.8354" y="1533.1179"/>
    </marker>
    <marker marker_id="4">
      <location camera_id="16" pinned="true" x="1817.1741" y="1047.0398"/>
      <location camera_id="17" pinned="true" x="1702.5634" y="1061.7216"/>
      <location camera_id="18" pinned="true" x="1587.7131" y="1093.3611"/>
      <location camera_id="30" pinned="true" x="2499.345" y="1578.2346"/>
      <location camera_id="31" pinned="true" x="2370.6689" y="1516.9282"/>
    </marker>
    <marker marker_id="11">
      <location camera_id="17" pinned="true" x="1702.9062" y="1061.4358"/>
      <location camera_id="18" pinned="true" x="1587.3339" y="1092.9818"/>
      <location camera_id="30" pinned="true" x="2499.4766" y="1577.6493"/>
      <location camera_id="31" pinned="true" x="2371.0779" y="1516.7898"/>
    </marker>
    <marker marker_id="8">
      <location camera_id="0" pinned="true" x="2002.7278" y="1708.9697"/>
      <location camera_id="1" pinned="true" x="2241.7786" y="1682.8049"/>
    </marker>
    <marker marker_id="3">
      <location camera_id="1" pinned="true" x="1600.9006" y="1751.6641"/>
      <location camera_id="2" pinned="true" x="1659.6018" y="1759.3625"/>
    </marker>
    <marker marker_id="6">
      <location camera_id="20" pinned="true" x="1439.7621" y="1483.8945"/>
      <location camera_id="21" pinned="true" x="1452.1216" y="1539.1869"/>
      <location camera_id="45" pinned="true" x="1645.3512" y="1733.3947"/>
    </marker>
    <marker marker_id="14">
      <location camera_id="20" pinned="true" x="1440.1414" y="1483.8945"/>
      <location camera_id="21" pinned="true" x="1451.7423" y="1539.1869"/>
      <location camera_id="44" pinned="true" x="1779.4797" y="1806.6196"/>
      <location camera_id="45" pinned="true" x="1644.973" y="1733.6251"/>
    </marker>
    <marker marker_id="7">
      <location camera_id="20" pinned="true" x="1403.9847" y="1452.0201"/>
      <location camera_id="21" pinned="true" x="1414.3927" y="1508.6135"/>
      <location camera_id="43" pinned="true" x="1524.8552" y="1853.7076"/>
      <location camera_id="45" pinned="true" x="1594.5272" y="1733.7739"/>
    </marker>
    <marker marker_id="13">
      <location camera_id="20" pinned="true" x="1404.1095" y="1451.6554"/>
      <location camera_id="21" pinned="true" x="1414.5725" y="1508.8442"/>
      <location camera_id="43" pinned="true" x="1524.4091" y="1854.1891"/>
      <location camera_id="44" pinned="true" x="1724.5288" y="1811.5406"/>
      <location camera_id="45" pinned="true" x="1594.1229" y="1733.6251"/>
    </marker>
    <marker marker_id="10">
      <location camera_id="22" pinned="true" x="1942.97" y="1269.8633"/>
      <location camera_id="23" pinned="true" x="1962.2236" y="1283.2338"/>
      <location camera_id="37" pinned="true" x="1308.1494" y="1396.0188"/>
      <location camera_id="38" pinned="true" x="1207.775" y="1400.1254"/>
    </marker>
    <marker marker_id="16">
      <location camera_id="22" pinned="true" x="1942.9701" y="1269.8633"/>
      <location camera_id="23" pinned="true" x="1962.6029" y="1283.613"/>
      <location camera_id="37" pinned="true" x="1307.8369" y="1395.9034"/>
      <location camera_id="38" pinned="true" x="1207.5852" y="1400.0234"/>
    </marker>
    <marker marker_id="17">
      <location camera_id="38" pinned="true" x="1725.6788" y="1286.5421"/>
      <location camera_id="39" pinned="true" x="1724.0476" y="1301.8053"/>
      <location camera_id="40" pinned="true" x="2132.9829" y="1369.2705"/>
    </marker>
    <marker marker_id="18">
      <location camera_id="9" pinned="true" x="1925.424" y="1728.1349"/>
      <location camera_id="10" pinned="true" x="1937.402" y="1725.577"/>
    </marker>
    <marker marker_id="19">
      <location camera_id="34" pinned="true" x="3214.177" y="1857.2937"/>
      <location camera_id="38" pinned="true" x="1612.8635" y="2436.5505"/>
    </marker>
    <marker marker_id="20">
      <location camera_id="31" pinned="true" x="3257.6538" y="1521.4548"/>
      <location camera_id="34" pinned="true" x="3161.2183" y="1929.3174"/>
      <location camera_id="38" pinned="true" x="1287.7272" y="2442.1562"/>
    </marker>
    <marker marker_id="21">
      <location camera_id="37" pinned="true" x="1414.2942" y="638.74115"/>
      <location camera_id="38" pinned="true" x="1541.5848" y="641.28693"/>
    </marker>
    <marker marker_id="22">
      <location camera_id="30" pinned="true" x="3405.7224" y="1470.5066"/>
      <location camera_id="31" pinned="true" x="3392.9854" y="1440.256"/>
    </marker>
    <marker marker_id="23">
      <location camera_id="38" pinned="true" x="1576.6611" y="1261.9219"/>
      <location camera_id="39" pinned="true" x="1563.0552" y="1272.2883"/>
    </marker>
    <marker marker_id="24">
      <location camera_id="34" pinned="true" x="2776.7324" y="1768.7489"/>
      <location camera_id="35" pinned="true" x="2384.6035" y="1934.3145"/>
    </marker>
    <marker marker_id="25">
      <location camera_id="34" pinned="true" x="2585.2419" y="1790.5677"/>
      <location camera_id="35" pinned="true" x="2180.6519" y="1918.2737"/>
    </marker>
    <marker marker_id="26">
      <location camera_id="30" pinned="true" x="670.96698" y="941.17285"/>
      <location camera_id="31" pinned="true" x="494.28699" y="822.09796"/>
    </marker>
    <marker marker_id="27">
      <location camera_id="49" pinned="true" x="2281.2903" y="1154.0765"/>
      <location camera_id="50" pinned="true" x="2248.8477" y="1148.6694"/>
      <location camera_id="61" pinned="true" x="1971.0718" y="1016.4458"/>
    </marker>
    <marker marker_id="28">
      <location camera_id="50" pinned="true" x="2941.7324" y="1368.0444"/>
      <location camera_id="52" pinned="true" x="2706.9084" y="1436.0197"/>
    </marker>
    <marker marker_id="29">
      <location camera_id="31" pinned="true" x="340.59381" y="988.25598"/>
      <location camera_id="32" pinned="true" x="436.89029" y="938.15955"/>
    </marker>
    <marker marker_id="30">
      <location camera_id="57" pinned="true" x="2167.7329" y="1583.2957"/>
      <location camera_id="58" pinned="true" x="1882.6047" y="1554.2996"/>
    </marker>
    <marker marker_id="31">
      <location camera_id="64" pinned="true" x="1583.9224" y="1219.7029"/>
      <location camera_id="65" pinned="true" x="1254.6265" y="1187.5989"/>
    </marker>
    <marker marker_id="32">
      <location camera_id="21" pinned="true" x="3160.6536" y="1368.1702"/>
      <location camera_id="22" pinned="true" x="3305.0537" y="1280.8584"/>
    </marker>
    <marker marker_id="33">
      <location camera_id="39" pinned="true" x="1328.5967" y="726.17529"/>
      <location camera_id="40" pinned="true" x="1961.5199" y="744.50067"/>
    </marker>
    <marker marker_id="34">
      <location camera_id="39" pinned="true" x="1460.6757" y="737.01764"/>
      <location camera_id="40" pinned="true" x="2081.8145" y="776.24194"/>
    </marker>
    <marker marker_id="35">
      <location camera_id="61" pinned="true" x="1601.9872" y="1540.0632"/>
      <location camera_id="62" pinned="true" x="1466.641" y="1511.5736"/>
    </marker>
  </markers>
  <masks path="masks/masks.zip"/>
  <thumbnails path="thumbnails/thumbnails.zip"/>
  <point_cloud path="point_cloud/point_cloud.zip"/>
  <depth_maps path="depth_maps/depth_maps.zip"/>
  <dense_cloud path="dense_cloud.1/dense_cloud.zip"/>
</frame>
