<?xml version="1.0" encoding="UTF-8"?>
<point_cloud version="1.2.0">
  <tracks path="tracks.ply" count="8620"/>
  <points path="points.ply" count="7067"/>
  <projections camera_id="0" path="p0.ply" count="131"/>
  <projections camera_id="1" path="p1.ply" count="583"/>
  <projections camera_id="2" path="p2.ply" count="461"/>
  <projections camera_id="3" path="p3.ply" count="389"/>
  <projections camera_id="4" path="p4.ply" count="295"/>
  <projections camera_id="5" path="p5.ply" count="289"/>
  <projections camera_id="6" path="p6.ply" count="277"/>
  <projections camera_id="7" path="p7.ply" count="327"/>
  <projections camera_id="8" path="p8.ply" count="329"/>
  <projections camera_id="9" path="p9.ply" count="344"/>
  <projections camera_id="10" path="p10.ply" count="287"/>
  <projections camera_id="11" path="p11.ply" count="163"/>
  <projections camera_id="12" path="p12.ply" count="131"/>
  <projections camera_id="13" path="p13.ply" count="75"/>
  <projections camera_id="14" path="p14.ply" count="61"/>
  <projections camera_id="15" path="p15.ply" count="179"/>
  <projections camera_id="16" path="p16.ply" count="299"/>
  <projections camera_id="17" path="p17.ply" count="346"/>
  <projections camera_id="18" path="p18.ply" count="341"/>
  <projections camera_id="19" path="p19.ply" count="372"/>
  <projections camera_id="20" path="p20.ply" count="453"/>
  <projections camera_id="21" path="p21.ply" count="439"/>
  <projections camera_id="22" path="p22.ply" count="325"/>
  <projections camera_id="23" path="p23.ply" count="292"/>
  <projections camera_id="24" path="p24.ply" count="241"/>
  <projections camera_id="25" path="p25.ply" count="184"/>
  <projections camera_id="26" path="p26.ply" count="71"/>
  <projections camera_id="27" path="p27.ply" count="58"/>
  <projections camera_id="28" path="p28.ply" count="43"/>
  <projections camera_id="29" path="p29.ply" count="494"/>
  <projections camera_id="30" path="p30.ply" count="541"/>
  <projections camera_id="31" path="p31.ply" count="551"/>
  <projections camera_id="32" path="p32.ply" count="668"/>
  <projections camera_id="33" path="p33.ply" count="701"/>
  <projections camera_id="34" path="p34.ply" count="341"/>
  <projections camera_id="35" path="p35.ply" count="282"/>
  <projections camera_id="36" path="p36.ply" count="265"/>
  <projections camera_id="37" path="p37.ply" count="222"/>
  <projections camera_id="38" path="p38.ply" count="337"/>
  <projections camera_id="39" path="p39.ply" count="271"/>
  <projections camera_id="40" path="p40.ply" count="301"/>
  <projections camera_id="41" path="p41.ply" count="407"/>
  <projections camera_id="42" path="p42.ply" count="533"/>
  <projections camera_id="43" path="p43.ply" count="560"/>
  <projections camera_id="44" path="p44.ply" count="457"/>
  <projections camera_id="45" path="p45.ply" count="388"/>
  <projections camera_id="46" path="p46.ply" count="477"/>
  <projections camera_id="47" path="p47.ply" count="472"/>
  <projections camera_id="48" path="p48.ply" count="296"/>
  <projections camera_id="49" path="p49.ply" count="305"/>
  <projections camera_id="50" path="p50.ply" count="269"/>
  <projections camera_id="51" path="p51.ply" count="208"/>
  <projections camera_id="52" path="p52.ply" count="152"/>
  <projections camera_id="53" path="p53.ply" count="266"/>
  <projections camera_id="54" path="p54.ply" count="278"/>
  <projections camera_id="55" path="p55.ply" count="62"/>
  <projections camera_id="56" path="p56.ply" count="38"/>
  <projections camera_id="57" path="p57.ply" count="102"/>
  <projections camera_id="58" path="p58.ply" count="154"/>
  <projections camera_id="59" path="p59.ply" count="224"/>
  <projections camera_id="60" path="p60.ply" count="256"/>
  <projections camera_id="61" path="p61.ply" count="303"/>
  <projections camera_id="62" path="p62.ply" count="279"/>
  <projections camera_id="63" path="p63.ply" count="950"/>
  <projections camera_id="64" path="p64.ply" count="950"/>
  <projections camera_id="65" path="p65.ply" count="211"/>
  <projections camera_id="66" path="p66.ply" count="582"/>
  <projections camera_id="67" path="p67.ply" count="602"/>
  <projections camera_id="68" path="p68.ply" count="668"/>
</point_cloud>
