<?xml version="1.0" encoding="UTF-8"?>
<masks version="1.2.0">
  <mask camera_id="177" path="c177.png"/>
  <mask camera_id="178" path="c178.png"/>
  <mask camera_id="179" path="c179.png"/>
  <mask camera_id="180" path="c180.png"/>
  <mask camera_id="181" path="c181.png"/>
  <mask camera_id="182" path="c182.png"/>
  <mask camera_id="183" path="c183.png"/>
  <mask camera_id="184" path="c184.png"/>
  <mask camera_id="185" path="c185.png"/>
  <mask camera_id="186" path="c186.png"/>
  <mask camera_id="187" path="c187.png"/>
  <mask camera_id="188" path="c188.png"/>
  <mask camera_id="189" path="c189.png"/>
  <mask camera_id="190" path="c190.png"/>
  <mask camera_id="191" path="c191.png"/>
  <mask camera_id="192" path="c192.png"/>
  <mask camera_id="193" path="c193.png"/>
  <mask camera_id="194" path="c194.png"/>
  <mask camera_id="195" path="c195.png"/>
  <mask camera_id="196" path="c196.png"/>
  <mask camera_id="197" path="c197.png"/>
  <mask camera_id="198" path="c198.png"/>
  <mask camera_id="199" path="c199.png"/>
  <mask camera_id="200" path="c200.png"/>
  <mask camera_id="201" path="c201.png"/>
  <mask camera_id="202" path="c202.png"/>
  <mask camera_id="205" path="c205.png"/>
  <mask camera_id="206" path="c206.png"/>
  <mask camera_id="207" path="c207.png"/>
  <mask camera_id="209" path="c209.png"/>
</masks>
