<?xml version="1.0" encoding="UTF-8"?>
<point_cloud version="1.2.0">
  <tracks path="tracks.ply" count="6957"/>
  <points path="points.ply" count="5750"/>
  <projections camera_id="0" path="p0.ply" count="792"/>
  <projections camera_id="1" path="p1.ply" count="816"/>
  <projections camera_id="2" path="p2.ply" count="930"/>
  <projections camera_id="3" path="p3.ply" count="931"/>
  <projections camera_id="4" path="p4.ply" count="808"/>
  <projections camera_id="5" path="p5.ply" count="677"/>
  <projections camera_id="7" path="p7.ply" count="263"/>
  <projections camera_id="9" path="p9.ply" count="279"/>
  <projections camera_id="10" path="p10.ply" count="426"/>
  <projections camera_id="11" path="p11.ply" count="338"/>
  <projections camera_id="12" path="p12.ply" count="346"/>
  <projections camera_id="13" path="p13.ply" count="269"/>
  <projections camera_id="14" path="p14.ply" count="305"/>
  <projections camera_id="15" path="p15.ply" count="279"/>
  <projections camera_id="16" path="p16.ply" count="280"/>
  <projections camera_id="17" path="p17.ply" count="324"/>
  <projections camera_id="18" path="p18.ply" count="372"/>
  <projections camera_id="19" path="p19.ply" count="351"/>
  <projections camera_id="21" path="p21.ply" count="267"/>
  <projections camera_id="23" path="p23.ply" count="86"/>
  <projections camera_id="25" path="p25.ply" count="148"/>
  <projections camera_id="27" path="p27.ply" count="354"/>
  <projections camera_id="28" path="p28.ply" count="436"/>
  <projections camera_id="29" path="p29.ply" count="406"/>
  <projections camera_id="30" path="p30.ply" count="497"/>
  <projections camera_id="31" path="p31.ply" count="453"/>
  <projections camera_id="32" path="p32.ply" count="485"/>
  <projections camera_id="33" path="p33.ply" count="370"/>
  <projections camera_id="34" path="p34.ply" count="425"/>
  <projections camera_id="35" path="p35.ply" count="424"/>
  <projections camera_id="36" path="p36.ply" count="486"/>
  <projections camera_id="37" path="p37.ply" count="573"/>
  <projections camera_id="38" path="p38.ply" count="613"/>
  <projections camera_id="39" path="p39.ply" count="707"/>
  <projections camera_id="40" path="p40.ply" count="677"/>
  <projections camera_id="41" path="p41.ply" count="728"/>
  <projections camera_id="42" path="p42.ply" count="761"/>
  <projections camera_id="43" path="p43.ply" count="787"/>
  <projections camera_id="44" path="p44.ply" count="751"/>
  <projections camera_id="45" path="p45.ply" count="724"/>
  <projections camera_id="46" path="p46.ply" count="887"/>
  <projections camera_id="47" path="p47.ply" count="872"/>
  <projections camera_id="48" path="p48.ply" count="858"/>
  <projections camera_id="49" path="p49.ply" count="881"/>
  <projections camera_id="50" path="p50.ply" count="880"/>
  <projections camera_id="51" path="p51.ply" count="548"/>
  <projections camera_id="53" path="p53.ply" count="235"/>
  <projections camera_id="54" path="p54.ply" count="371"/>
  <projections camera_id="55" path="p55.ply" count="312"/>
  <projections camera_id="56" path="p56.ply" count="427"/>
  <meta>
    <property name="match/duration" value="56.267365"/>
    <property name="match/match_downscale" value="2"/>
    <property name="match/match_filter_mask" value="true"/>
    <property name="match/match_point_limit" value="40000"/>
    <property name="match/match_select_pairs" value="1"/>
    <property name="match/match_tiepoint_limit" value="4000"/>
  </meta>
</point_cloud>
