<?xml version="1.0" encoding="UTF-8"?>
<chunk label="Merged Chunk" enabled="true">
  <sensors next_id="20">
    <sensor id="0" label="NIKON D3000 (48 mm)" type="frame">
      <resolution width="3872" height="2592"/>
      <property name="pixel_width" value="0.0061904649606179677"/>
      <property name="pixel_height" value="0.0061904649606179677"/>
      <property name="focal_length" value="48"/>
      <property name="fixed" value="false"/>
    </sensor>
    <sensor id="1" label="NIKON D3000 (28 mm)" type="frame">
      <resolution width="3872" height="2592"/>
      <property name="pixel_width" value="0.0061904649606179677"/>
      <property name="pixel_height" value="0.0061904649606179677"/>
      <property name="focal_length" value="28"/>
      <property name="fixed" value="false"/>
    </sensor>
    <sensor id="2" label="NIKON D3000 (20 mm)" type="frame">
      <resolution width="3872" height="2592"/>
      <property name="pixel_width" value="0.0061904649606179668"/>
      <property name="pixel_height" value="0.0061904649606179668"/>
      <property name="focal_length" value="20"/>
      <property name="fixed" value="false"/>
    </sensor>
    <sensor id="3" label="NIKON D3000 (24 mm)" type="frame">
      <resolution width="3872" height="2592"/>
      <property name="pixel_width" value="0.0061904649606179677"/>
      <property name="pixel_height" value="0.0061904649606179677"/>
      <property name="focal_length" value="24"/>
      <property name="fixed" value="false"/>
    </sensor>
    <sensor id="4" label="NIKON D3000 (32 mm)" type="frame">
      <resolution width="3872" height="2592"/>
      <property name="pixel_width" value="0.0061904649606179668"/>
      <property name="pixel_height" value="0.0061904649606179668"/>
      <property name="focal_length" value="32"/>
      <property name="fixed" value="false"/>
    </sensor>
    <sensor id="5" label="NIKON D3000 (18 mm)" type="frame">
      <resolution width="3872" height="2592"/>
      <property name="pixel_width" value="0.0061904649606179677"/>
      <property name="pixel_height" value="0.0061904649606179677"/>
      <property name="focal_length" value="18"/>
      <property name="fixed" value="false"/>
    </sensor>
    <sensor id="6" label="NIKON D3000 (29 mm)" type="frame">
      <resolution width="3872" height="2592"/>
      <property name="pixel_width" value="0.0062624471113228268"/>
      <property name="pixel_height" value="0.0062624471113228268"/>
      <property name="focal_length" value="29"/>
      <property name="fixed" value="false"/>
    </sensor>
    <sensor id="7" label="NIKON D3000 (30 mm)" type="frame">
      <resolution width="3872" height="2592"/>
      <property name="pixel_width" value="0.0061904649606179677"/>
      <property name="pixel_height" value="0.0061904649606179677"/>
      <property name="focal_length" value="30"/>
      <property name="fixed" value="false"/>
      <calibration type="frame" class="adjusted">
        <resolution width="3872" height="2592"/>
        <fx>4846.1626373546633</fx>
        <fy>4846.1626373546633</fy>
        <cx>1936</cx>
        <cy>1296</cy>
      </calibration>
    </sensor>
    <sensor id="8" label="NIKON D3000 (26 mm)" type="frame">
      <resolution width="3872" height="2592"/>
      <property name="pixel_width" value="0.0061904649606179677"/>
      <property name="pixel_height" value="0.0061904649606179677"/>
      <property name="focal_length" value="26"/>
      <property name="fixed" value="false"/>
    </sensor>
    <sensor id="9" label="NIKON D3000 (55 mm)" type="frame">
      <resolution width="3872" height="2592"/>
      <property name="pixel_width" value="0.0062282116981827104"/>
      <property name="pixel_height" value="0.0062282116981827104"/>
      <property name="focal_length" value="55"/>
      <property name="fixed" value="false"/>
    </sensor>
    <sensor id="10" label="NIKON D3000 (40 mm)" type="frame">
      <resolution width="3872" height="2592"/>
      <property name="pixel_width" value="0.0061904649606179668"/>
      <property name="pixel_height" value="0.0061904649606179668"/>
      <property name="focal_length" value="40"/>
      <property name="fixed" value="false"/>
    </sensor>
    <sensor id="11" label="NIKON D3000 (30 mm)" type="frame">
      <resolution width="3872" height="2592"/>
      <property name="pixel_width" value="0.0061904649606179677"/>
      <property name="pixel_height" value="0.0061904649606179677"/>
      <property name="focal_length" value="30"/>
      <property name="fixed" value="false"/>
      <calibration type="frame" class="adjusted">
        <resolution width="3872" height="2592"/>
        <fx>4846.1626373546633</fx>
        <fy>4846.1626373546633</fy>
        <cx>1936</cx>
        <cy>1296</cy>
      </calibration>
    </sensor>
    <sensor id="12" label="NIKON D3000 (20 mm)" type="frame">
      <resolution width="3872" height="2592"/>
      <property name="pixel_width" value="0.0061904649606179668"/>
      <property name="pixel_height" value="0.0061904649606179668"/>
      <property name="focal_length" value="20"/>
      <property name="fixed" value="false"/>
    </sensor>
    <sensor id="13" label="NIKON D3000 (24 mm)" type="frame">
      <resolution width="3872" height="2592"/>
      <property name="pixel_width" value="0.0061904649606179677"/>
      <property name="pixel_height" value="0.0061904649606179677"/>
      <property name="focal_length" value="24"/>
      <property name="fixed" value="false"/>
    </sensor>
    <sensor id="14" label="NIKON D3000 (32 mm)" type="frame">
      <resolution width="3872" height="2592"/>
      <property name="pixel_width" value="0.0061904649606179668"/>
      <property name="pixel_height" value="0.0061904649606179668"/>
      <property name="focal_length" value="32"/>
      <property name="fixed" value="false"/>
    </sensor>
    <sensor id="15" label="NIKON D3000 (18 mm)" type="frame">
      <resolution width="3872" height="2592"/>
      <property name="pixel_width" value="0.0061904649606179677"/>
      <property name="pixel_height" value="0.0061904649606179677"/>
      <property name="focal_length" value="18"/>
      <property name="fixed" value="false"/>
    </sensor>
    <sensor id="16" label="NIKON D3000 (29 mm)" type="frame">
      <resolution width="3872" height="2592"/>
      <property name="pixel_width" value="0.0062624471113228268"/>
      <property name="pixel_height" value="0.0062624471113228268"/>
      <property name="focal_length" value="29"/>
      <property name="fixed" value="false"/>
    </sensor>
    <sensor id="17" label="NIKON D5100 (29 mm)" type="frame">
      <resolution width="4928" height="3264"/>
      <property name="pixel_width" value="0.0049366004100330112"/>
      <property name="pixel_height" value="0.0049366004100330112"/>
      <property name="focal_length" value="29"/>
      <property name="fixed" value="false"/>
    </sensor>
    <sensor id="18" label="NIKON D3000 (30 mm)" type="frame">
      <resolution width="3872" height="2592"/>
      <property name="pixel_width" value="0.0061904649606179677"/>
      <property name="pixel_height" value="0.0061904649606179677"/>
      <property name="focal_length" value="30"/>
      <property name="fixed" value="false"/>
      <calibration type="frame" class="adjusted">
        <resolution width="3872" height="2592"/>
        <fx>4846.1626373546633</fx>
        <fy>4846.1626373546633</fy>
        <cx>1936</cx>
        <cy>1296</cy>
      </calibration>
    </sensor>
    <sensor id="19" label="NIKON D3000 (30 mm)" type="frame">
      <resolution width="3872" height="2592"/>
      <property name="pixel_width" value="0.0061904649606179677"/>
      <property name="pixel_height" value="0.0061904649606179677"/>
      <property name="focal_length" value="30"/>
      <property name="fixed" value="false"/>
      <calibration type="frame" class="adjusted">
        <resolution width="3872" height="2592"/>
        <fx>4846.1626373546633</fx>
        <fy>4846.1626373546633</fy>
        <cx>1936</cx>
        <cy>1296</cy>
      </calibration>
    </sensor>
  </sensors>
  <cameras next_id="170" next_group_id="0">
    <camera id="0" label="DSC_0030.JPG" sensor_id="11" enabled="true">
      <transform>8.4464872842241467e-01 -5.2648617597921477e-01 9.6854695689888554e-02 -2.3185486653829264e+00 1.1404872910682026e-01 3.5375485388513395e-01 9.2835897730448358e-01 -1.0131149593690992e+01 -5.2303098661887781e-01 -7.7309107474830596e-01 3.5884366677007473e-01 7.3371552366643336e+00 0.0000000000000000e+00 0.0000000000000000e+00 0.0000000000000000e+00 1.0000000000000000e+00</transform>
    </camera>
    <camera id="1" label="DSC_0031.JPG" sensor_id="11" enabled="true">
      <transform>8.6437109322393813e-01 -5.0266551027326689e-01 -1.3783975499477213e-02 -9.1934176635983578e-01 2.1292355869797730e-01 3.4103010187471927e-01 9.1562111583706263e-01 -9.5978449744618217e+00 -4.5555040484038978e-01 -7.9437135799135827e-01 4.0180589126184080e-01 6.6763082553070108e+00 0.0000000000000000e+00 0.0000000000000000e+00 0.0000000000000000e+00 1.0000000000000000e+00</transform>
    </camera>
    <camera id="2" label="DSC_0032.JPG" sensor_id="11" enabled="true">
      <transform>8.8491267222269654e-01 -4.3907879202449906e-01 -1.5536851976508276e-01 6.6944881039545745e-01 3.3265462047258387e-01 3.6234310959849403e-01 8.7065973514613315e-01 -9.0169278551167693e+00 -3.2599151218693928e-01 -8.2214188880071082e-01 4.6670359829475516e-01 6.1260592883506169e+00 0.0000000000000000e+00 0.0000000000000000e+00 0.0000000000000000e+00 1.0000000000000000e+00</transform>
    </camera>
    <camera id="3" label="DSC_0033.JPG" sensor_id="11" enabled="true">
      <transform>8.8134131859223164e-01 -3.9530264980452795e-01 -2.5879199214740961e-01 1.7730373316578569e+00 4.1287258793748077e-01 3.7803833275721760e-01 8.2862732582020870e-01 -8.4659062499572659e+00 -2.2972528435484280e-01 -8.3715161949533490e-01 4.9639043071399419e-01 5.8970003737757271e+00 0.0000000000000000e+00 0.0000000000000000e+00 0.0000000000000000e+00 1.0000000000000000e+00</transform>
    </camera>
    <camera id="4" label="DSC_0034.JPG" sensor_id="11" enabled="true">
      <transform>8.6081553598882332e-01 -3.4239961743421643e-01 -3.7650911673049464e-01 3.0685533284476154e+00 4.9659646141663705e-01 4.0333090123079607e-01 7.6858059995086303e-01 -7.6998319844214684e+00 -1.1130394201801469e-01 -8.4857921615678067e-01 5.1722794433208497e-01 5.7807139862123611e+00 0.0000000000000000e+00 0.0000000000000000e+00 0.0000000000000000e+00 1.0000000000000000e+00</transform>
    </camera>
    <camera id="5" label="DSC_0036.JPG" sensor_id="11" enabled="true">
      <transform>7.5763006070744277e-01 -2.4241131898661405e-01 -6.0599789070557564e-01 6.0245789595022803e+00 6.3326483098510811e-01 4.9781580509329171e-01 5.9258339331837528e-01 -5.9115481422692957e+00 1.5802640586256184e-01 -8.3271614408902139e-01 5.3067078158089043e-01 5.6109177199919644e+00 0.0000000000000000e+00 0.0000000000000000e+00 0.0000000000000000e+00 1.0000000000000000e+00</transform>
    </camera>
    <camera id="6" label="DSC_0037.JPG" sensor_id="11" enabled="true">
      <transform>7.0714654553386891e-01 -2.1517431694657335e-01 -6.7353082814826792e-01 6.9005306019647303e+00 6.6498008595338143e-01 5.2612777886601392e-01 5.3008588510820442e-01 -5.0146193738444618e+00 2.4030241036025746e-01 -8.2273299048481729e-01 5.1513607711260145e-01 5.9803458636234135e+00 0.0000000000000000e+00 0.0000000000000000e+00 0.0000000000000000e+00 1.0000000000000000e+00</transform>
    </camera>
    <camera id="7" label="DSC_0039.JPG" sensor_id="11" enabled="true">
      <transform>5.1716248893554395e-01 -1.4385676906274697e-01 -8.4371096356087549e-01 8.6272667966569916e+00 7.2075214712559021e-01 6.0483151487078102e-01 3.3866676989773847e-01 -2.6404306987905706e+00 4.6158347289720530e-01 -7.8325223817997702e-01 4.1648124679775356e-01 7.4805373327953273e+00 0.0000000000000000e+00 0.0000000000000000e+00 0.0000000000000000e+00 1.0000000000000000e+00</transform>
    </camera>
    <camera id="8" label="DSC_0040.JPG" sensor_id="11" enabled="true">
      <transform>3.9211606529001303e-01 -1.1585410603566398e-01 -9.1259126527496170e-01 9.2563503043497182e+00 7.2524160550291228e-01 6.4922506951284720e-01 2.2919734458234226e-01 -1.3617664266917657e+00 5.6592367417261880e-01 -7.5172111532849462e-01 3.3859379761042241e-01 8.5411237920998264e+00 0.0000000000000000e+00 0.0000000000000000e+00 0.0000000000000000e+00 1.0000000000000000e+00</transform>
    </camera>
    <camera id="9" label="DSC_0041.JPG" sensor_id="11" enabled="true">
      <transform>2.8853825505901054e-01 -9.8945818653803363e-02 -9.5234206057405124e-01 9.5421503351068413e+00 7.1453072030277054e-01 6.8433075660454834e-01 1.4538660635921757e-01 -3.9836648745411124e-01 6.3733156607146413e-01 -7.2242725622444159e-01 2.6815542946753829e-01 9.4648783817897026e+00 0.0000000000000000e+00 0.0000000000000000e+00 0.0000000000000000e+00 1.0000000000000000e+00</transform>
    </camera>
    <camera id="10" label="DSC_0042.JPG" sensor_id="11" enabled="true">
      <transform>-3.2109588549186274e-02 -8.5557722558643634e-02 -9.9581567091193146e-01 9.6454727613040969e+00 6.3213101647696446e-01 7.7001374755652008e-01 -8.6540202113025266e-02 1.4866551205062446e+00 7.7419593923696195e-01 -6.3226474256006227e-01 2.9358865517192648e-02 1.1655476698843383e+01 0.0000000000000000e+00 0.0000000000000000e+00 0.0000000000000000e+00 1.0000000000000000e+00</transform>
    </camera>
    <camera id="11" label="DSC_0043.JPG" sensor_id="11" enabled="true">
      <transform>-2.0807162641600435e-01 -9.3535599105242839e-02 -9.7363098244695456e-01 9.4884801424017109e+00 5.5392298919595584e-01 8.0914153237774866e-01 -1.9611043475961595e-01 2.3054086728806849e+00 8.0614857211361224e-01 -5.8012160128839518e-01 -1.1654787598996555e-01 1.2780376210809745e+01 0.0000000000000000e+00 0.0000000000000000e+00 0.0000000000000000e+00 1.0000000000000000e+00</transform>
    </camera>
    <camera id="12" label="DSC_0044.JPG" sensor_id="11" enabled="true">
      <transform>-3.4477959049702056e-01 -1.1017279868226221e-01 -9.3219578866632125e-01 9.0254695161834011e+00 4.6960440776801132e-01 8.3963465280333904e-01 -2.7292004326665315e-01 3.2211556535618073e+00 8.1277225234475270e-01 -5.3186051201638773e-01 -2.3775125988331516e-01 1.4194216679842784e+01 0.0000000000000000e+00 0.0000000000000000e+00 0.0000000000000000e+00 1.0000000000000000e+00</transform>
    </camera>
    <camera id="13" label="DSC_0045.JPG" sensor_id="11" enabled="true">
      <transform>-4.4316973893047984e-01 -1.2605248294640670e-01 -8.8753104398625748e-01 8.5224206274468681e+00 3.9692193184179159e-01 8.6013100373408435e-01 -3.2035548448306139e-01 3.7949601826370416e+00 8.0377457195364832e-01 -4.9425239297189305e-01 -3.3115103732630347e-01 1.5288423133044397e+01 0.0000000000000000e+00 0.0000000000000000e+00 0.0000000000000000e+00 1.0000000000000000e+00</transform>
    </camera>
    <camera id="14" label="DSC_0046.JPG" sensor_id="11" enabled="true">
      <transform>-5.9886723564205602e-01 -1.6126114628670010e-01 -7.8444431081673449e-01 7.7973952094339483e+00 2.6445865785304395e-01 8.8474715879730581e-01 -3.8377608482898179e-01 4.3365706270996025e+00 7.5592304658675991e-01 -4.3728401262611311e-01 -4.8719917892028153e-01 1.6551706184151904e+01 0.0000000000000000e+00 0.0000000000000000e+00 0.0000000000000000e+00 1.0000000000000000e+00</transform>
    </camera>
    <camera id="15" label="DSC_0047.JPG" sensor_id="11" enabled="true">
      <transform>-7.3583448437373489e-01 -2.0742240127200595e-01 -6.4461116888942793e-01 6.3266997923702908e+00 1.0009274461418394e-01 9.0815867317340704e-01 -4.0648403020969481e-01 4.7874306269130873e+00 6.6972311747619961e-01 -3.6362586787860851e-01 -6.4749299156630968e-01 1.8524919984973366e+01 0.0000000000000000e+00 0.0000000000000000e+00 0.0000000000000000e+00 1.0000000000000000e+00</transform>
    </camera>
    <camera id="16" label="DSC_0048.JPG" sensor_id="11" enabled="true">
      <transform>-8.2214840740422490e-01 -2.6084556291250605e-01 -5.0599564080291692e-01 4.8009404938252906e+00 -3.8946180067253686e-02 9.1253496760497355e-01 -4.0714018219325804e-01 4.9525385480910726e+00 5.6793942569684819e-01 -3.1502305504049727e-01 -7.6039810858002943e-01 1.9952426557395750e+01 0.0000000000000000e+00 0.0000000000000000e+00 0.0000000000000000e+00 1.0000000000000000e+00</transform>
    </camera>
    <camera id="17" label="DSC_0049.JPG" sensor_id="11" enabled="true">
      <transform>-8.6350913198875723e-01 -3.0106324625245906e-01 -4.0461450879566130e-01 3.6661261794858415e+00 -1.3208579966132314e-01 9.0927603162532555e-01 -3.9467764040990411e-01 4.9050776682424138e+00 4.8672920654081553e-01 -2.8736391573687875e-01 -8.2493433643685621e-01 2.0801742403767665e+01 0.0000000000000000e+00 0.0000000000000000e+00 0.0000000000000000e+00 1.0000000000000000e+00</transform>
    </camera>
    <camera id="18" label="DSC_0050.JPG" sensor_id="11" enabled="true">
      <transform>-8.9706563005213769e-01 -3.5851488678826965e-01 -2.5834150137048345e-01 1.9924369043456105e+00 -2.5701023942658702e-01 8.9886118566115014e-01 -3.5495676601766535e-01 4.5662308494742812e+00 3.5947043301090803e-01 -2.5202310382785420e-01 -8.9847947273598017e-01 2.1791181904298757e+01 0.0000000000000000e+00 0.0000000000000000e+00 0.0000000000000000e+00 1.0000000000000000e+00</transform>
    </camera>
    <camera id="19" label="DSC_0051.JPG" sensor_id="11" enabled="true">
      <transform>-9.0301907266180870e-01 -4.1308300491587308e-01 -1.1797875003016373e-01 3.6020219117513452e-01 -3.6430843415516473e-01 8.8187501922003264e-01 -2.9929219047459149e-01 4.0448602402191591e+00 2.2767502983950416e-01 -2.2728590261021447e-01 -9.4683958475670049e-01 2.2521912138795074e+01 0.0000000000000000e+00 0.0000000000000000e+00 0.0000000000000000e+00 1.0000000000000000e+00</transform>
    </camera>
    <camera id="20" label="DSC_0052.JPG" sensor_id="11" enabled="true">
      <transform>-8.8296682651861436e-01 -4.6895262830537654e-01 2.1284164844468288e-02 -1.2932343108699014e+00 -4.6089436017327656e-01 8.5740088393974645e-01 -2.2899806326650005e-01 3.3252048271410088e+00 8.9140181894099724e-02 -2.1200744473914421e-01 -9.7319415912091534e-01 2.2987505525825771e+01 0.0000000000000000e+00 0.0000000000000000e+00 0.0000000000000000e+00 1.0000000000000000e+00</transform>
    </camera>
    <camera id="21" label="DSC_0053.JPG" sensor_id="11" enabled="true">
      <transform>-8.3653623283534195e-01 -5.2447755805729646e-01 1.5852577786565092e-01 -2.9401568713315749e+00 -5.4485504789584205e-01 8.2680891041714055e-01 -1.3971400229483069e-01 2.3682335035007660e+00 -5.7793666920124206e-02 -2.0324939544578083e-01 -9.7741985621065131e-01 2.3157940276391475e+01 0.0000000000000000e+00 0.0000000000000000e+00 0.0000000000000000e+00 1.0000000000000000e+00</transform>
    </camera>
    <camera id="22" label="DSC_0054.JPG" sensor_id="11" enabled="true">
      <transform>-7.4018141244439151e-01 -5.9015591885900320e-01 3.2225373249585670e-01 -4.9980694672036821e+00 -6.2437216703867671e-01 7.8111861131238958e-01 -3.6210618374650783e-03 8.6689107084275785e-01 -2.4958139694146336e-01 -2.0388650396014346e-01 -9.4664640695650348e-01 2.3122481563420717e+01 0.0000000000000000e+00 0.0000000000000000e+00 0.0000000000000000e+00 1.0000000000000000e+00</transform>
      <orientation>1</orientation>
    </camera>
    <camera id="23" label="DSC_0055.JPG" sensor_id="11" enabled="true">
      <transform>-6.1412035236451645e-01 -6.4339344413572541e-01 4.5705696456224293e-01 -6.7721365307774848e+00 -6.6263569951550161e-01 7.3492786834068102e-01 1.4420457019049360e-01 -8.5090002242129004e-01 -4.2868417575096490e-01 -2.1430329997317399e-01 -8.7766962638644597e-01 2.2590889141951195e+01 0.0000000000000000e+00 0.0000000000000000e+00 0.0000000000000000e+00 1.0000000000000000e+00</transform>
      <orientation>1</orientation>
    </camera>
    <camera id="24" label="DSC_0056.JPG" sensor_id="11" enabled="true">
      <transform>-6.5584998092228641e-01 -6.2805984012974514e-01 4.1880978945153058e-01 -6.2691029859641274e+00 -6.5389341326543315e-01 7.4987557435316865e-01 1.0054863040631620e-01 -3.3805304772111910e-01 -3.7720578814795214e-01 -2.0791214539969435e-01 -9.0249007373099599e-01 2.2808926882254330e+01 0.0000000000000000e+00 0.0000000000000000e+00 0.0000000000000000e+00 1.0000000000000000e+00</transform>
      <orientation>1</orientation>
    </camera>
    <camera id="25" label="DSC_0057.JPG" sensor_id="11" enabled="true">
      <transform>-5.0829360259953760e-01 -6.7235683347550379e-01 5.3812071325602839e-01 -7.9089674240212142e+00 -6.6289379637223889e-01 7.0434839881910261e-01 2.5389987753476090e-01 -2.1850484735601281e+00 -5.4973578043236726e-01 -2.2766119906510071e-01 -8.0371695898037177e-01 2.1866976701909969e+01 0.0000000000000000e+00 0.0000000000000000e+00 0.0000000000000000e+00 1.0000000000000000e+00</transform>
      <orientation>1</orientation>
    </camera>
    <camera id="26" label="DSC_0059.JPG" sensor_id="11" enabled="true">
      <transform>-1.4796237703641230e-01 -7.4573961567015590e-01 6.4959953864043218e-01 -9.3890176651647739e+00 -6.6974728465692612e-01 5.5884853155496905e-01 4.8900602600942317e-01 -4.8551248320347824e+00 -7.2769891416464871e-01 -3.6271303312533770e-01 -5.8214563978836842e-01 1.9195468022338698e+01 0.0000000000000000e+00 0.0000000000000000e+00 0.0000000000000000e+00 1.0000000000000000e+00</transform>
      <orientation>1</orientation>
    </camera>
    <camera id="27" label="DSC_0060.JPG" sensor_id="11" enabled="true">
      <transform>3.4646562710102191e-02 -7.5331961038798412e-01 6.5674133439069471e-01 -9.6470618823337606e+00 -6.0336321006293747e-01 5.0809687916524360e-01 6.1464656358356629e-01 -6.3799083637218850e+00 -7.9671353222781538e-01 -4.1754895040873358e-01 -4.3692152794024980e-01 1.7565725463326089e+01 0.0000000000000000e+00 0.0000000000000000e+00 0.0000000000000000e+00 1.0000000000000000e+00</transform>
      <orientation>1</orientation>
    </camera>
    <camera id="28" label="DSC_0061.JPG" sensor_id="11" enabled="true">
      <transform>1.8568832406237468e-01 -7.5020416225304654e-01 6.3459716454228732e-01 -9.5504132268664872e+00 -5.2961113156969464e-01 4.6758003841410323e-01 7.0772943770492747e-01 -7.5511670330141145e+00 -8.2766653648940880e-01 -4.6750681558119545e-01 -3.1049232158099527e-01 1.6115185119462033e+01 0.0000000000000000e+00 0.0000000000000000e+00 0.0000000000000000e+00 1.0000000000000000e+00</transform>
      <orientation>1</orientation>
    </camera>
    <camera id="29" label="DSC_0062.JPG" sensor_id="11" enabled="true">
      <transform>3.0607584631407059e-01 -7.3949583048834289e-01 5.9955274412972326e-01 -9.2606761019742070e+00 -4.5755402654684951e-01 4.3800150729148624e-01 7.7382103383221046e-01 -8.3904293168423543e+00 -8.3484243369266409e-01 -5.1117570002959067e-01 -2.0429761282346762e-01 1.4888173547005636e+01 0.0000000000000000e+00 0.0000000000000000e+00 0.0000000000000000e+00 1.0000000000000000e+00</transform>
      <orientation>1</orientation>
    </camera>
    <camera id="30" label="DSC_0063.JPG" sensor_id="11" enabled="true">
      <transform>4.1458207644157880e-01 -7.2373804403006603e-01 5.5165654669995778e-01 -8.5762467077496698e+00 -3.8722992945411483e-01 4.0828394619775471e-01 8.2665422094860785e-01 -9.3072683815156001e+00 -8.2351362079102841e-01 -5.5633394908159506e-01 -1.1098582554059457e-01 1.3237774223403303e+01 0.0000000000000000e+00 0.0000000000000000e+00 0.0000000000000000e+00 1.0000000000000000e+00</transform>
      <orientation>1</orientation>
    </camera>
    <camera id="31" label="DSC_0064.JPG" sensor_id="11" enabled="true">
      <transform>5.3196145664266270e-01 -6.9739599801963348e-01 4.8026641626582189e-01 -7.7315323237152507e+00 -2.8867599743469186e-01 3.8383616923818314e-01 8.7711798732533264e-01 -9.9445474141515735e+00 -7.9604219558494638e-01 -6.0523434893498573e-01 2.8645623648033830e-03 1.1831496594193672e+01 0.0000000000000000e+00 0.0000000000000000e+00 0.0000000000000000e+00 1.0000000000000000e+00</transform>
      <orientation>1</orientation>
    </camera>
    <camera id="32" label="DSC_0065.JPG" sensor_id="11" enabled="true">
      <transform>6.6567098009400150e-01 -6.4845631649805435e-01 3.6930549935584023e-01 -6.3356768051321124e+00 -1.4071438253881835e-01 3.7693453836266999e-01 9.1548884009366271e-01 -1.0443245199968246e+01 -7.3285851895670184e-01 -6.6138094876031617e-01 1.5966725340373830e-01 9.8441085027727624e+00 0.0000000000000000e+00 0.0000000000000000e+00 0.0000000000000000e+00 1.0000000000000000e+00</transform>
      <orientation>1</orientation>
    </camera>
    <camera id="33" label="DSC_0065.JPG" sensor_id="11" enabled="true">
      <transform>6.6567098009400150e-01 -6.4845631649805413e-01 3.6930549935584089e-01 -6.3356768051323114e+00 -1.4071438253881868e-01 3.7693453836267071e-01 9.1548884009366238e-01 -1.0443245199968260e+01 -7.3285851895670184e-01 -6.6138094876031606e-01 1.5966725340373858e-01 9.8441085027728850e+00 0.0000000000000000e+00 0.0000000000000000e+00 0.0000000000000000e+00 1.0000000000000000e+00</transform>
    </camera>
    <camera id="34" label="DSC_0066.JPG" sensor_id="11" enabled="true">
      <transform>7.5170660205377071e-01 -6.0544408845713682e-01 2.6148544927219386e-01 -4.5956430426372927e+00 -4.1024601451103759e-02 3.5279601546220579e-01 9.3480048863368137e-01 -1.0696388534508410e+01 -6.5822045433467991e-01 -7.1342303525068340e-01 2.4036099157132335e-01 8.4402777639077264e+00 0.0000000000000000e+00 0.0000000000000000e+00 0.0000000000000000e+00 1.0000000000000000e+00</transform>
    </camera>
    <camera id="35" label="DSC_0067.JPG" sensor_id="11" enabled="true">
      <transform>8.5156071316388449e-01 -5.2145631668275283e-01 5.4107869921787177e-02 -2.1045348126371750e+00 1.6264684575841498e-01 3.6089630252738980e-01 9.1831359697376636e-01 -1.0391085596410090e+01 -4.9838775603003616e-01 -7.7319930717358720e-01 3.9213833786768393e-01 6.7536583499788492e+00 0.0000000000000000e+00 0.0000000000000000e+00 0.0000000000000000e+00 1.0000000000000000e+00</transform>
    </camera>
    <camera id="36" label="DSC_0068.JPG" sensor_id="11" enabled="true">
      <transform>8.8439261964288840e-01 -4.5024605968261344e-01 -1.2299666687138151e-01 6.1928222437113156e-03 3.1359191640212070e-01 3.7801443746706270e-01 8.7107129159082342e-01 -9.7619564560452403e+00 -3.4570190090370412e-01 -8.0893978194099248e-01 4.7550670332270284e-01 5.8719903033926846e+00 0.0000000000000000e+00 0.0000000000000000e+00 0.0000000000000000e+00 1.0000000000000000e+00</transform>
    </camera>
    <camera id="37" label="DSC_0069.JPG" sensor_id="11" enabled="true">
      <transform>8.8338509594381143e-01 -3.9723975802660433e-01 -2.4865909777707268e-01 1.5058067562188606e+00 4.0987571089228242e-01 3.9761935005869831e-01 8.2091458391201977e-01 -9.1016886979969023e+00 -2.2722824182941931e-01 -8.2710303294200482e-01 5.1406993591655181e-01 5.4843368506238308e+00 0.0000000000000000e+00 0.0000000000000000e+00 0.0000000000000000e+00 1.0000000000000000e+00</transform>
    </camera>
    <camera id="68" label="DSC_0070.JPG" sensor_id="18" enabled="true">
      <transform>7.0935956711775550e-01 7.0425753600966989e-01 2.8815404076630469e-02 -1.6982351413998980e+00 2.6331757518728538e-01 -2.2686006573216302e-01 -9.3765578181627363e-01 1.2145904767192992e+01 -6.5381408606422609e-01 6.7272270182415239e-01 -3.4636874471351115e-01 1.4985072263470432e+01 0.0000000000000000e+00 0.0000000000000000e+00 0.0000000000000000e+00 1.0000000000000000e+00</transform>
    </camera>
    <camera id="69" label="DSC_0071.JPG" sensor_id="18" enabled="true">
      <transform>7.3824977175584983e-01 6.6238586108360720e-01 1.2740583008231904e-01 -3.0115515448512156e+00 3.7653512170366821e-01 -2.4797460260491222e-01 -8.9259727682003376e-01 1.1644000386539538e+01 -5.5965040572310865e-01 7.0693250561808563e-01 -4.3247873459222885e-01 1.6239127603138090e+01 0.0000000000000000e+00 0.0000000000000000e+00 0.0000000000000000e+00 1.0000000000000000e+00</transform>
    </camera>
    <camera id="70" label="DSC_0072.JPG" sensor_id="18" enabled="true">
      <transform>7.4999800105440273e-01 6.2972544523710994e-01 2.0235825171048386e-01 -4.1460256187782782e+00 4.5430909276404979e-01 -2.6808092470118655e-01 -8.4955039052622583e-01 1.1058793534505309e+01 -4.8073511068602626e-01 7.2909428843756574e-01 -4.8715015336281459e-01 1.7117506564732246e+01 0.0000000000000000e+00 0.0000000000000000e+00 0.0000000000000000e+00 1.0000000000000000e+00</transform>
    </camera>
    <camera id="71" label="DSC_0073.JPG" sensor_id="18" enabled="true">
      <transform>7.4827455317773484e-01 5.8824257671232705e-01 3.0668528495756520e-01 -5.4170570985693551e+00 5.5310521605347740e-01 -2.9795699914045476e-01 -7.7800787054993936e-01 1.0248350109225616e+01 -3.6627832728827558e-01 7.5179272250139340e-01 -5.4831367788232843e-01 1.7902285292831973e+01 0.0000000000000000e+00 0.0000000000000000e+00 0.0000000000000000e+00 1.0000000000000000e+00</transform>
    </camera>
    <camera id="72" label="DSC_0074.JPG" sensor_id="18" enabled="true">
      <transform>7.2786824451600207e-01 5.4256727012876937e-01 4.1931918154337833e-01 -6.7469607019171098e+00 6.4562221693223409e-01 -3.3620822527007455e-01 -6.8566462812679363e-01 9.1741891415125512e+00 -2.3104062765821276e-01 7.6979528879161252e-01 -5.9500877449457601e-01 1.8514659721059690e+01 0.0000000000000000e+00 0.0000000000000000e+00 0.0000000000000000e+00 1.0000000000000000e+00</transform>
    </camera>
    <camera id="73" label="DSC_0075.JPG" sensor_id="18" enabled="true">
      <transform>6.9026537384074060e-01 5.0101786416012539e-01 5.2202951398261854e-01 -7.9896914283557683e+00 7.1703871881822534e-01 -3.7704116542180521e-01 -5.8625543519261702e-01 8.0104444369650771e+00 -9.6897829655884726e-02 7.7898720103079544e-01 -6.1950766842565086e-01 1.8870026469994766e+01 0.0000000000000000e+00 0.0000000000000000e+00 0.0000000000000000e+00 1.0000000000000000e+00</transform>
    </camera>
    <camera id="74" label="DSC_0076.JPG" sensor_id="18" enabled="true">
      <transform>6.4363043032628342e-01 4.6678829463183957e-01 6.0650519960895788e-01 -9.0267500686982540e+00 7.6496675688454308e-01 -4.1699694754070743e-01 -4.9085579002725099e-01 6.8941137853740937e+00 2.3785079767518091e-02 7.7988603894186448e-01 -6.2546945268655718e-01 1.8996905158733092e+01 0.0000000000000000e+00 0.0000000000000000e+00 0.0000000000000000e+00 1.0000000000000000e+00</transform>
    </camera>
    <camera id="75" label="DSC_0077.JPG" sensor_id="18" enabled="true">
      <transform>5.4414359336906393e-01 4.1925556500766969e-01 7.2672726727810555e-01 -1.0507961755491253e+01 8.1169912557682000e-01 -4.8220640291290529e-01 -3.2957778221176093e-01 4.9824413068561046e+00 2.1225522215773440e-01 7.6922152608978434e-01 -6.0269890033653972e-01 1.8813793796555107e+01 0.0000000000000000e+00 0.0000000000000000e+00 0.0000000000000000e+00 1.0000000000000000e+00</transform>
    </camera>
    <camera id="76" label="DSC_0078.JPG" sensor_id="18" enabled="true">
      <transform>4.3220899689044012e-01 3.8421804992258402e-01 8.1582588407125567e-01 -1.1619386628973833e+01 8.2054963313444440e-01 -5.4279782815135502e-01 -1.7907768514558342e-01 3.1791700675710013e+00 3.7402363905225011e-01 7.4682461653848731e-01 -5.4987208472721494e-01 1.8252510525330340e+01 0.0000000000000000e+00 0.0000000000000000e+00 0.0000000000000000e+00 1.0000000000000000e+00</transform>
    </camera>
    <camera id="77" label="DSC_0079.JPG" sensor_id="18" enabled="true">
      <transform>3.1124892577536012e-01 3.6097680985919683e-01 8.7910172844077672e-01 -1.2462224476425792e+01 7.9838199292478085e-01 -6.0108297986209847e-01 -3.5853098799899064e-02 1.4655516471457501e+00 5.1547094930474913e-01 7.1301822842335327e-01 -4.7528381663894603e-01 1.7434364411764111e+01 0.0000000000000000e+00 0.0000000000000000e+00 0.0000000000000000e+00 1.0000000000000000e+00</transform>
    </camera>
    <camera id="78" label="DSC_0080.JPG" sensor_id="18" enabled="true">
      <transform>1.5069002564785217e-01 3.4339284543808513e-01 9.2702420134114338e-01 -1.3078110046898654e+01 7.3467437816671055e-01 -6.6634863089532281e-01 1.2740902703217655e-01 -5.1718018764656304e-01 6.6147265569757785e-01 6.6186165911454942e-01 -3.5269401746915008e-01 1.6017577791545182e+01 0.0000000000000000e+00 0.0000000000000000e+00 0.0000000000000000e+00 1.0000000000000000e+00</transform>
    </camera>
    <camera id="79" label="DSC_0081.JPG" sensor_id="18" enabled="true">
      <transform>3.2609317679314853e-02 3.3804056375504188e-01 9.4056643021993047e-01 -1.3360738699213261e+01 6.6460661450011171e-01 -7.1019681135922696e-01 2.3220365435945822e-01 -1.8225111152496383e+00 7.4648153383937765e-01 6.1753466816961800e-01 -2.4782302807739676e-01 1.4808516001232956e+01 0.0000000000000000e+00 0.0000000000000000e+00 0.0000000000000000e+00 1.0000000000000000e+00</transform>
    </camera>
    <camera id="80" label="DSC_0082.JPG" sensor_id="18" enabled="true">
      <transform>-2.2420100500552775e-01 3.5165527220956772e-01 9.0888529467789625e-01 -1.3059783938756450e+01 4.6090757522599812e-01 -7.8346724734289652e-01 4.1682523848758896e-01 -4.1099618452052171e+00 8.5866065267589975e-01 5.1236475470914211e-01 1.3573565413641631e-02 1.1742009093516970e+01 0.0000000000000000e+00 0.0000000000000000e+00 0.0000000000000000e+00 1.0000000000000000e+00</transform>
    </camera>
    <camera id="81" label="DSC_0083.JPG" sensor_id="18" enabled="true">
      <transform>-3.4013638771407539e-01 3.7039275798202759e-01 8.6435897784849058e-01 -1.2563228978043913e+01 3.3950751494048209e-01 -8.0879962171309483e-01 4.8018519262435944e-01 -4.9303563132263344e+00 8.7695033214644402e-01 4.5678482543887333e-01 1.4935105689957340e-01 1.0128865904027737e+01 0.0000000000000000e+00 0.0000000000000000e+00 0.0000000000000000e+00 1.0000000000000000e+00</transform>
    </camera>
    <camera id="82" label="DSC_0084.JPG" sensor_id="18" enabled="true">
      <transform>-4.4283352297425693e-01 3.9553223491422485e-01 8.0464446936144818e-01 -1.1899761064156893e+01 2.1468698906544689e-01 -8.2455307634997643e-01 5.2347084064712013e-01 -5.5114901590855512e+00 8.7052166409355991e-01 4.0455713493343354e-01 2.8022411908725919e-01 8.5443180611136480e+00 0.0000000000000000e+00 0.0000000000000000e+00 0.0000000000000000e+00 1.0000000000000000e+00</transform>
    </camera>
    <camera id="83" label="DSC_0085.JPG" sensor_id="18" enabled="true">
      <transform>-5.2938993473973606e-01 4.2538096300420247e-01 7.3402815566562229e-01 -1.1098597500850401e+01 8.7109089168224102e-02 -8.3338557594794649e-01 5.4578428741233642e-01 -5.8450230559876255e+00 8.4389472304342572e-01 3.5287323235905377e-01 4.0413138742732191e-01 7.0498473150651728e+00 0.0000000000000000e+00 0.0000000000000000e+00 0.0000000000000000e+00 1.0000000000000000e+00</transform>
    </camera>
    <camera id="84" label="DSC_0086.JPG" sensor_id="18" enabled="true">
      <transform>-5.8828986065749955e-01 4.5821391527495542e-01 6.6629951800671117e-01 -9.9906958442974219e+00 -2.5895953916404479e-02 -8.3421759045155153e-01 5.5082702489253998e-01 -5.9225829159550587e+00 8.0823538614585477e-01 3.0679149210759304e-01 5.0262763647859354e-01 5.3678296677592536e+00 0.0000000000000000e+00 0.0000000000000000e+00 0.0000000000000000e+00 1.0000000000000000e+00</transform>
    </camera>
    <camera id="85" label="DSC_0087.JPG" sensor_id="18" enabled="true">
      <transform>-6.5134527476512749e-01 4.9607818686250338e-01 5.7415656885587563e-01 -8.8652212959824386e+00 -1.5686984118131617e-01 -8.2837251966228509e-01 5.3776465260939732e-01 -5.7450406497684776e+00 7.4238883744900774e-01 2.6020261564321062e-01 6.1737623281394804e-01 4.0121171622022134e+00 0.0000000000000000e+00 0.0000000000000000e+00 0.0000000000000000e+00 1.0000000000000000e+00</transform>
    </camera>
    <camera id="86" label="DSC_0088.JPG" sensor_id="18" enabled="true">
      <transform>-7.0153154602261658e-01 5.4255498838541927e-01 4.6204715615748049e-01 -7.5028028807883471e+00 -2.9781046338484463e-01 -8.1223130879047722e-01 5.0158671126636989e-01 -5.2844745121785808e+00 6.4742753867411429e-01 2.1427642333818742e-01 7.3138443828657795e-01 2.6426462509395754e+00 0.0000000000000000e+00 0.0000000000000000e+00 0.0000000000000000e+00 1.0000000000000000e+00</transform>
    </camera>
    <camera id="87" label="DSC_0089.JPG" sensor_id="18" enabled="true">
      <transform>-7.2624042641284237e-01 5.8900738762066218e-01 3.5446458267643022e-01 -6.0475139237572728e+00 -4.1947912001201060e-01 -7.8820462842128980e-01 4.5030071242360425e-01 -4.5653491605889842e+00 5.4462107094533352e-01 1.7833609018799146e-01 8.1950236608494176e-01 1.4914225616809988e+00 0.0000000000000000e+00 0.0000000000000000e+00 0.0000000000000000e+00 1.0000000000000000e+00</transform>
    </camera>
    <camera id="88" label="DSC_0090.JPG" sensor_id="18" enabled="true">
      <transform>-7.3305312039374237e-01 6.2584960880840512e-01 2.6635575802930106e-01 -4.9563939063318809e+00 -5.0868377151117405e-01 -7.6440803701238935e-01 3.9613277263063329e-01 -3.8474466129987670e+00 4.5152402292919575e-01 1.5489551350904807e-01 8.7871123619343960e-01 7.7873646087199444e-01 0.0000000000000000e+00 0.0000000000000000e+00 0.0000000000000000e+00 1.0000000000000000e+00</transform>
    </camera>
    <camera id="89" label="DSC_0091.JPG" sensor_id="18" enabled="true">
      <transform>-7.2091527890052332e-01 6.7932198946780042e-01 1.3712328494202028e-01 -3.4129529701157049e+00 -6.2152218109206103e-01 -7.2128492803831534e-01 3.0570938977291739e-01 -2.7084886207843728e+00 3.0658006957130801e-01 1.3516540685497899e-01 9.4219900962131198e-01 6.3674239108911138e-02 0.0000000000000000e+00 0.0000000000000000e+00 0.0000000000000000e+00 1.0000000000000000e+00</transform>
    </camera>
    <camera id="90" label="DSC_0092.JPG" sensor_id="18" enabled="true">
      <transform>-6.9908541787498513e-01 7.1272064148680692e-01 5.7522740835188407e-02 -2.4609990237035393e+00 -6.8372660999255841e-01 -6.8985121927272886e-01 2.3795633644854580e-01 -1.8566845293237759e+00 2.0927852566052188e-01 1.2702197631340834e-01 9.6957099597233998e-01 -2.3382239917840947e-01 0.0000000000000000e+00 0.0000000000000000e+00 0.0000000000000000e+00 1.0000000000000000e+00</transform>
    </camera>
    <camera id="91" label="DSC_0093.JPG" sensor_id="18" enabled="true">
      <transform>-6.3824158194577396e-01 7.6612070806368926e-01 -7.5542992734913661e-02 -8.9806690068272510e-01 -7.6936437462194951e-01 -6.3133716938016882e-01 9.7426062332480537e-02 -1.5903516886202954e-01 2.6947024658250086e-02 1.2030145150839729e-01 9.9237161317071132e-01 -4.3732601994079812e-01 0.0000000000000000e+00 0.0000000000000000e+00 0.0000000000000000e+00 1.0000000000000000e+00</transform>
    </camera>
    <camera id="92" label="DSC_0094.JPG" sensor_id="18" enabled="true">
      <transform>-5.2518274585513036e-01 8.2239641935795427e-01 -2.1874005779299183e-01 7.7652489864786856e-01 -8.2863127793419400e-01 -5.5273554796739210e-01 -8.8620647945789319e-02 2.1148606668574392e+00 -1.9378670925842734e-01 1.3471281839677576e-01 9.7175056875434207e-01 -1.1344504954295867e-01 0.0000000000000000e+00 0.0000000000000000e+00 0.0000000000000000e+00 1.0000000000000000e+00</transform>
    </camera>
    <camera id="93" label="DSC_0095.JPG" sensor_id="18" enabled="true">
      <transform>-3.5654229522605535e-01 8.6961073096244013e-01 -3.4154760767703679e-01 2.1678504578358937e+00 -8.3436337089064949e-01 -4.6086076504303275e-01 -3.0239894272292522e-01 4.6893649749849269e+00 -4.2037525739620879e-01 1.7715680014868532e-01 8.8988769579658178e-01 9.6508141802329406e-01 0.0000000000000000e+00 0.0000000000000000e+00 0.0000000000000000e+00 1.0000000000000000e+00</transform>
    </camera>
    <camera id="94" label="DSC_0096.JPG" sensor_id="18" enabled="true">
      <transform>-2.5784470368175838e-01 8.8675467665242635e-01 -3.8364339199094333e-01 2.6496359900563293e+00 -8.1154157359204171e-01 -4.1424954578485007e-01 -4.1206502902915421e-01 6.0153255447504232e+00 -5.2432469245212787e-01 2.0509377672688131e-01 8.2645033706380988e-01 1.7862411265106899e+00 0.0000000000000000e+00 0.0000000000000000e+00 0.0000000000000000e+00 1.0000000000000000e+00</transform>
    </camera>
    <camera id="95" label="DSC_0098.JPG" sensor_id="18" enabled="true">
      <transform>-9.6742418864763535e-02 8.9898395676094556e-01 -4.2716361019945115e-01 3.0817215115863146e+00 -7.4000571283768923e-01 -3.5197539686721058e-01 -5.7315343928807827e-01 7.9079861123893540e+00 -6.6560682790952330e-01 2.6065526176657861e-01 6.9930421502634887e-01 3.3745650467580077e+00 0.0000000000000000e+00 0.0000000000000000e+00 0.0000000000000000e+00 1.0000000000000000e+00</transform>
    </camera>
    <camera id="96" label="DSC_0099.JPG" sensor_id="18" enabled="true">
      <transform>1.8329979487120895e-01 8.9008519319876822e-01 -4.1731227402088744e-01 3.0305830802093969e+00 -5.2743469254972364e-01 -2.6918881797398064e-01 -8.0582257685718250e-01 1.0040488657286032e+01 -8.2958654177557101e-01 3.6781208398594339e-01 4.2011955510159971e-01 6.0334402534858720e+00 0.0000000000000000e+00 0.0000000000000000e+00 0.0000000000000000e+00 1.0000000000000000e+00</transform>
    </camera>
    <camera id="97" label="DSC_0100.JPG" sensor_id="18" enabled="true">
      <transform>3.2665194690100319e-01 8.6945827520832930e-01 -3.7059521483357216e-01 2.5411018077132272e+00 -3.8538800151585434e-01 -2.3549880806547707e-01 -8.9219751158998162e-01 1.1154741897050455e+01 -8.6300324094026448e-01 4.3426100339714679e-01 2.5815264293650597e-01 7.9544938856038172e+00 0.0000000000000000e+00 0.0000000000000000e+00 0.0000000000000000e+00 1.0000000000000000e+00</transform>
    </camera>
    <camera id="98" label="DSC_0101.JPG" sensor_id="18" enabled="true">
      <transform>3.2459527108694619e-01 8.6952929501317722e-01 -3.7223207156541388e-01 2.5348218469098582e+00 -3.8773460693896533e-01 -2.3663079311438068e-01 -8.9088031874766727e-01 1.1168403460201873e+01 -8.6272810581890647e-01 4.3350279452841639e-01 2.6033736298536858e-01 7.9650227006549983e+00 0.0000000000000000e+00 0.0000000000000000e+00 0.0000000000000000e+00 1.0000000000000000e+00</transform>
    </camera>
    <camera id="99" label="DSC_0102.JPG" sensor_id="18" enabled="true">
      <transform>4.1195955656954458e-01 8.5032722818368733e-01 -3.2746439311850584e-01 2.0652418217020574e+00 -2.8475160961520246e-01 -2.2124057630446600e-01 -9.3272135614985197e-01 1.1697495501623784e+01 -8.6556677649536395e-01 4.7748948931459734e-01 1.5098987721536017e-01 9.2183038530513102e+00 0.0000000000000000e+00 0.0000000000000000e+00 0.0000000000000000e+00 1.0000000000000000e+00</transform>
    </camera>
    <camera id="100" label="DSC_0103.JPG" sensor_id="18" enabled="true">
      <transform>5.0060755214370611e-01 8.2463398951277356e-01 -2.6338348861865502e-01 1.3388081758182948e+00 -1.6254907878229452e-01 -2.0929706945246354e-01 -9.6424713310729526e-01 1.2138693694630460e+01 -8.5027635256057410e-01 5.2552214040785894e-01 2.9267801718420583e-02 1.0699556895652345e+01 0.0000000000000000e+00 0.0000000000000000e+00 0.0000000000000000e+00 1.0000000000000000e+00</transform>
    </camera>
    <camera id="101" label="DSC_0104.JPG" sensor_id="18" enabled="true">
      <transform>5.8060644488748014e-01 7.9250387762277574e-01 -1.8663804571411990e-01 4.6109863760168512e-01 -3.5586743865680448e-02 -2.0431242937085964e-01 -9.7825866460032751e-01 1.2359154533419584e+01 -8.1340625754671936e-01 5.7462512576238955e-01 -9.0422480757818946e-02 1.2148957285160199e+01 0.0000000000000000e+00 0.0000000000000000e+00 0.0000000000000000e+00 1.0000000000000000e+00</transform>
    </camera>
    <camera id="102" label="DSC_0105.JPG" sensor_id="18" enabled="true">
      <transform>6.4990658765338005e-01 7.5406273537615387e-01 -9.4925330875232028e-02 -5.8304845415148521e-01 9.7301174529787704e-02 -2.0642468744964906e-01 -9.7361251524743597e-01 1.2370899592940303e+01 -7.5375984820091313e-01 6.2352084129429652e-01 -2.0752795404906110e-01 1.3592725561798208e+01 0.0000000000000000e+00 0.0000000000000000e+00 0.0000000000000000e+00 1.0000000000000000e+00</transform>
    </camera>
    <camera id="103" label="DSC_0106.JPG" sensor_id="18" enabled="true">
      <transform>7.1546738422571488e-01 6.9756441263919267e-01 3.8862737018260984e-02 -2.1533458864709671e+00 2.7195814341276447e-01 -2.2683648990208738e-01 -9.3519194558143093e-01 1.1999011678806882e+01 -6.4354113337120467e-01 6.7966837286152881e-01 -3.5200243264935988e-01 1.5365162030265797e+01 0.0000000000000000e+00 0.0000000000000000e+00 0.0000000000000000e+00 1.0000000000000000e+00</transform>
    </camera>
    <camera id="104" label="DSC_0107.JPG" sensor_id="18" enabled="true">
      <transform>7.4792525596893444e-01 6.4523679513356735e-01 1.5581171229906626e-01 -3.6866396338527929e+00 4.0441931278906612e-01 -2.5681686136130333e-01 -8.7777566562519194e-01 1.1297980852549268e+01 -5.2635808241825610e-01 7.1952385500849936e-01 -4.5302603804492780e-01 1.6756725748851093e+01 0.0000000000000000e+00 0.0000000000000000e+00 0.0000000000000000e+00 1.0000000000000000e+00</transform>
    </camera>
    <camera id="105" label="DSC_0108.JPG" sensor_id="18" enabled="true">
      <transform>7.5351719711858467e-01 6.0283987985252752e-01 2.6228974990636139e-01 -4.9659301517010341e+00 5.1079302541067706e-01 -2.8566910079266128e-01 -8.1085365513397012e-01 1.0538052538052106e+01 -4.1388684303606332e-01 7.4496794837878910e-01 -5.2318298620075443e-01 1.7631251904772796e+01 0.0000000000000000e+00 0.0000000000000000e+00 0.0000000000000000e+00 1.0000000000000000e+00</transform>
    </camera>
    <camera id="106" label="DSC_0109.JPG" sensor_id="18" enabled="true">
      <transform>7.3708653989729644e-01 5.4997883185693974e-01 3.9271709564456964e-01 -6.5356098051883160e+00 6.2344892071294267e-01 -3.2913191715497264e-01 -7.0921338423055613e-01 9.3586633301123339e+00 -2.6079661800739856e-01 7.6759068885648141e-01 -5.8548241512169696e-01 1.8424232063770937e+01 0.0000000000000000e+00 0.0000000000000000e+00 0.0000000000000000e+00 1.0000000000000000e+00</transform>
    </camera>
    <camera id="107" label="DSC_0110.JPG" sensor_id="18" enabled="true">
      <transform>6.9021218587294775e-01 4.9737457254783191e-01 5.2557175823606528e-01 -8.1469143968363671e+00 7.1821340196295635e-01 -3.8236804941510316e-01 -5.8134687066095569e-01 7.8527923279250604e+00 -8.8185303272622140e-02 7.7872537480767279e-01 -6.2113617099422325e-01 1.8902953772880185e+01 0.0000000000000000e+00 0.0000000000000000e+00 0.0000000000000000e+00 1.0000000000000000e+00</transform>
    </camera>
    <camera id="108" label="DSC_0111.JPG" sensor_id="18" enabled="true">
      <transform>6.2492522834481234e-01 4.5404377689605790e-01 6.3506905737891683e-01 -9.4782209388530294e+00 7.7764032032194774e-01 -4.3380708930334561e-01 -4.5506806246949183e-01 6.3573835434614896e+00 6.8876637459747758e-02 7.7823881805787720e-01 -6.2417974244612962e-01 1.8990149928999550e+01 0.0000000000000000e+00 0.0000000000000000e+00 0.0000000000000000e+00 1.0000000000000000e+00</transform>
    </camera>
    <camera id="109" label="DSC_0112.JPG" sensor_id="18" enabled="true">
      <transform>5.1495270279422667e-01 4.0673652417733791e-01 7.5457876579258421e-01 -1.0943322342490406e+01 8.1635147017678245e-01 -5.0124152768338692e-01 -2.8692718251471144e-01 4.3465026477829314e+00 2.6152244841528938e-01 7.6375541296004079e-01 -5.9015563892003098e-01 1.8642779110458090e+01 0.0000000000000000e+00 0.0000000000000000e+00 0.0000000000000000e+00 1.0000000000000000e+00</transform>
    </camera>
    <camera id="110" label="DSC_0114.JPG" sensor_id="18" enabled="true">
      <transform>1.9620527203814686e-01 3.4712599307298397e-01 9.1706435769662931e-01 -1.2972723979236786e+01 7.5599734998966195e-01 -6.4916561979934717e-01 8.3976216151586069e-02 -1.1238034849520065e-01 6.2447697958615356e-01 6.7682164785386711e-01 -3.8979604790624900e-01 1.6345138486694889e+01 0.0000000000000000e+00 0.0000000000000000e+00 0.0000000000000000e+00 1.0000000000000000e+00</transform>
    </camera>
    <camera id="111" label="DSC_0115.JPG" sensor_id="18" enabled="true">
      <transform>-3.3861674893102878e-02 3.3991619036934539e-01 9.3984592912786757e-01 -1.3356029199438254e+01 6.1771636945351482e-01 -7.3213974568211460e-01 2.8705030865981884e-01 -2.5890007901466743e+00 7.8567160689603810e-01 5.9027821941633540e-01 -1.8518031698881499e-01 1.3976621693386358e+01 0.0000000000000000e+00 0.0000000000000000e+00 0.0000000000000000e+00 1.0000000000000000e+00</transform>
    </camera>
    <camera id="112" label="DSC_0116.JPG" sensor_id="18" enabled="true">
      <transform>-2.5012113817485382e-01 3.5705928612266480e-01 8.9997115644429881e-01 -1.2905605253200289e+01 4.3281112833318147e-01 -7.9024152941597836e-01 4.3381200119090030e-01 -4.3949029762388152e+00 8.6609118655547690e-01 4.9802308317975413e-01 4.3116878261970637e-02 1.1283989020694300e+01 0.0000000000000000e+00 0.0000000000000000e+00 0.0000000000000000e+00 1.0000000000000000e+00</transform>
    </camera>
    <camera id="113" label="DSC_0117.JPG" sensor_id="18" enabled="true">
      <transform>-4.1675540919830034e-01 3.9078455418739161e-01 8.2073281956585531e-01 -1.1975410376181591e+01 2.4491013008690515e-01 -8.2122101441386164e-01 5.1537857315364155e-01 -5.4589186092841979e+00 8.7540502459420033e-01 4.1579258975314820e-01 2.4654120390230516e-01 8.7702116851142389e+00 0.0000000000000000e+00 0.0000000000000000e+00 0.0000000000000000e+00 1.0000000000000000e+00</transform>
    </camera>
    <camera id="114" label="DSC_0118.JPG" sensor_id="18" enabled="true">
      <transform>-5.1291788952925765e-01 4.2357553879671050e-01 7.4665855753076893e-01 -1.1105591102543302e+01 1.0504025905796180e-01 -8.3228346005979503e-01 5.4430762082477924e-01 -5.8550050972138310e+00 8.5198696150697550e-01 3.5761432443901314e-01 3.8240059149815575e-01 7.0931691593584656e+00 0.0000000000000000e+00 0.0000000000000000e+00 0.0000000000000000e+00 1.0000000000000000e+00</transform>
    </camera>
    <camera id="115" label="DSC_0119.JPG" sensor_id="18" enabled="true">
      <transform>-5.7833842030785898e-01 4.5136848200275370e-01 6.7955217978484905e-01 -1.0302152452065458e+01 -3.3317071632273654e-03 -8.3429168097550366e-01 5.5131324197995357e-01 -5.9407011858774341e+00 8.1579015152377787e-01 3.1658156059631481e-01 4.8400676045610447e-01 5.8762693817596068e+00 0.0000000000000000e+00 0.0000000000000000e+00 0.0000000000000000e+00 1.0000000000000000e+00</transform>
    </camera>
    <camera id="116" label="DSC_0120.JPG" sensor_id="18" enabled="true">
      <transform>-6.3084033307155640e-01 4.8089277459223045e-01 6.0891921756104395e-01 -9.4365726615261334e+00 -1.0704043396881990e-01 -8.3121184061398057e-01 5.4555405004351798e-01 -5.8897300247104747e+00 7.6849386442959611e-01 2.7897852133830092e-01 5.7583692567076683e-01 4.7193457421585636e+00 0.0000000000000000e+00 0.0000000000000000e+00 0.0000000000000000e+00 1.0000000000000000e+00</transform>
    </camera>
    <camera id="117" label="DSC_0121.JPG" sensor_id="18" enabled="true">
      <transform>-6.5718840579181659e-01 5.0704504111201443e-01 5.5768156288022097e-01 -8.4744124940700143e+00 -1.8026956909273581e-01 -8.2416357601877777e-01 5.3689596983313215e-01 -5.6759437413156997e+00 7.3185127024001928e-01 2.5230879145930635e-01 6.3303553770733390e-01 3.6131914983271667e+00 0.0000000000000000e+00 0.0000000000000000e+00 0.0000000000000000e+00 1.0000000000000000e+00</transform>
    </camera>
    <camera id="118" label="DSC_0122.JPG" sensor_id="18" enabled="true">
      <transform>-7.0113827194207168e-01 5.5051500626127980e-01 4.5314274958254425e-01 -7.1959913234897330e+00 -3.1001755670356235e-01 -8.0767556349579306e-01 5.0154690574990735e-01 -5.1860639573366401e+00 6.4210142357235034e-01 2.1117152273186854e-01 7.3696156604904761e-01 2.3947830711826632e+00 0.0000000000000000e+00 0.0000000000000000e+00 0.0000000000000000e+00 1.0000000000000000e+00</transform>
    </camera>
    <camera id="119" label="DSC_0123.JPG" sensor_id="18" enabled="true">
      <transform>-7.2885683876742247e-01 6.0326320437925596e-01 3.2379193137573925e-01 -5.6285874287245843e+00 -4.5275565698952863e-01 -7.7942922563701378e-01 4.3301547003180529e-01 -4.3117239814528050e+00 5.1359519433688217e-01 1.6900765800683992e-01 8.4122314987707181e-01 1.2136464156285467e+00 0.0000000000000000e+00 0.0000000000000000e+00 0.0000000000000000e+00 1.0000000000000000e+00</transform>
    </camera>
    <camera id="120" label="DSC_0124.JPG" sensor_id="19" enabled="true">
      <transform>-8.7424705437232730e-01 -3.0247006802045706e-01 3.7974194642284276e-01 -6.0825174235172996e+00 -1.5945008994636592e-01 -5.5991090597378967e-01 -8.1306546242458611e-01 1.0654419782938279e+01 4.5854962298251312e-01 -7.7136997305009891e-01 4.4127158070658179e-01 6.0942275383738247e+00 0.0000000000000000e+00 0.0000000000000000e+00 0.0000000000000000e+00 1.0000000000000000e+00</transform>
    </camera>
    <camera id="121" label="DSC_0125.JPG" sensor_id="19" enabled="true">
      <transform>-9.3043154682914397e-01 -2.5462581146904523e-01 2.6355802548747520e-01 -4.6666286632658194e+00 -8.2026927429019236e-02 -5.5623853508202115e-01 -8.2696449456210719e-01 1.0788256368069984e+01 3.5716763549022856e-01 -7.9105270887819945e-01 4.9665570764341527e-01 5.4971133200380038e+00 0.0000000000000000e+00 0.0000000000000000e+00 0.0000000000000000e+00 1.0000000000000000e+00</transform>
    </camera>
    <camera id="122" label="DSC_0126.JPG" sensor_id="19" enabled="true">
      <transform>-9.7026670169855211e-01 -2.0233910940948469e-01 1.3282097868329937e-01 -3.0876410972801116e+00 1.9242812256695524e-03 -5.5519156738900444e-01 -8.3172027788307834e-01 1.0786428013776481e+01 2.4203062764199371e-01 -8.0673490584176233e-01 5.3907324825083380e-01 5.0369328023516360e+00 0.0000000000000000e+00 0.0000000000000000e+00 0.0000000000000000e+00 1.0000000000000000e+00</transform>
    </camera>
    <camera id="123" label="DSC_0127.JPG" sensor_id="19" enabled="true">
      <transform>-9.8863250059520169e-01 -1.5014345194105894e-01 7.9197604825803000e-03 -1.5663798695932472e+00 7.8351153085030739e-02 -5.5943555150907720e-01 -8.2516238433291467e-01 1.0677844185945993e+01 1.2832332436905067e-01 -8.1516182905418100e-01 5.6484008079802406e-01 4.7690801162602829e+00 0.0000000000000000e+00 0.0000000000000000e+00 0.0000000000000000e+00 1.0000000000000000e+00</transform>
    </camera>
    <camera id="124" label="DSC_0128.JPG" sensor_id="19" enabled="true">
      <transform>-9.9054883003369931e-01 -1.0407180175772507e-01 -8.9342461337094378e-02 6.6994588722654416e-02 1.3294750922949747e-01 -5.6830077323807837e-01 -8.1200935396501117e-01 1.0425234035998811e+01 3.3733886650401224e-02 -8.1621277324966124e-01 5.7676575286294063e-01 4.6725581799166234e+00 0.0000000000000000e+00 0.0000000000000000e+00 0.0000000000000000e+00 1.0000000000000000e+00</transform>
    </camera>
    <camera id="125" label="DSC_0129.JPG" sensor_id="19" enabled="true">
      <transform>-9.7871392191353657e-01 -6.2973468382320277e-02 -1.9532895671795472e-01 1.2893023667122492e+00 1.9536785151457625e-01 -5.7736476703775652e-01 -7.9276814288795427e-01 1.0160821591777685e+01 -6.2852698010524649e-02 -8.1405421690655122e-01 5.7737792674249366e-01 4.7552109396306834e+00 0.0000000000000000e+00 0.0000000000000000e+00 0.0000000000000000e+00 1.0000000000000000e+00</transform>
    </camera>
    <camera id="126" label="DSC_0131.JPG" sensor_id="19" enabled="true">
      <transform>-8.9738739215165941e-01 3.5430918835126946e-02 -4.3981873356843548e-01 4.1779117713418366e+00 3.2921579577687732e-01 -6.0991043431253567e-01 -7.2085104004065315e-01 9.1911243230461857e+00 -2.9379044950141109e-01 -7.9167790932120408e-01 5.3566151595440004e-01 5.4416745513981502e+00 0.0000000000000000e+00 0.0000000000000000e+00 0.0000000000000000e+00 1.0000000000000000e+00</transform>
    </camera>
    <camera id="127" label="DSC_0133.JPG" sensor_id="19" enabled="true">
      <transform>-6.8097372323775007e-01 1.4448463867955758e-01 -7.1791293166048609e-01 7.3728528184000943e+00 4.6391474971777896e-01 -6.7342142275840222e-01 -5.7557509706756771e-01 7.3174690744088000e+00 -5.6661970778821902e-01 -7.2500191486346233e-01 3.9155373857276199e-01 7.3784768307070401e+00 0.0000000000000000e+00 0.0000000000000000e+00 0.0000000000000000e+00 1.0000000000000000e+00</transform>
    </camera>
    <camera id="128" label="DSC_0134.JPG" sensor_id="19" enabled="true">
      <transform>-6.8147991264211716e-01 1.4487171324521486e-01 -7.1735438617651759e-01 7.3340924578964897e+00 4.6403054993513471e-01 -6.7244177674671501e-01 -5.7662614024393444e-01 7.2907979497261417e+00 -5.6591587483670092e-01 -7.2583348199646813e-01 3.9103066250703933e-01 7.3991759159703152e+00 0.0000000000000000e+00 0.0000000000000000e+00 0.0000000000000000e+00 1.0000000000000000e+00</transform>
    </camera>
    <camera id="129" label="DSC_0135.JPG" sensor_id="19" enabled="true">
      <transform>-4.8942658145887113e-01 1.9617777321411436e-01 -8.4969165151732218e-01 8.8008261720257703e+00 5.1461127468189705e-01 -7.2164760139018336e-01 -4.6303344952397141e-01 5.9196409343381093e+00 -7.0401481329000182e-01 -6.6388178217552141e-01 2.5223822462842027e-01 9.1736244916986127e+00 0.0000000000000000e+00 0.0000000000000000e+00 0.0000000000000000e+00 1.0000000000000000e+00</transform>
    </camera>
    <camera id="130" label="DSC_0136.JPG" sensor_id="19" enabled="true">
      <transform>-3.1010199667900573e-01 2.2278012710503700e-01 -9.2423252843792358e-01 9.5648527555595830e+00 5.3610292641421797e-01 -7.6187099644130329e-01 -3.6351923892917570e-01 4.6881822650711831e+00 -7.8513081963823406e-01 -6.0821180500595284e-01 1.1682463912032981e-01 1.0874425551628079e+01 0.0000000000000000e+00 0.0000000000000000e+00 0.0000000000000000e+00 1.0000000000000000e+00</transform>
    </camera>
    <camera id="131" label="DSC_0137.JPG" sensor_id="19" enabled="true">
      <transform>-3.9707773300514004e-02 2.3777862997838395e-01 -9.7050740124180301e-01 9.9107828200827601e+00 5.3408209975161969e-01 -8.1583684315701976e-01 -2.2173532887767186e-01 3.3094213363397040e+00 -8.4449961720797495e-01 -5.2713524685149926e-01 -9.4598245556632543e-02 1.2903168410556336e+01 0.0000000000000000e+00 0.0000000000000000e+00 0.0000000000000000e+00 1.0000000000000000e+00</transform>
    </camera>
    <camera id="132" label="DSC_0138.JPG" sensor_id="19" enabled="true">
      <transform>1.9572268128634296e-01 2.2545082117311677e-01 -9.5439224601966011e-01 9.7393531592906601e+00 4.9791473211949000e-01 -8.6128385822383957e-01 -1.0134611537416507e-01 2.0316572232397463e+00 -8.4485120084453968e-01 -4.5537022607481092e-01 -2.8082807131074805e-01 1.4883503605264210e+01 0.0000000000000000e+00 0.0000000000000000e+00 0.0000000000000000e+00 1.0000000000000000e+00</transform>
    </camera>
    <camera id="133" label="DSC_0139.JPG" sensor_id="19" enabled="true">
      <transform>3.9799678909401182e-01 2.0212752632408509e-01 -8.9484245483378966e-01 9.1131691514702844e+00 4.3582580044359170e-01 -8.9998145651153105e-01 -9.4472008068907098e-03 9.4019004786144600e-01 -8.0725115517945167e-01 -3.8623547356177607e-01 -4.4628212088761909e-01 1.6793589948704959e+01 0.0000000000000000e+00 0.0000000000000000e+00 0.0000000000000000e+00 1.0000000000000000e+00</transform>
    </camera>
    <camera id="134" label="DSC_0140.JPG" sensor_id="19" enabled="true">
      <transform>6.4161477151988100e-01 1.4009074523499934e-01 -7.5412536628003224e-01 7.4919429519289320e+00 3.2248296542676869e-01 -9.4133086434648972e-01 9.9503471488426226e-02 -3.9649072596412094e-01 -6.9594196739171266e-01 -3.0703548154601457e-01 -6.4914866640451407e-01 1.9276588545862491e+01 0.0000000000000000e+00 0.0000000000000000e+00 0.0000000000000000e+00 1.0000000000000000e+00</transform>
    </camera>
    <camera id="135" label="DSC_0141.JPG" sensor_id="19" enabled="true">
      <transform>8.1515864364761670e-01 5.0460310296812944e-02 -5.7703565121344691e-01 5.4075423145393051e+00 1.9133097340697938e-01 -9.6373889285471959e-01 1.8601022825182800e-01 -1.4799885347002955e+00 -5.4672556580218123e-01 -2.6203263820354278e-01 -7.9525470901741668e-01 2.1091020249226279e+01 0.0000000000000000e+00 0.0000000000000000e+00 0.0000000000000000e+00 1.0000000000000000e+00</transform>
    </camera>
    <camera id="136" label="DSC_0142.JPG" sensor_id="19" enabled="true">
      <transform>8.9431412119545839e-01 -7.6569903175945850e-03 -4.4737414222289562e-01 3.8842225846874632e+00 9.9069854453462169e-02 -9.7164826867003007e-01 2.1467371969829699e-01 -1.8496131107213274e+00 -4.3633406533178820e-01 -2.3630703013200735e-01 -8.6820019059041065e-01 2.1998523536022137e+01 0.0000000000000000e+00 0.0000000000000000e+00 0.0000000000000000e+00 1.0000000000000000e+00</transform>
    </camera>
    <camera id="137" label="DSC_0143.JPG" sensor_id="19" enabled="true">
      <transform>9.4571570769207414e-01 -6.3696823336488378e-02 -3.1869188085252448e-01 2.3869310243220903e+00 1.1900269013316381e-02 -9.7316058517308490e-01 2.2981918776070392e-01 -2.0671824309899702e+00 -3.2477712946248255e-01 -2.2113613490883660e-01 -9.1957524217199904e-01 2.2640765081587656e+01 0.0000000000000000e+00 0.0000000000000000e+00 0.0000000000000000e+00 1.0000000000000000e+00</transform>
    </camera>
    <camera id="138" label="DSC_0145.JPG" sensor_id="19" enabled="true">
      <transform>9.7599155953313121e-01 -1.1249867522938081e-01 -1.8650609585673025e-01 1.0438250030335008e+00 -6.9581852614093331e-02 -9.7245720453491691e-01 2.2245303130082406e-01 -2.0296446340017487e+00 -2.0639486792765985e-01 -2.0413484126863085e-01 -9.5693788987235462e-01 2.3069583923788716e+01 0.0000000000000000e+00 0.0000000000000000e+00 0.0000000000000000e+00 1.0000000000000000e+00</transform>
    </camera>
    <camera id="139" label="DSC_0147.JPG" sensor_id="19" enabled="true">
      <transform>9.7185673501873626e-01 -2.2209145104032182e-01 7.8548545330431457e-02 -2.5464794504394805e+00 -2.3287352078867171e-01 -9.5607231430857209e-01 1.7803273049677990e-01 -1.5186912853844139e+00 3.5558542070936984e-02 -1.9131418449099721e-01 -9.8088453596656011e-01 2.3546946646452458e+01 0.0000000000000000e+00 0.0000000000000000e+00 0.0000000000000000e+00 1.0000000000000000e+00</transform>
    </camera>
    <camera id="140" label="DSC_0149.JPG" sensor_id="19" enabled="true">
      <transform>8.8874460880499861e-01 -3.2173739098554066e-01 3.2652422813915172e-01 -5.5649686275895398e+00 -3.7029675633996673e-01 -9.2376522612233791e-01 9.7663295312237233e-02 -6.0389827106618743e-01 2.7020979361257580e-01 -2.0770858973322043e-01 -9.4012967679298687e-01 2.3131304177052616e+01 0.0000000000000000e+00 0.0000000000000000e+00 0.0000000000000000e+00 1.0000000000000000e+00</transform>
    </camera>
    <camera id="141" label="DSC_0151.JPG" sensor_id="19" enabled="true">
      <transform>7.5953369228899137e-01 -3.9595495446512041e-01 5.1606999943067400e-01 -7.9323908519661854e+00 -4.6597250143352742e-01 -8.8477182451576852e-01 6.9603484696737633e-03 5.2234147283227383e-01 4.5384821051275798e-01 -2.4576104772229962e-01 -8.5651813129484000e-01 2.2195197250134203e+01 0.0000000000000000e+00 0.0000000000000000e+00 0.0000000000000000e+00 1.0000000000000000e+00</transform>
    </camera>
    <camera id="142" label="DSC_0152.JPG" sensor_id="19" enabled="true">
      <transform>6.8961319249430808e-01 -4.2425229136214315e-01 5.8689320835376790e-01 -8.8152107594511921e+00 -4.9820678944880203e-01 -8.6610329757431503e-01 -4.0682586913991084e-02 1.0697579565260826e+00 5.2556982379596828e-01 -2.6433893244255308e-01 -8.0864163206590245e-01 2.1621868736779245e+01 0.0000000000000000e+00 0.0000000000000000e+00 0.0000000000000000e+00 1.0000000000000000e+00</transform>
    </camera>
    <camera id="143" label="DSC_0153.JPG" sensor_id="19" enabled="true">
      <transform>6.2761901417510979e-01 -4.4378027100855150e-01 6.3965103307150251e-01 -9.4971501406831376e+00 -5.2050138530549761e-01 -8.5018579034838715e-01 -7.9135515318636412e-02 1.5495162430471336e+00 5.7894099953356359e-01 -2.8327229471528781e-01 -7.6458101343534135e-01 2.1138691908245089e+01 0.0000000000000000e+00 0.0000000000000000e+00 0.0000000000000000e+00 1.0000000000000000e+00</transform>
    </camera>
    <camera id="144" label="DSC_0154.JPG" sensor_id="19" enabled="true">
      <transform>6.2702540646717719e-01 -4.4446165093980095e-01 6.3976009604267847e-01 -9.4728899194908909e+00 -5.1964640033429366e-01 -8.5048028845445600e-01 -8.1553035320804004e-02 1.5367567049750730e+00 5.8035054774186412e-01 -2.8131320586544067e-01 -7.6423564555798262e-01 2.1095486207795563e+01 0.0000000000000000e+00 0.0000000000000000e+00 0.0000000000000000e+00 1.0000000000000000e+00</transform>
    </camera>
    <camera id="145" label="DSC_0155.JPG" sensor_id="19" enabled="true">
      <transform>5.1593659530216074e-01 -4.7464518457062094e-01 7.1310684921120748e-01 -1.0397026660308276e+01 -5.5027884092029566e-01 -8.2162519814953627e-01 -1.4874552430628357e-01 2.3482040728716425e+00 6.5650790312335949e-01 -3.1566435105924850e-01 -6.8509370936165603e-01 2.0144681853316900e+01 0.0000000000000000e+00 0.0000000000000000e+00 0.0000000000000000e+00 1.0000000000000000e+00</transform>
    </camera>
    <camera id="146" label="DSC_0156.JPG" sensor_id="19" enabled="true">
      <transform>5.1766500988595632e-01 -4.7144252204092096e-01 7.1397821111814641e-01 -1.0428263634439935e+01 -5.5062892234095207e-01 -8.2228357138771702e-01 -1.4372723509308555e-01 2.3616319221813655e+00 6.5485168352949541e-01 -3.1873449238756230e-01 -6.8525732096857506e-01 2.0179191621577882e+01 0.0000000000000000e+00 0.0000000000000000e+00 0.0000000000000000e+00 1.0000000000000000e+00</transform>
    </camera>
    <camera id="147" label="DSC_0157.JPG" sensor_id="19" enabled="true">
      <transform>4.0408412399291338e-01 -4.9221953758157289e-01 7.7099672344301273e-01 -1.1139843013720848e+01 -5.6801289456932069e-01 -7.9570017590871800e-01 -2.1029165856452048e-01 3.1695632756922096e+00 7.1699189140454067e-01 -3.5296055995226672e-01 -6.0111685284836369e-01 1.9134423915619234e+01 0.0000000000000000e+00 0.0000000000000000e+00 0.0000000000000000e+00 1.0000000000000000e+00</transform>
    </camera>
    <camera id="148" label="DSC_0158.JPG" sensor_id="19" enabled="true">
      <transform>2.8574286327399312e-01 -5.0853956208342876e-01 8.1224290079013584e-01 -1.1700482229695330e+01 -5.7683495286203779e-01 -7.6810744957252097e-01 -2.7797910545191645e-01 3.9860593166419305e+00 7.6525319551415827e-01 -3.8909954986762890e-01 -5.1282461626581255e-01 1.8090288379302240e+01 0.0000000000000000e+00 0.0000000000000000e+00 0.0000000000000000e+00 1.0000000000000000e+00</transform>
    </camera>
    <camera id="149" label="DSC_0159.JPG" sensor_id="19" enabled="true">
      <transform>1.5014200460118987e-01 -5.1884767078286831e-01 8.4157856019359745e-01 -1.2067729165476184e+01 -5.7540673500639616e-01 -7.3806476807157539e-01 -3.5237407316760783e-01 4.8416972004558483e+00 8.0396795195058313e-01 -4.3134382185751075e-01 -4.0936296801462246e-01 1.6863439999241901e+01 0.0000000000000000e+00 0.0000000000000000e+00 0.0000000000000000e+00 1.0000000000000000e+00</transform>
    </camera>
    <camera id="150" label="DSC_0160.JPG" sensor_id="19" enabled="true">
      <transform>2.0905736653302975e-02 -5.2056368419516419e-01 8.5356686959613193e-01 -1.2227111420072482e+01 -5.6355067416689342e-01 -7.1133384371339292e-01 -4.2001761919468389e-01 5.6324342365364428e+00 8.2581692149109098e-01 -4.7224740707079355e-01 -3.0823497318424042e-01 1.5663283951726068e+01 0.0000000000000000e+00 0.0000000000000000e+00 0.0000000000000000e+00 1.0000000000000000e+00</transform>
    </camera>
    <camera id="151" label="DSC_0161.JPG" sensor_id="19" enabled="true">
      <transform>-9.5218432962065225e-02 -5.1796039801402050e-01 8.5008851075250147e-01 -1.2208071201037363e+01 -5.4431661241305773e-01 -6.8790496349087538e-01 -4.8011059835811815e-01 6.3313774182924369e+00 8.3345838256953264e-01 -5.0843267724820240e-01 -2.1643321656068326e-01 1.4560595977103819e+01 0.0000000000000000e+00 0.0000000000000000e+00 0.0000000000000000e+00 1.0000000000000000e+00</transform>
    </camera>
    <camera id="152" label="DSC_0162.JPG" sensor_id="19" enabled="true">
      <transform>-2.0194105608480606e-01 -5.1146554325381011e-01 8.3523817437389558e-01 -1.2068506628592385e+01 -5.2002454958269240e-01 -6.6667022710364687e-01 -5.3397123155174731e-01 6.9662372432520261e+00 8.2993630942300090e-01 -5.4217506984151975e-01 -1.3134654903602172e-01 1.3539224669990551e+01 0.0000000000000000e+00 0.0000000000000000e+00 0.0000000000000000e+00 1.0000000000000000e+00</transform>
    </camera>
    <camera id="153" label="DSC_0163.JPG" sensor_id="19" enabled="true">
      <transform>-3.1302839992869758e-01 -4.9879981300151571e-01 8.0821529766995392e-01 -1.1789353140680072e+01 -4.8779907611925638e-01 -6.4572451450705926e-01 -5.8744524230078032e-01 7.6301105494872310e+00 8.1490200771336863e-01 -5.7813371975199268e-01 -4.1183976379717602e-02 1.2430698114824070e+01 0.0000000000000000e+00 0.0000000000000000e+00 0.0000000000000000e+00 1.0000000000000000e+00</transform>
    </camera>
    <camera id="154" label="DSC_0164.JPG" sensor_id="19" enabled="true">
      <transform>-3.8882140808427401e-01 -4.8463690960726041e-01 7.8354641117274404e-01 -1.1368441989115832e+01 -4.6774731644060524e-01 -6.2886829277744449e-01 -6.2107738511540966e-01 8.2439454471998861e+00 7.9374451845538763e-01 -6.0798991454259066e-01 1.7829841180415640e-02 1.1399192284303270e+01 0.0000000000000000e+00 0.0000000000000000e+00 0.0000000000000000e+00 1.0000000000000000e+00</transform>
    </camera>
    <camera id="155" label="DSC_0165.JPG" sensor_id="19" enabled="true">
      <transform>-4.9545705289188269e-01 -4.6213791303643820e-01 7.3549361525034052e-01 -1.0779829280786354e+01 -4.2431122073188238e-01 -6.1006837277719816e-01 -6.6916109308446914e-01 8.8234946846276987e+00 7.5794610408703222e-01 -6.4361877681691926e-01 1.0617237601176188e-01 1.0334523521476848e+01 0.0000000000000000e+00 0.0000000000000000e+00 0.0000000000000000e+00 1.0000000000000000e+00</transform>
    </camera>
    <camera id="156" label="DSC_0166.JPG" sensor_id="19" enabled="true">
      <transform>-5.8905362289681829e-01 -4.3793584719959999e-01 6.7913770554262520e-01 -1.0089433484763981e+01 -3.7623369335045065e-01 -5.9514764135645370e-01 -7.1010386069625664e-01 9.3278676773932752e+00 7.1516713944364907e-01 -6.7380373902600033e-01 1.8580765305705094e-01 9.3583714402989528e+00 0.0000000000000000e+00 0.0000000000000000e+00 0.0000000000000000e+00 1.0000000000000000e+00</transform>
    </camera>
    <camera id="157" label="DSC_0167.JPG" sensor_id="19" enabled="true">
      <transform>-6.5166239841643581e-01 -4.1327074524147761e-01 6.3603727061996307e-01 -9.2133260485124691e+00 -3.4426381841835901e-01 -5.8604419112752315e-01 -7.3350843851567116e-01 9.8235524870394801e+00 6.7588352681371777e-01 -6.9696448774183661e-01 2.3962879837074968e-01 8.3867226662967820e+00 0.0000000000000000e+00 0.0000000000000000e+00 0.0000000000000000e+00 1.0000000000000000e+00</transform>
    </camera>
    <camera id="158" label="DSC_0168.JPG" sensor_id="19" enabled="true">
      <transform>-7.2227011291830179e-01 -3.8727834563380703e-01 5.7301079133653765e-01 -8.4205434343817149e+00 -2.9678702465408136e-01 -5.7479558875256243e-01 -7.6257949955894622e-01 1.0126940955635163e+01 6.2469460217130202e-01 -7.2085054911107382e-01 3.0021848687964237e-01 7.6714158807693629e+00 0.0000000000000000e+00 0.0000000000000000e+00 0.0000000000000000e+00 1.0000000000000000e+00</transform>
    </camera>
    <camera id="159" label="DSC_0169.JPG" sensor_id="19" enabled="true">
      <transform>-8.2165027165106252e-01 -3.3832262095487786e-01 4.5872501048662828e-01 -6.9787821919636572e+00 -2.1425942520658489e-01 -5.6244462509587789e-01 -7.9859184970227515e-01 1.0527254048069191e+01 5.2818910420973197e-01 -7.5444936732094836e-01 3.8964396869853024e-01 6.6520841591007205e+00 0.0000000000000000e+00 0.0000000000000000e+00 0.0000000000000000e+00 1.0000000000000000e+00</transform>
    </camera>
    <camera id="160" label="DSC_0170.JPG" sensor_id="19" enabled="true">
      <transform>-9.0611794301456872e-01 -2.7807784242110400e-01 3.1878360513280868e-01 -5.1317913730037068e+00 -1.1983564310395024e-01 -5.5397659905194008e-01 -8.2386245596258889e-01 1.0789684878813238e+01 4.0569655161081841e-01 -7.8471819225583772e-01 4.6864449933165853e-01 5.7232649426034845e+00 0.0000000000000000e+00 0.0000000000000000e+00 0.0000000000000000e+00 1.0000000000000000e+00</transform>
    </camera>
    <camera id="161" label="DSC_0171.JPG" sensor_id="19" enabled="true">
      <transform>-9.0662934059612610e-01 -2.7832248796026493e-01 3.1711170187465748e-01 -5.1375852585331794e+00 -1.1830353360151737e-01 -5.5374265752143836e-01 -8.2424107103352329e-01 1.0794327446530209e+01 4.0500310209630258e-01 -7.8479657360153099e-01 4.6911280664214339e-01 5.7209786307896637e+00 0.0000000000000000e+00 0.0000000000000000e+00 0.0000000000000000e+00 1.0000000000000000e+00</transform>
    </camera>
    <camera id="162" label="DSC_0172.JPG" sensor_id="19" enabled="true">
      <transform>-9.6514902085088972e-01 -2.1011003829167818e-01 1.5601647143695618e-01 -3.1418310814173998e+00 -1.4332435533238194e-02 -5.5283095281747907e-01 -8.3317016203090466e-01 1.0821615106206727e+01 2.6130814920751055e-01 -8.0636946210529814e-01 5.3055286422915238e-01 5.0629197689661751e+00 0.0000000000000000e+00 0.0000000000000000e+00 0.0000000000000000e+00 1.0000000000000000e+00</transform>
    </camera>
    <camera id="163" label="DSC_0173.JPG" sensor_id="19" enabled="true">
      <transform>-9.9073757428664866e-01 -1.3578820283019014e-01 -7.8922034583745609e-04 -8.6670752518616534e-01 7.7244295162592680e-02 -5.5879054253785587e-01 -8.2570360810346610e-01 1.0603736342660570e+01 1.1167980014954093e-01 -8.1811655254150395e-01 5.6410365066728807e-01 4.7143194612156947e+00 0.0000000000000000e+00 0.0000000000000000e+00 0.0000000000000000e+00 1.0000000000000000e+00</transform>
    </camera>
    <camera id="164" label="DSC_0174.JPG" sensor_id="19" enabled="true">
      <transform>-9.8816101789370092e-01 -9.7041773590114691e-02 -1.1883053855709697e-01 7.7279058588253253e-03 1.5297390181319556e-01 -5.6416953018904858e-01 -8.1136411466758562e-01 1.0445327577718890e+01 1.1695643604846678e-02 -8.1993636056998542e-01 5.7233519596117377e-01 4.6885142285017283e+00 0.0000000000000000e+00 0.0000000000000000e+00 0.0000000000000000e+00 1.0000000000000000e+00</transform>
    </camera>
    <camera id="165" label="DSC_0175.JPG" sensor_id="19" enabled="true">
      <transform>-9.7295578432689134e-01 -4.5839458884038342e-02 -2.2639740668581490e-01 1.7724876831097256e+00 2.1062903000898464e-01 -5.7842305095202851e-01 -7.8807498745031945e-01 1.0033681529391707e+01 -9.4828547718068285e-02 -8.1444798368991345e-01 5.7243517397266586e-01 4.8085458738777165e+00 0.0000000000000000e+00 0.0000000000000000e+00 0.0000000000000000e+00 1.0000000000000000e+00</transform>
    </camera>
    <camera id="166" label="DSC_0177.JPG" sensor_id="19" enabled="true">
      <transform>-8.4031555040546957e-01 7.8184951523689677e-02 -5.3642976157367606e-01 5.3571801272508965e+00 3.7606414915982600e-01 -6.2863789974293693e-01 -6.8072765973147087e-01 8.5841214206845962e+00 -3.9044273775221999e-01 -7.7375803993369097e-01 4.9885164545636629e-01 5.9684667999203311e+00 0.0000000000000000e+00 0.0000000000000000e+00 0.0000000000000000e+00 1.0000000000000000e+00</transform>
    </camera>
    <camera id="167" label="DSC_0178.JPG" sensor_id="19" enabled="true">
      <transform>-7.1735530956016369e-01 1.3290472570439571e-01 -6.8391351334162209e-01 7.0210329378970648e+00 4.4687392386736757e-01 -6.6533873189454928e-01 -5.9802012341420030e-01 7.5350321622102641e+00 -5.3451385016033393e-01 -7.3461602604788878e-01 4.1789261570454184e-01 7.0967148752653246e+00 0.0000000000000000e+00 0.0000000000000000e+00 0.0000000000000000e+00 1.0000000000000000e+00</transform>
    </camera>
    <camera id="168" label="DSC_0179.JPG" sensor_id="19" enabled="true">
      <transform>-5.8963283200488315e-01 1.7130804453836190e-01 -7.8929505085129215e-01 8.1356205009168878e+00 4.9277193356881255e-01 -6.9798441945669820e-01 -5.1960905658249434e-01 6.6124390650910545e+00 -6.3992885925605436e-01 -6.9532100793240714e-01 3.2713873359647649e-01 8.2375674894451318e+00 0.0000000000000000e+00 0.0000000000000000e+00 0.0000000000000000e+00 1.0000000000000000e+00</transform>
    </camera>
    <camera id="169" label="DSC_0180.JPG" sensor_id="19" enabled="true">
      <transform>-4.0955040619293237e-01 2.0858650461413239e-01 -8.8812168922961388e-01 9.2004302634813175e+00 5.2613292492791031e-01 -7.4129889753635381e-01 -4.1672543697042114e-01 5.3567046781323073e+00 -7.4528693138549407e-01 -6.3794013402845651e-01 1.9385503682326477e-01 9.9120627772539294e+00 0.0000000000000000e+00 0.0000000000000000e+00 0.0000000000000000e+00 1.0000000000000000e+00</transform>
    </camera>
    <camera id="38" label="DSC_0182.JPG" sensor_id="7" enabled="true">
      <transform>9.5401324010126243e-01 6.0211871254888596e-02 -2.9365501574377317e-01 2.2268141568224094e+00 -5.6955885240059317e-02 9.9818360280751373e-01 1.9634719828225775e-02 -1.4481313214384128e-01 2.9430386482003956e-01 -2.0064013049360032e-03 9.5570979355963037e-01 4.0948969451114342e-01 0.0000000000000000e+00 0.0000000000000000e+00 0.0000000000000000e+00 1.0000000000000000e+00</transform>
      <orientation>1</orientation>
    </camera>
    <camera id="39" label="DSC_0183.JPG" sensor_id="7" enabled="true">
      <transform>9.9351131628481237e-01 -1.7662810537350762e-02 -1.1235341355713742e-01 8.3907108421043250e-02 1.9661750633835552e-02 9.9966706764434443e-01 1.6708364054288126e-02 -9.1787175923981348e-02 1.1202089080181592e-01 -1.8809013564762278e-02 9.9352782599818923e-01 -1.7025433731277569e-02 0.0000000000000000e+00 0.0000000000000000e+00 0.0000000000000000e+00 1.0000000000000000e+00</transform>
      <orientation>1</orientation>
    </camera>
    <camera id="40" label="DSC_0184.JPG" sensor_id="7" enabled="true">
      <transform>9.9407791542752133e-01 -8.9713618850027849e-02 6.1323442924429393e-02 -1.8698538473791635e+00 8.8300678299971042e-02 9.9577046647030121e-01 2.5380471179311651e-02 -1.4701706932813011e-01 -6.3341047284038832e-02 -1.9815264276581736e-02 9.9779520295029001e-01 -9.3528470342646289e-02 0.0000000000000000e+00 0.0000000000000000e+00 0.0000000000000000e+00 1.0000000000000000e+00</transform>
      <orientation>1</orientation>
    </camera>
    <camera id="41" label="DSC_0185.JPG" sensor_id="7" enabled="true">
      <transform>9.6200893444259450e-01 -1.5442330474945040e-01 2.2514940151570959e-01 -3.7813005925926131e+00 1.4868655430330449e-01 9.8797826068000860e-01 4.2323338633849683e-02 -3.4290649779813315e-01 -2.2897842392250481e-01 -7.2387411863807649e-03 9.7340458289654785e-01 1.3583493105734912e-01 0.0000000000000000e+00 0.0000000000000000e+00 0.0000000000000000e+00 1.0000000000000000e+00</transform>
      <orientation>1</orientation>
    </camera>
    <camera id="42" label="DSC_0186.JPG" sensor_id="7" enabled="true">
      <transform>8.8381125411785932e-01 -2.2867061152968254e-01 4.0815122015897204e-01 -5.9530944548395004e+00 2.1655120881025519e-01 9.7327969373250045e-01 7.6368918617375284e-02 -7.2576932060149868e-01 -4.1470862187496643e-01 2.0889930363958784e-02 9.0971444407130031e-01 8.2776774246777773e-01 0.0000000000000000e+00 0.0000000000000000e+00 0.0000000000000000e+00 1.0000000000000000e+00</transform>
      <orientation>1</orientation>
    </camera>
    <camera id="43" label="DSC_0187.JPG" sensor_id="7" enabled="true">
      <transform>7.7536674985205634e-01 -2.8968570906287472e-01 5.6114935016321499e-01 -7.7682505410994764e+00 2.7121819453719354e-01 9.5521279294108929e-01 1.1836051349022096e-01 -1.1981147762975275e+00 -5.7030438730194244e-01 6.0421106961253426e-02 8.1920827367509719e-01 1.8426709400657866e+00 0.0000000000000000e+00 0.0000000000000000e+00 0.0000000000000000e+00 1.0000000000000000e+00</transform>
      <orientation>1</orientation>
    </camera>
    <camera id="44" label="DSC_0188.JPG" sensor_id="7" enabled="true">
      <transform>6.3345271791768853e-01 -3.4613127682601080e-01 6.9204825941944892e-01 -9.4867672840819246e+00 3.1893919547356947e-01 9.3165885653244440e-01 1.7403897447218666e-01 -1.9225520259900284e+00 -7.0499322248753959e-01 1.1047585368510929e-01 7.0055666580168996e-01 3.3492534737901876e+00 0.0000000000000000e+00 0.0000000000000000e+00 0.0000000000000000e+00 1.0000000000000000e+00</transform>
      <orientation>1</orientation>
    </camera>
    <camera id="45" label="DSC_0189.JPG" sensor_id="7" enabled="true">
      <transform>4.9511850989282580e-01 -3.7889935499466015e-01 7.8185224943472409e-01 -1.0538078544435608e+01 3.4539285456359531e-01 9.1156896480140226e-01 2.2303766145499021e-01 -2.4964428390234361e+00 -7.9722107170967249e-01 1.5961610568965223e-01 5.8220379733092686e-01 4.7353702054457143e+00 0.0000000000000000e+00 0.0000000000000000e+00 0.0000000000000000e+00 1.0000000000000000e+00</transform>
      <orientation>1</orientation>
    </camera>
    <camera id="46" label="DSC_0190.JPG" sensor_id="7" enabled="true">
      <transform>3.1851615554069662e-01 -4.0564856801484023e-01 8.5673607250254413e-01 -1.1422470846633871e+01 3.6608241491025956e-01 8.8632853941677947e-01 2.8355843438133044e-01 -3.1946704273487656e+00 -8.7437470466216460e-01 2.2331806797218234e-01 4.3081076630479476e-01 6.5047088749794026e+00 0.0000000000000000e+00 0.0000000000000000e+00 0.0000000000000000e+00 1.0000000000000000e+00</transform>
      <orientation>1</orientation>
    </camera>
    <camera id="47" label="DSC_0191.JPG" sensor_id="7" enabled="true">
      <transform>1.5780953066620892e-01 -4.1708003025071133e-01 8.9506446717372079e-01 -1.1908216944083350e+01 3.7880955216257600e-01 8.6264396783086128e-01 3.3518458788467115e-01 -3.9161726330508557e+00 -9.1192076148166501e-01 2.8616364746608519e-01 2.9412733917065004e-01 8.3988328641373737e+00 0.0000000000000000e+00 0.0000000000000000e+00 0.0000000000000000e+00 1.0000000000000000e+00</transform>
      <orientation>1</orientation>
    </camera>
    <camera id="48" label="DSC_0192.JPG" sensor_id="7" enabled="true">
      <transform>-1.8712730054853324e-02 -4.1993078713244397e-01 9.0736319506150342e-01 -1.1995614090227695e+01 3.7618160771166581e-01 8.3787956077680048e-01 3.9553159121863080e-01 -4.6022510414027860e+00 -9.2635696777935472e-01 3.4873482139127099e-01 1.4229122459181273e-01 1.0168350286393231e+01 0.0000000000000000e+00 0.0000000000000000e+00 0.0000000000000000e+00 1.0000000000000000e+00</transform>
      <orientation>1</orientation>
    </camera>
    <camera id="49" label="DSC_0193.JPG" sensor_id="7" enabled="true">
      <transform>-2.1000425541902915e-01 -4.0693286482529167e-01 8.8899035778290658e-01 -1.1716277520269069e+01 3.6172004909519995e-01 8.1241040828108479e-01 4.5732694497386372e-01 -5.3000229191744888e+00 -9.0832638340437155e-01 4.1760624042468786e-01 -2.3413867042683806e-02 1.2095853446637648e+01 0.0000000000000000e+00 0.0000000000000000e+00 0.0000000000000000e+00 1.0000000000000000e+00</transform>
      <orientation>1</orientation>
    </camera>
    <camera id="50" label="DSC_0194.JPG" sensor_id="7" enabled="true">
      <transform>-3.9112320695910296e-01 -3.8789565814231819e-01 8.3460145900445470e-01 -1.1119751903722829e+01 3.3203133253258810e-01 7.8629823417566425e-01 5.2104729262214367e-01 -6.0811777707408714e+00 -8.5835763595057546e-01 4.8090752263462222e-01 -1.7874597472046649e-01 1.3907706634633367e+01 0.0000000000000000e+00 0.0000000000000000e+00 0.0000000000000000e+00 1.0000000000000000e+00</transform>
      <orientation>1</orientation>
    </camera>
    <camera id="51" label="DSC_0195.JPG" sensor_id="7" enabled="true">
      <transform>-6.1142585798829152e-01 -3.3345947776023865e-01 7.1760936231012940e-01 -9.6852697796106941e+00 2.7426199357272585e-01 7.6135562324758266e-01 5.8746742363368487e-01 -6.8488235990632917e+00 -7.4225250357597017e-01 5.5600574784902557e-01 -3.7405725403212048e-01 1.6136984296081710e+01 0.0000000000000000e+00 0.0000000000000000e+00 0.0000000000000000e+00 1.0000000000000000e+00</transform>
      <orientation>1</orientation>
    </camera>
    <camera id="52" label="DSC_0196.JPG" sensor_id="7" enabled="true">
      <transform>-7.8340655952777571e-01 -2.6853355460511924e-01 5.6050324935721207e-01 -7.7938048800172721e+00 2.0232279225905783e-01 7.4253036809321316e-01 6.3852497225390892e-01 -7.4624862608914038e+00 -5.8765606456613007e-01 6.1362723416622933e-01 -5.2737270242983936e-01 1.7917730198025904e+01 0.0000000000000000e+00 0.0000000000000000e+00 0.0000000000000000e+00 1.0000000000000000e+00</transform>
      <orientation>1</orientation>
    </camera>
    <camera id="53" label="DSC_0197.JPG" sensor_id="7" enabled="true">
      <transform>-9.0876078998476306e-01 -1.7931266019987430e-01 3.7682993044384583e-01 -5.6068287338542131e+00 1.3483450579043710e-01 7.2838854235467942e-01 6.7176617019218354e-01 -7.8004942496460394e+00 -3.9493478276105010e-01 6.6128443294732819e-01 -6.3775341324607016e-01 1.9124936518798414e+01 0.0000000000000000e+00 0.0000000000000000e+00 0.0000000000000000e+00 1.0000000000000000e+00</transform>
      <orientation>1</orientation>
    </camera>
    <camera id="54" label="DSC_0198.JPG" sensor_id="7" enabled="true">
      <transform>-9.7427142465898153e-01 -1.0462476621540846e-01 1.9962176581557844e-01 -3.5177474811843852e+00 6.3329190739901883e-02 7.2294949593073532e-01 6.8799232549042666e-01 -7.9519830905860251e+00 -2.1629749118560676e-01 6.8293314799317451e-01 -6.9772323358115651e-01 1.9771046408883322e+01 0.0000000000000000e+00 0.0000000000000000e+00 0.0000000000000000e+00 1.0000000000000000e+00</transform>
      <orientation>1</orientation>
    </camera>
    <camera id="55" label="DSC_0199.JPG" sensor_id="7" enabled="true">
      <transform>-9.9890720101299613e-01 -3.7016972874495110e-02 2.8533269766899357e-02 -1.5224481667314416e+00 -7.1516286293032832e-03 7.2436898843083186e-01 6.8937538598911563e-01 -7.9557283478335261e+00 -4.6187205721176607e-02 6.8841797791668879e-01 -7.2384213037703682e-01 2.0038171215609111e+01 0.0000000000000000e+00 0.0000000000000000e+00 0.0000000000000000e+00 1.0000000000000000e+00</transform>
      <orientation>1</orientation>
    </camera>
    <camera id="56" label="DSC_0200.JPG" sensor_id="7" enabled="true">
      <transform>-9.8657962477233641e-01 3.7935705659436970e-02 -1.5881286541145354e-01 6.5246571676135845e-01 -8.1080981425251636e-02 7.3042018396047559e-01 6.7816828981769972e-01 -7.8071060325174404e+00 1.4172691499921211e-01 6.8194371989136027e-01 -7.1754180677194013e-01 1.9914396042931312e+01 0.0000000000000000e+00 0.0000000000000000e+00 0.0000000000000000e+00 1.0000000000000000e+00</transform>
      <orientation>1</orientation>
    </camera>
    <camera id="57" label="DSC_0201.JPG" sensor_id="7" enabled="true">
      <transform>-9.4228271258159602e-01 1.0089672309568615e-01 -3.1925403809258501e-01 2.5067835101386060e+00 -1.4348541549250304e-01 7.3983073804881816e-01 6.5731454767035513e-01 -7.5506947036160339e+00 3.0251483453016492e-01 6.6518443330154098e-01 -6.8265250646466868e-01 1.9474494698888158e+01 0.0000000000000000e+00 0.0000000000000000e+00 0.0000000000000000e+00 1.0000000000000000e+00</transform>
      <orientation>1</orientation>
    </camera>
    <camera id="58" label="DSC_0202.JPG" sensor_id="7" enabled="true">
      <transform>-8.5265444034108240e-01 1.6823373805975617e-01 -4.9464918350794529e-01 4.5626132753219473e+00 -2.0859932995922792e-01 7.5839750911821335e-01 6.1751075918064069e-01 -7.0653057863814714e+00 4.7902685196886063e-01 6.2970677901840266e-01 -6.1155755865745942e-01 1.8578959170092642e+01 0.0000000000000000e+00 0.0000000000000000e+00 0.0000000000000000e+00 1.0000000000000000e+00</transform>
      <orientation>1</orientation>
    </camera>
    <camera id="59" label="DSC_0203.JPG" sensor_id="7" enabled="true">
      <transform>-7.5647060473387706e-01 2.1578459952008561e-01 -6.1740524032722510e-01 6.0430090769096045e+00 -2.4856709810718808e-01 7.7831413968434704e-01 5.7657739957961107e-01 -6.5701801505044202e+00 6.0495175172251037e-01 5.8963048308018418e-01 -5.3513481620101566e-01 1.7573651601274978e+01 0.0000000000000000e+00 0.0000000000000000e+00 0.0000000000000000e+00 1.0000000000000000e+00</transform>
      <orientation>1</orientation>
    </camera>
    <camera id="60" label="DSC_0204.JPG" sensor_id="7" enabled="true">
      <transform>-5.8429199473564575e-01 2.6989820553966659e-01 -7.6534817144506695e-01 7.9587836415925270e+00 -2.9460427374194809e-01 8.0820114566333867e-01 5.0992080761765868e-01 -5.6523146875002830e+00 7.5618197993658853e-01 5.2341748804843524e-01 -3.9271229471999813e-01 1.5487958167680084e+01 0.0000000000000000e+00 0.0000000000000000e+00 0.0000000000000000e+00 1.0000000000000000e+00</transform>
      <orientation>1</orientation>
    </camera>
    <camera id="61" label="DSC_0205.JPG" sensor_id="7" enabled="true">
      <transform>-3.8130139275462060e-01 3.0806510460515807e-01 -8.7161065803947102e-01 9.0076223462945038e+00 -3.2506472948029502e-01 8.3795081645003089e-01 4.3837352892097575e-01 -4.7738671369745820e+00 8.6541444957389591e-01 4.5048231989206849e-01 -2.1937071348147369e-01 1.3419265712738051e+01 0.0000000000000000e+00 0.0000000000000000e+00 0.0000000000000000e+00 1.0000000000000000e+00</transform>
      <orientation>1</orientation>
    </camera>
    <camera id="62" label="DSC_0206.JPG" sensor_id="7" enabled="true">
      <transform>-1.1877545425406369e-01 3.2944947883251752e-01 -9.3667253208563950e-01 9.5350307935661966e+00 -3.3903619455606915e-01 8.7319733491911500e-01 3.5011551389661988e-01 -3.7201308311048940e+00 9.3324533229354012e-01 3.5915102002797872e-01 7.9808874934012980e-03 1.0751167008938419e+01 0.0000000000000000e+00 0.0000000000000000e+00 0.0000000000000000e+00 1.0000000000000000e+00</transform>
      <orientation>1</orientation>
    </camera>
    <camera id="63" label="DSC_0207.JPG" sensor_id="7" enabled="true">
      <transform>9.5034977392156064e-02 3.2532545024912884e-01 -9.4081438365507264e-01 9.4002273190310479e+00 -3.2976717356897789e-01 9.0201785311850458e-01 2.7859900195767356e-01 -2.9090174195715757e+00 9.3926671627839564e-01 2.8377305029844851e-01 1.9300490049714855e-01 8.6040241967932705e+00 0.0000000000000000e+00 0.0000000000000000e+00 0.0000000000000000e+00 1.0000000000000000e+00</transform>
      <orientation>1</orientation>
    </camera>
    <camera id="64" label="DSC_0210.JPG" sensor_id="7" enabled="true">
      <transform>4.1424339053100778e-01 2.8677855141529118e-01 -8.6380580910846072e-01 8.2565941660244366e+00 -2.8715336091419896e-01 9.4177129723231645e-01 1.7495648323237367e-01 -1.7550372740999201e+00 8.6368128422297941e-01 1.7557017445314360e-01 4.7247196014730652e-01 5.4105013802766813e+00 0.0000000000000000e+00 0.0000000000000000e+00 0.0000000000000000e+00 1.0000000000000000e+00</transform>
      <orientation>1</orientation>
    </camera>
    <camera id="65" label="DSC_0211.JPG" sensor_id="7" enabled="true">
      <transform>6.2975599375320523e-01 2.3075166622354529e-01 -7.4172842527907090e-01 6.6689585914424203e+00 -2.2811963552065709e-01 9.6769501950118963e-01 1.0736750496548939e-01 -1.0058311631858168e+00 7.4254213363406885e-01 1.0158748824362859e-01 6.6205072465069859e-01 3.3026149556759825e+00 0.0000000000000000e+00 0.0000000000000000e+00 0.0000000000000000e+00 1.0000000000000000e+00</transform>
      <orientation>1</orientation>
    </camera>
    <camera id="66" label="DSC_0212.JPG" sensor_id="7" enabled="true">
      <transform>8.1822636196952969e-01 1.5022542416745019e-01 -5.5492156428797923e-01 4.3628052981499321e+00 -1.4672156055681088e-01 9.8785767671532310e-01 5.1088102552142987e-02 -4.2930110928269161e-01 5.5585825913256182e-01 3.9617325607792762e-02 8.3033250163160777e-01 1.4901411946260150e+00 0.0000000000000000e+00 0.0000000000000000e+00 0.0000000000000000e+00 1.0000000000000000e+00</transform>
      <orientation>1</orientation>
    </camera>
    <camera id="67" label="DSC_0214.JPG" sensor_id="7" enabled="true">
      <transform>9.7275504169001958e-01 1.6449333271835578e-02 -2.3125105037936652e-01 9.1909754479399508e-01 -1.2181925464635921e-02 9.9972836554762634e-01 1.9869469329743292e-02 -1.4777600481677636e-01 2.3151507414987535e-01 -1.6511043406872792e-02 9.7269119245883695e-01 1.2487701991968338e-01 0.0000000000000000e+00 0.0000000000000000e+00 0.0000000000000000e+00 1.0000000000000000e+00</transform>
      <orientation>1</orientation>
    </camera>
  </cameras>
  <markers next_id="72">
    <marker id="25" label="2up"/>
    <marker id="0" label="6"/>
    <marker id="37" label="6"/>
    <marker id="36" label="6"/>
    <marker id="39" label="8"/>
    <marker id="38" label="8"/>
    <marker id="1" label="8"/>
    <marker id="40" label="BL"/>
    <marker id="2" label="BL"/>
    <marker id="3" label="BL"/>
    <marker id="42" label="BR"/>
    <marker id="41" label="BR"/>
    <marker id="4" label="Centre6"/>
    <marker id="44" label="Centre6"/>
    <marker id="43" label="Centre6"/>
    <marker id="46" label="FrontR"/>
    <marker id="21" label="FrontR"/>
    <marker id="45" label="FrontR"/>
    <marker id="23" label="LK"/>
    <marker id="5" label="LWB"/>
    <marker id="6" label="LWB"/>
    <marker id="7" label="LWT"/>
    <marker id="8" label="LWT"/>
    <marker id="48" label="LeftDip"/>
    <marker id="20" label="LeftDip"/>
    <marker id="49" label="LeftDip"/>
    <marker id="9" label="LeftSun"/>
    <marker id="50" label="LeftSun"/>
    <marker id="51" label="Middle6"/>
    <marker id="10" label="Middle6"/>
    <marker id="52" label="Middle6"/>
    <marker id="24" label="Not"/>
    <marker id="53" label="Notch"/>
    <marker id="54" label="RE"/>
    <marker id="55" label="RE"/>
    <marker id="12" label="RWB"/>
    <marker id="11" label="RWB"/>
    <marker id="56" label="RWB"/>
    <marker id="14" label="RWT"/>
    <marker id="13" label="RWT"/>
    <marker id="57" label="RWT"/>
    <marker id="58" label="RightDip"/>
    <marker id="59" label="RightDip"/>
    <marker id="19" label="RightDip"/>
    <marker id="60" label="RightPoint"/>
    <marker id="22" label="RightPoint"/>
    <marker id="61" label="RightSun"/>
    <marker id="62" label="RightSun"/>
    <marker id="29" label="Rubbish"/>
    <marker id="64" label="Toe"/>
    <marker id="17" label="Toe"/>
    <marker id="65" label="Toe2"/>
    <marker id="18" label="Toe2"/>
    <marker id="66" label="Tongue"/>
    <marker id="67" label="Tongue"/>
    <marker id="28" label="Triangle"/>
    <marker id="68" label="Triangle"/>
    <marker id="69" label="Triangle"/>
    <marker id="16" label="U"/>
    <marker id="15" label="U"/>
    <marker id="26" label="frLeft"/>
    <marker id="70" label="shine"/>
    <marker id="71" label="shine"/>
    <marker id="27" label="topDip"/>
  </markers>
  <frames next_id="1">
    <frame id="0" path="0/frame.zip"/>
  </frames>
  <transform>
    <rotation>-4.6100783966992886e-01 3.5403660728408498e-01 -8.1371361821321686e-01 3.9653651106387588e-01 -7.3813841526626733e-01 -5.4581175811948834e-01 -7.9387062368886896e-01 -5.7429065864854378e-01 1.9989915515796497e-01</rotation>
    <translation>1.2169783569194911e+01 8.3755316144410994e+00 8.1269365979452193e+00</translation>
    <scale>1.0842827187459541e+00</scale>
  </transform>
  <reference>LOCAL_CS["Local Coordinates (m)",LOCAL_DATUM["Local Datum",0],UNIT["metre",1,AUTHORITY["EPSG","9001"]]]</reference>
  <region>
    <center>-1.6415981658752514e+00 4.9031882841565300e-01 1.1318692788284553e+01</center>
    <size>5.5109111944834401e+00 2.9723842779795326e+00 8.3913786093393963e+00</size>
    <R>-3.5555516003856036e-02 3.7869729570524369e-01 9.2483737138333388e-01 -6.0171122675599675e-01 7.3076994700700881e-01 -3.2236452060852977e-01 -7.9792192906166781e-01 -5.6794686615642920e-01 2.0188351182203593e-01</R>
  </region>
  <settings>
    <property name="image_brightness" value="1.4000000000000001"/>
    <property name="accuracy_tiepoints" value="1"/>
    <property name="accuracy_cameras" value="10"/>
    <property name="accuracy_cameras_ypr" value="2"/>
    <property name="accuracy_markers" value="0.0050000000000000001"/>
    <property name="accuracy_scalebars" value="0.001"/>
    <property name="accuracy_projections" value="0.10000000000000001"/>
  </settings>
</chunk>
