<?xml version="1.0" encoding="UTF-8"?>
<chunk label="backRight" enabled="true">
  <sensors next_id="18">
    <sensor id="0" label="NIKON D3000 (48 mm)" type="frame">
      <resolution width="3872" height="2592"/>
      <property name="pixel_width" value="0.0061904649606179677"/>
      <property name="pixel_height" value="0.0061904649606179677"/>
      <property name="focal_length" value="48"/>
      <property name="fixed" value="false"/>
    </sensor>
    <sensor id="1" label="NIKON D3000 (28 mm)" type="frame">
      <resolution width="3872" height="2592"/>
      <property name="pixel_width" value="0.0061904649606179677"/>
      <property name="pixel_height" value="0.0061904649606179677"/>
      <property name="focal_length" value="28"/>
      <property name="fixed" value="false"/>
    </sensor>
    <sensor id="2" label="NIKON D3000 (20 mm)" type="frame">
      <resolution width="3872" height="2592"/>
      <property name="pixel_width" value="0.0061904649606179668"/>
      <property name="pixel_height" value="0.0061904649606179668"/>
      <property name="focal_length" value="20"/>
      <property name="fixed" value="false"/>
    </sensor>
    <sensor id="3" label="NIKON D3000 (24 mm)" type="frame">
      <resolution width="3872" height="2592"/>
      <property name="pixel_width" value="0.0061904649606179677"/>
      <property name="pixel_height" value="0.0061904649606179677"/>
      <property name="focal_length" value="24"/>
      <property name="fixed" value="false"/>
    </sensor>
    <sensor id="4" label="NIKON D3000 (32 mm)" type="frame">
      <resolution width="3872" height="2592"/>
      <property name="pixel_width" value="0.0061904649606179668"/>
      <property name="pixel_height" value="0.0061904649606179668"/>
      <property name="focal_length" value="32"/>
      <property name="fixed" value="false"/>
    </sensor>
    <sensor id="5" label="NIKON D3000 (18 mm)" type="frame">
      <resolution width="3872" height="2592"/>
      <property name="pixel_width" value="0.0061904649606179677"/>
      <property name="pixel_height" value="0.0061904649606179677"/>
      <property name="focal_length" value="18"/>
      <property name="fixed" value="false"/>
    </sensor>
    <sensor id="6" label="NIKON D3000 (29 mm)" type="frame">
      <resolution width="3872" height="2592"/>
      <property name="pixel_width" value="0.0062624471113228268"/>
      <property name="pixel_height" value="0.0062624471113228268"/>
      <property name="focal_length" value="29"/>
      <property name="fixed" value="false"/>
    </sensor>
    <sensor id="7" label="NIKON D3000 (30 mm)" type="frame">
      <resolution width="3872" height="2592"/>
      <property name="pixel_width" value="0.0061904649606179677"/>
      <property name="pixel_height" value="0.0061904649606179677"/>
      <property name="focal_length" value="30"/>
      <property name="fixed" value="false"/>
      <calibration type="frame" class="adjusted">
        <resolution width="3872" height="2592"/>
        <fx>4846.1626373546633</fx>
        <fy>4846.1626373546633</fy>
        <cx>1936</cx>
        <cy>1296</cy>
      </calibration>
    </sensor>
    <sensor id="8" label="NIKON D3000 (26 mm)" type="frame">
      <resolution width="3872" height="2592"/>
      <property name="pixel_width" value="0.0061904649606179677"/>
      <property name="pixel_height" value="0.0061904649606179677"/>
      <property name="focal_length" value="26"/>
      <property name="fixed" value="false"/>
    </sensor>
    <sensor id="9" label="NIKON D3000 (55 mm)" type="frame">
      <resolution width="3872" height="2592"/>
      <property name="pixel_width" value="0.0062282116981827104"/>
      <property name="pixel_height" value="0.0062282116981827104"/>
      <property name="focal_length" value="55"/>
      <property name="fixed" value="false"/>
    </sensor>
    <sensor id="10" label="NIKON D3000 (40 mm)" type="frame">
      <resolution width="3872" height="2592"/>
      <property name="pixel_width" value="0.0061904649606179668"/>
      <property name="pixel_height" value="0.0061904649606179668"/>
      <property name="focal_length" value="40"/>
      <property name="fixed" value="false"/>
    </sensor>
    <sensor id="11" label="NIKON D3000 (30 mm)" type="frame">
      <resolution width="3872" height="2592"/>
      <property name="pixel_width" value="0.0061904649606179677"/>
      <property name="pixel_height" value="0.0061904649606179677"/>
      <property name="focal_length" value="30"/>
      <property name="fixed" value="false"/>
      <calibration type="frame" class="adjusted">
        <resolution width="3872" height="2592"/>
        <fx>4846.1626373546633</fx>
        <fy>4846.1626373546633</fy>
        <cx>1936</cx>
        <cy>1296</cy>
      </calibration>
    </sensor>
    <sensor id="12" label="NIKON D3000 (20 mm)" type="frame">
      <resolution width="3872" height="2592"/>
      <property name="pixel_width" value="0.0061904649606179668"/>
      <property name="pixel_height" value="0.0061904649606179668"/>
      <property name="focal_length" value="20"/>
      <property name="fixed" value="false"/>
    </sensor>
    <sensor id="13" label="NIKON D3000 (24 mm)" type="frame">
      <resolution width="3872" height="2592"/>
      <property name="pixel_width" value="0.0061904649606179677"/>
      <property name="pixel_height" value="0.0061904649606179677"/>
      <property name="focal_length" value="24"/>
      <property name="fixed" value="false"/>
    </sensor>
    <sensor id="14" label="NIKON D3000 (32 mm)" type="frame">
      <resolution width="3872" height="2592"/>
      <property name="pixel_width" value="0.0061904649606179668"/>
      <property name="pixel_height" value="0.0061904649606179668"/>
      <property name="focal_length" value="32"/>
      <property name="fixed" value="false"/>
    </sensor>
    <sensor id="15" label="NIKON D3000 (18 mm)" type="frame">
      <resolution width="3872" height="2592"/>
      <property name="pixel_width" value="0.0061904649606179677"/>
      <property name="pixel_height" value="0.0061904649606179677"/>
      <property name="focal_length" value="18"/>
      <property name="fixed" value="false"/>
    </sensor>
    <sensor id="16" label="NIKON D3000 (29 mm)" type="frame">
      <resolution width="3872" height="2592"/>
      <property name="pixel_width" value="0.0062624471113228268"/>
      <property name="pixel_height" value="0.0062624471113228268"/>
      <property name="focal_length" value="29"/>
      <property name="fixed" value="false"/>
    </sensor>
    <sensor id="17" label="NIKON D5100 (29 mm)" type="frame">
      <resolution width="4928" height="3264"/>
      <property name="pixel_width" value="0.0049366004100330112"/>
      <property name="pixel_height" value="0.0049366004100330112"/>
      <property name="focal_length" value="29"/>
      <property name="fixed" value="false"/>
    </sensor>
  </sensors>
  <cameras next_id="69" next_group_id="0">
    <camera id="30" label="DSC_0030.JPG" sensor_id="11" enabled="true">
      <transform>8.4464872842241490e-01 -5.2648617597921465e-01 9.6854695689888359e-02 -2.3185486653829277e+00 1.1404872910682043e-01 3.5375485388513406e-01 9.2835897730448347e-01 -1.0131149593690990e+01 -5.2303098661887759e-01 -7.7309107474830607e-01 3.5884366677007495e-01 7.3371552366643344e+00 0.0000000000000000e+00 0.0000000000000000e+00 0.0000000000000000e+00 1.0000000000000000e+00</transform>
    </camera>
    <camera id="31" label="DSC_0031.JPG" sensor_id="11" enabled="true">
      <transform>8.6437109322393801e-01 -5.0266551027326689e-01 -1.3783975499476520e-02 -9.1934176635983733e-01 2.1292355869797763e-01 3.4103010187472105e-01 9.1562111583706174e-01 -9.5978449744618199e+00 -4.5555040484038956e-01 -7.9437135799135739e-01 4.0180589126184246e-01 6.6763082553070117e+00 0.0000000000000000e+00 0.0000000000000000e+00 0.0000000000000000e+00 1.0000000000000000e+00</transform>
    </camera>
    <camera id="32" label="DSC_0032.JPG" sensor_id="11" enabled="true">
      <transform>8.8491267222269698e-01 -4.3907879202449906e-01 -1.5536851976508270e-01 6.6944881039545556e-01 3.3265462047258409e-01 3.6234310959849486e-01 8.7065973514613304e-01 -9.0169278551167675e+00 -3.2599151218693906e-01 -8.2214188880071071e-01 4.6670359829475594e-01 6.1260592883506177e+00 0.0000000000000000e+00 0.0000000000000000e+00 0.0000000000000000e+00 1.0000000000000000e+00</transform>
    </camera>
    <camera id="33" label="DSC_0033.JPG" sensor_id="11" enabled="true">
      <transform>8.8134131859223142e-01 -3.9530264980452823e-01 -2.5879199214741005e-01 1.7730373316578547e+00 4.1287258793748105e-01 3.7803833275721654e-01 8.2862732582020893e-01 -8.4659062499572642e+00 -2.2972528435484324e-01 -8.3715161949533512e-01 4.9639043071399336e-01 5.8970003737757288e+00 0.0000000000000000e+00 0.0000000000000000e+00 0.0000000000000000e+00 1.0000000000000000e+00</transform>
    </camera>
    <camera id="34" label="DSC_0034.JPG" sensor_id="11" enabled="true">
      <transform>8.6081553598882310e-01 -3.4239961743421654e-01 -3.7650911673049464e-01 3.0685533284476127e+00 4.9659646141663705e-01 4.0333090123079607e-01 7.6858059995086281e-01 -7.6998319844214658e+00 -1.1130394201801458e-01 -8.4857921615678045e-01 5.1722794433208497e-01 5.7807139862123629e+00 0.0000000000000000e+00 0.0000000000000000e+00 0.0000000000000000e+00 1.0000000000000000e+00</transform>
    </camera>
    <camera id="35" label="DSC_0036.JPG" sensor_id="11" enabled="true">
      <transform>7.5763006070744310e-01 -2.4241131898661411e-01 -6.0599789070557553e-01 6.0245789595022767e+00 6.3326483098510811e-01 4.9781580509329232e-01 5.9258339331837517e-01 -5.9115481422692939e+00 1.5802640586256209e-01 -8.3271614408902128e-01 5.3067078158089087e-01 5.6109177199919662e+00 0.0000000000000000e+00 0.0000000000000000e+00 0.0000000000000000e+00 1.0000000000000000e+00</transform>
    </camera>
    <camera id="36" label="DSC_0037.JPG" sensor_id="11" enabled="true">
      <transform>7.0714654553386858e-01 -2.1517431694657321e-01 -6.7353082814826826e-01 6.9005306019647268e+00 6.6498008595338165e-01 5.2612777886601370e-01 5.3008588510820420e-01 -5.0146193738444600e+00 2.4030241036025757e-01 -8.2273299048481752e-01 5.1513607711260112e-01 5.9803458636234152e+00 0.0000000000000000e+00 0.0000000000000000e+00 0.0000000000000000e+00 1.0000000000000000e+00</transform>
    </camera>
    <camera id="37" label="DSC_0039.JPG" sensor_id="11" enabled="true">
      <transform>5.1716248893554384e-01 -1.4385676906274653e-01 -8.4371096356087572e-01 8.6272667966569880e+00 7.2075214712559021e-01 6.0483151487078080e-01 3.3866676989773870e-01 -2.6404306987905692e+00 4.6158347289720530e-01 -7.8325223817997747e-01 4.1648124679775311e-01 7.4805373327953282e+00 0.0000000000000000e+00 0.0000000000000000e+00 0.0000000000000000e+00 1.0000000000000000e+00</transform>
    </camera>
    <camera id="38" label="DSC_0040.JPG" sensor_id="11" enabled="true">
      <transform>3.9211606529001253e-01 -1.1585410603566410e-01 -9.1259126527496159e-01 9.2563503043497146e+00 7.2524160550291228e-01 6.4922506951284686e-01 2.2919734458234187e-01 -1.3617664266917646e+00 5.6592367417261868e-01 -7.5172111532849462e-01 3.3859379761042208e-01 8.5411237920998282e+00 0.0000000000000000e+00 0.0000000000000000e+00 0.0000000000000000e+00 1.0000000000000000e+00</transform>
    </camera>
    <camera id="39" label="DSC_0041.JPG" sensor_id="11" enabled="true">
      <transform>2.8853825505901093e-01 -9.8945818653803475e-02 -9.5234206057405091e-01 9.5421503351068377e+00 7.1453072030277043e-01 6.8433075660454834e-01 1.4538660635921780e-01 -3.9836648745411007e-01 6.3733156607146402e-01 -7.2242725622444137e-01 2.6815542946753862e-01 9.4648783817897044e+00 0.0000000000000000e+00 0.0000000000000000e+00 0.0000000000000000e+00 1.0000000000000000e+00</transform>
    </camera>
    <camera id="40" label="DSC_0042.JPG" sensor_id="11" enabled="true">
      <transform>-3.2109588549186677e-02 -8.5557722558642801e-02 -9.9581567091193135e-01 9.6454727613040934e+00 6.3213101647696468e-01 7.7001374755651963e-01 -8.6540202113024767e-02 1.4866551205062455e+00 7.7419593923696162e-01 -6.3226474256006249e-01 2.9358865517191829e-02 1.1655476698843385e+01 0.0000000000000000e+00 0.0000000000000000e+00 0.0000000000000000e+00 1.0000000000000000e+00</transform>
    </camera>
    <camera id="41" label="DSC_0043.JPG" sensor_id="11" enabled="true">
      <transform>-2.0807162641600524e-01 -9.3535599105242839e-02 -9.7363098244695434e-01 9.4884801424017073e+00 5.5392298919595562e-01 8.0914153237774866e-01 -1.9611043475961643e-01 2.3054086728806857e+00 8.0614857211361202e-01 -5.8012160128839529e-01 -1.1654787598996630e-01 1.2780376210809745e+01 0.0000000000000000e+00 0.0000000000000000e+00 0.0000000000000000e+00 1.0000000000000000e+00</transform>
    </camera>
    <camera id="42" label="DSC_0044.JPG" sensor_id="11" enabled="true">
      <transform>-3.4477959049702073e-01 -1.1017279868226240e-01 -9.3219578866632091e-01 9.0254695161833975e+00 4.6960440776801138e-01 8.3963465280333871e-01 -2.7292004326665337e-01 3.2211556535618078e+00 8.1277225234475237e-01 -5.3186051201638795e-01 -2.3775125988331516e-01 1.4194216679842784e+01 0.0000000000000000e+00 0.0000000000000000e+00 0.0000000000000000e+00 1.0000000000000000e+00</transform>
    </camera>
    <camera id="43" label="DSC_0045.JPG" sensor_id="11" enabled="true">
      <transform>-4.4316973893047956e-01 -1.2605248294640758e-01 -8.8753104398625737e-01 8.5224206274468646e+00 3.9692193184179081e-01 8.6013100373408391e-01 -3.2035548448306173e-01 3.7949601826370420e+00 8.0377457195364865e-01 -4.9425239297189250e-01 -3.3115103732630302e-01 1.5288423133044397e+01 0.0000000000000000e+00 0.0000000000000000e+00 0.0000000000000000e+00 1.0000000000000000e+00</transform>
    </camera>
    <camera id="44" label="DSC_0046.JPG" sensor_id="11" enabled="true">
      <transform>-5.9886723564205602e-01 -1.6126114628670013e-01 -7.8444431081673438e-01 7.7973952094339447e+00 2.6445865785304346e-01 8.8474715879730581e-01 -3.8377608482898157e-01 4.3365706270996034e+00 7.5592304658676002e-01 -4.3728401262611266e-01 -4.8719917892028175e-01 1.6551706184151904e+01 0.0000000000000000e+00 0.0000000000000000e+00 0.0000000000000000e+00 1.0000000000000000e+00</transform>
    </camera>
    <camera id="45" label="DSC_0047.JPG" sensor_id="11" enabled="true">
      <transform>-7.3583448437373489e-01 -2.0742240127200565e-01 -6.4461116888942804e-01 6.3266997923702872e+00 1.0009274461418452e-01 9.0815867317340704e-01 -4.0648403020969492e-01 4.7874306269130882e+00 6.6972311747619950e-01 -3.6362586787860907e-01 -6.4749299156630957e-01 1.8524919984973366e+01 0.0000000000000000e+00 0.0000000000000000e+00 0.0000000000000000e+00 1.0000000000000000e+00</transform>
    </camera>
    <camera id="46" label="DSC_0048.JPG" sensor_id="11" enabled="true">
      <transform>-8.2214840740422446e-01 -2.6084556291250560e-01 -5.0599564080291770e-01 4.8009404938252880e+00 -3.8946180067253117e-02 9.1253496760497299e-01 -4.0714018219325759e-01 4.9525385480910726e+00 5.6793942569684874e-01 -3.1502305504049694e-01 -7.6039810858002899e-01 1.9952426557395750e+01 0.0000000000000000e+00 0.0000000000000000e+00 0.0000000000000000e+00 1.0000000000000000e+00</transform>
    </camera>
    <camera id="47" label="DSC_0049.JPG" sensor_id="11" enabled="true">
      <transform>-8.6350913198875745e-01 -3.0106324625245884e-01 -4.0461450879566097e-01 3.6661261794858389e+00 -1.3208579966132322e-01 9.0927603162532533e-01 -3.9467764040990372e-01 4.9050776682424138e+00 4.8672920654081508e-01 -2.8736391573687858e-01 -8.2493433643685654e-01 2.0801742403767665e+01 0.0000000000000000e+00 0.0000000000000000e+00 0.0000000000000000e+00 1.0000000000000000e+00</transform>
    </camera>
    <camera id="48" label="DSC_0050.JPG" sensor_id="11" enabled="true">
      <transform>-8.9706563005213857e-01 -3.5851488678826721e-01 -2.5834150137048340e-01 1.9924369043456083e+00 -2.5701023942658446e-01 8.9886118566115047e-01 -3.5495676601766557e-01 4.5662308494742812e+00 3.5947043301090742e-01 -2.5202310382785542e-01 -8.9847947273598006e-01 2.1791181904298757e+01 0.0000000000000000e+00 0.0000000000000000e+00 0.0000000000000000e+00 1.0000000000000000e+00</transform>
    </camera>
    <camera id="49" label="DSC_0051.JPG" sensor_id="11" enabled="true">
      <transform>-9.0301907266180870e-01 -4.1308300491587263e-01 -1.1797875003016553e-01 3.6020219117513269e-01 -3.6430843415516373e-01 8.8187501922003342e-01 -2.9929219047459205e-01 4.0448602402191591e+00 2.2767502983950585e-01 -2.2728590261021447e-01 -9.4683958475670005e-01 2.2521912138795074e+01 0.0000000000000000e+00 0.0000000000000000e+00 0.0000000000000000e+00 1.0000000000000000e+00</transform>
    </camera>
    <camera id="50" label="DSC_0052.JPG" sensor_id="11" enabled="true">
      <transform>-8.8296682651861147e-01 -4.6895262830538137e-01 2.1284164844483193e-02 -1.2932343108699029e+00 -4.6089436017328395e-01 8.5740088393974090e-01 -2.2899806326650518e-01 3.3252048271410084e+00 8.9140181894090564e-02 -2.1200744473915506e-01 -9.7319415912091389e-01 2.2987505525825771e+01 0.0000000000000000e+00 0.0000000000000000e+00 0.0000000000000000e+00 1.0000000000000000e+00</transform>
    </camera>
    <camera id="51" label="DSC_0053.JPG" sensor_id="11" enabled="true">
      <transform>-8.3653623283534140e-01 -5.2447755805729668e-01 1.5852577786565342e-01 -2.9401568713315762e+00 -5.4485504789584249e-01 8.2680891041714044e-01 -1.3971400229482800e-01 2.3682335035007660e+00 -5.7793666920127641e-02 -2.0324939544577997e-01 -9.7741985621065131e-01 2.3157940276391475e+01 0.0000000000000000e+00 0.0000000000000000e+00 0.0000000000000000e+00 1.0000000000000000e+00</transform>
    </camera>
    <camera id="52" label="DSC_0054.JPG" sensor_id="11" enabled="true">
      <transform>-7.4018141244439162e-01 -5.9015591885900331e-01 3.2225373249585665e-01 -4.9980694672036829e+00 -6.2437216703867682e-01 7.8111861131239047e-01 -3.6210618374648701e-03 8.6689107084275796e-01 -2.4958139694146353e-01 -2.0388650396014324e-01 -9.4664640695650359e-01 2.3122481563420717e+01 0.0000000000000000e+00 0.0000000000000000e+00 0.0000000000000000e+00 1.0000000000000000e+00</transform>
      <orientation>1</orientation>
    </camera>
    <camera id="53" label="DSC_0055.JPG" sensor_id="11" enabled="true">
      <transform>-6.1412035236451623e-01 -6.4339344413572530e-01 4.5705696456224360e-01 -6.7721365307774848e+00 -6.6263569951550239e-01 7.3492786834068080e-01 1.4420457019049199e-01 -8.5090002242128970e-01 -4.2868417575096412e-01 -2.1430329997317582e-01 -8.7766962638644597e-01 2.2590889141951195e+01 0.0000000000000000e+00 0.0000000000000000e+00 0.0000000000000000e+00 1.0000000000000000e+00</transform>
      <orientation>1</orientation>
    </camera>
    <camera id="54" label="DSC_0056.JPG" sensor_id="11" enabled="true">
      <transform>-6.5584998092228619e-01 -6.2805984012974525e-01 4.1880978945153075e-01 -6.2691029859641274e+00 -6.5389341326543349e-01 7.4987557435316865e-01 1.0054863040631598e-01 -3.3805304772111894e-01 -3.7720578814795197e-01 -2.0791214539969469e-01 -9.0249007373099599e-01 2.2808926882254330e+01 0.0000000000000000e+00 0.0000000000000000e+00 0.0000000000000000e+00 1.0000000000000000e+00</transform>
      <orientation>1</orientation>
    </camera>
    <camera id="55" label="DSC_0057.JPG" sensor_id="11" enabled="true">
      <transform>-5.0829360259953793e-01 -6.7235683347550412e-01 5.3812071325602817e-01 -7.9089674240212142e+00 -6.6289379637223900e-01 7.0434839881910305e-01 2.5389987753476106e-01 -2.1850484735601277e+00 -5.4973578043236726e-01 -2.2766119906510021e-01 -8.0371695898037199e-01 2.1866976701909969e+01 0.0000000000000000e+00 0.0000000000000000e+00 0.0000000000000000e+00 1.0000000000000000e+00</transform>
      <orientation>1</orientation>
    </camera>
    <camera id="57" label="DSC_0059.JPG" sensor_id="11" enabled="true">
      <transform>-1.4796237703641230e-01 -7.4573961567015590e-01 6.4959953864043218e-01 -9.3890176651647739e+00 -6.6974728465692612e-01 5.5884853155496905e-01 4.8900602600942317e-01 -4.8551248320347815e+00 -7.2769891416464871e-01 -3.6271303312533770e-01 -5.8214563978836842e-01 1.9195468022338698e+01 0.0000000000000000e+00 0.0000000000000000e+00 0.0000000000000000e+00 1.0000000000000000e+00</transform>
      <orientation>1</orientation>
    </camera>
    <camera id="58" label="DSC_0060.JPG" sensor_id="11" enabled="true">
      <transform>3.4646562710102802e-02 -7.5331961038798412e-01 6.5674133439069526e-01 -9.6470618823337606e+00 -6.0336321006293725e-01 5.0809687916524426e-01 6.1464656358356662e-01 -6.3799083637218832e+00 -7.9671353222781593e-01 -4.1754895040873385e-01 -4.3692152794024902e-01 1.7565725463326089e+01 0.0000000000000000e+00 0.0000000000000000e+00 0.0000000000000000e+00 1.0000000000000000e+00</transform>
      <orientation>1</orientation>
    </camera>
    <camera id="59" label="DSC_0061.JPG" sensor_id="11" enabled="true">
      <transform>1.8568832406237468e-01 -7.5020416225304687e-01 6.3459716454228721e-01 -9.5504132268664872e+00 -5.2961113156969497e-01 4.6758003841410356e-01 7.0772943770492758e-01 -7.5511670330141127e+00 -8.2766653648940891e-01 -4.6750681558119533e-01 -3.1049232158099549e-01 1.6115185119462033e+01 0.0000000000000000e+00 0.0000000000000000e+00 0.0000000000000000e+00 1.0000000000000000e+00</transform>
      <orientation>1</orientation>
    </camera>
    <camera id="60" label="DSC_0062.JPG" sensor_id="11" enabled="true">
      <transform>3.0607584631406959e-01 -7.3949583048834344e-01 5.9955274412972304e-01 -9.2606761019742070e+00 -4.5755402654684985e-01 4.3800150729148590e-01 7.7382103383221035e-01 -8.3904293168423543e+00 -8.3484243369266431e-01 -5.1117570002959012e-01 -2.0429761282346862e-01 1.4888173547005636e+01 0.0000000000000000e+00 0.0000000000000000e+00 0.0000000000000000e+00 1.0000000000000000e+00</transform>
      <orientation>1</orientation>
    </camera>
    <camera id="61" label="DSC_0063.JPG" sensor_id="11" enabled="true">
      <transform>4.1458207644157935e-01 -7.2373804403006592e-01 5.5165654669995789e-01 -8.5762467077496698e+00 -3.8722992945411450e-01 4.0828394619775504e-01 8.2665422094860808e-01 -9.3072683815156001e+00 -8.2351362079102852e-01 -5.5633394908159506e-01 -1.1098582554059386e-01 1.3237774223403303e+01 0.0000000000000000e+00 0.0000000000000000e+00 0.0000000000000000e+00 1.0000000000000000e+00</transform>
      <orientation>1</orientation>
    </camera>
    <camera id="62" label="DSC_0064.JPG" sensor_id="11" enabled="true">
      <transform>5.3196145664266270e-01 -6.9739599801963359e-01 4.8026641626582200e-01 -7.7315323237152507e+00 -2.8867599743469158e-01 3.8383616923818370e-01 8.7711798732533275e-01 -9.9445474141515717e+00 -7.9604219558494671e-01 -6.0523434893498540e-01 2.8645623648039173e-03 1.1831496594193673e+01 0.0000000000000000e+00 0.0000000000000000e+00 0.0000000000000000e+00 1.0000000000000000e+00</transform>
      <orientation>1</orientation>
    </camera>
    <camera id="63" label="DSC_0065.JPG" sensor_id="11" enabled="true">
      <transform>6.6567098009400172e-01 -6.4845631649805413e-01 3.6930549935584023e-01 -6.3356768051321124e+00 -1.4071438253881863e-01 3.7693453836266988e-01 9.1548884009366271e-01 -1.0443245199968244e+01 -7.3285851895670162e-01 -6.6138094876031661e-01 1.5966725340373816e-01 9.8441085027727642e+00 0.0000000000000000e+00 0.0000000000000000e+00 0.0000000000000000e+00 1.0000000000000000e+00</transform>
      <orientation>1</orientation>
    </camera>
    <camera id="64" label="DSC_0065.JPG" sensor_id="11" enabled="true">
      <transform>6.6567098009400183e-01 -6.4845631649805435e-01 3.6930549935584017e-01 -6.3356768051323114e+00 -1.4071438253881846e-01 3.7693453836267010e-01 9.1548884009366271e-01 -1.0443245199968258e+01 -7.3285851895670162e-01 -6.6138094876031639e-01 1.5966725340373844e-01 9.8441085027728867e+00 0.0000000000000000e+00 0.0000000000000000e+00 0.0000000000000000e+00 1.0000000000000000e+00</transform>
    </camera>
    <camera id="65" label="DSC_0066.JPG" sensor_id="11" enabled="true">
      <transform>7.5170660205377038e-01 -6.0544408845713682e-01 2.6148544927219408e-01 -4.5956430426372936e+00 -4.1024601451103704e-02 3.5279601546220613e-01 9.3480048863368115e-01 -1.0696388534508408e+01 -6.5822045433468013e-01 -7.1342303525068318e-01 2.4036099157132360e-01 8.4402777639077282e+00 0.0000000000000000e+00 0.0000000000000000e+00 0.0000000000000000e+00 1.0000000000000000e+00</transform>
    </camera>
    <camera id="66" label="DSC_0067.JPG" sensor_id="11" enabled="true">
      <transform>8.5156071316388460e-01 -5.2145631668275283e-01 5.4107869921787261e-02 -2.1045348126371763e+00 1.6264684575841493e-01 3.6089630252738997e-01 9.1831359697376647e-01 -1.0391085596410088e+01 -4.9838775603003616e-01 -7.7319930717358731e-01 3.9213833786768404e-01 6.7536583499788501e+00 0.0000000000000000e+00 0.0000000000000000e+00 0.0000000000000000e+00 1.0000000000000000e+00</transform>
    </camera>
    <camera id="67" label="DSC_0068.JPG" sensor_id="11" enabled="true">
      <transform>8.8439261964288829e-01 -4.5024605968261372e-01 -1.2299666687138146e-01 6.1928222437095375e-03 3.1359191640212064e-01 3.7801443746706226e-01 8.7107129159082375e-01 -9.7619564560452385e+00 -3.4570190090370451e-01 -8.0893978194099259e-01 4.7550670332270245e-01 5.8719903033926864e+00 0.0000000000000000e+00 0.0000000000000000e+00 0.0000000000000000e+00 1.0000000000000000e+00</transform>
    </camera>
    <camera id="68" label="DSC_0069.JPG" sensor_id="11" enabled="true">
      <transform>8.8338509594381143e-01 -3.9723975802660427e-01 -2.4865909777707276e-01 1.5058067562188584e+00 4.0987571089228225e-01 3.9761935005869770e-01 8.2091458391202010e-01 -9.1016886979969005e+00 -2.2722824182941956e-01 -8.2710303294200516e-01 5.1406993591655126e-01 5.4843368506238326e+00 0.0000000000000000e+00 0.0000000000000000e+00 0.0000000000000000e+00 1.0000000000000000e+00</transform>
    </camera>
    <camera id="0" label="DSC_0182.JPG" sensor_id="7" enabled="true">
      <transform>9.5401324010126243e-01 6.0211871254888590e-02 -2.9365501574377317e-01 2.2268141568224071e+00 -5.6955885240059324e-02 9.9818360280751373e-01 1.9634719828225691e-02 -1.4481313214383953e-01 2.9430386482003956e-01 -2.0064013049359234e-03 9.5570979355963037e-01 4.0948969451114675e-01 0.0000000000000000e+00 0.0000000000000000e+00 0.0000000000000000e+00 1.0000000000000000e+00</transform>
      <orientation>1</orientation>
    </camera>
    <camera id="1" label="DSC_0183.JPG" sensor_id="7" enabled="true">
      <transform>9.9351131628481171e-01 -1.7662810537351643e-02 -1.1235341355714308e-01 8.3907108421041460e-02 1.9661750633836607e-02 9.9966706764434432e-01 1.6708364054288639e-02 -9.1787175923979572e-02 1.1202089080182155e-01 -1.8809013564763007e-02 9.9352782599818856e-01 -1.7025433731274027e-02 0.0000000000000000e+00 0.0000000000000000e+00 0.0000000000000000e+00 1.0000000000000000e+00</transform>
      <orientation>1</orientation>
    </camera>
    <camera id="2" label="DSC_0184.JPG" sensor_id="7" enabled="true">
      <transform>9.9407791542752166e-01 -8.9713618850024601e-02 6.1323442924427291e-02 -1.8698538473791648e+00 8.8300678299967933e-02 9.9577046647030143e-01 2.5380471179310398e-02 -1.4701706932812833e-01 -6.3341047284036556e-02 -1.9815264276580879e-02 9.9779520295029012e-01 -9.3528470342642639e-02 0.0000000000000000e+00 0.0000000000000000e+00 0.0000000000000000e+00 1.0000000000000000e+00</transform>
      <orientation>1</orientation>
    </camera>
    <camera id="3" label="DSC_0185.JPG" sensor_id="7" enabled="true">
      <transform>9.6200893444259450e-01 -1.5442330474945037e-01 2.2514940151570961e-01 -3.7813005925926140e+00 1.4868655430330457e-01 9.8797826068000860e-01 4.2323338633849399e-02 -3.4290649779813137e-01 -2.2897842392250478e-01 -7.2387411863804804e-03 9.7340458289654785e-01 1.3583493105735281e-01 0.0000000000000000e+00 0.0000000000000000e+00 0.0000000000000000e+00 1.0000000000000000e+00</transform>
      <orientation>1</orientation>
    </camera>
    <camera id="4" label="DSC_0186.JPG" sensor_id="7" enabled="true">
      <transform>8.8381125411785932e-01 -2.2867061152968249e-01 4.0815122015897209e-01 -5.9530944548395013e+00 2.1655120881025519e-01 9.7327969373250056e-01 7.6368918617375145e-02 -7.2576932060149701e-01 -4.1470862187496649e-01 2.0889930363958916e-02 9.0971444407130031e-01 8.2776774246778129e-01 0.0000000000000000e+00 0.0000000000000000e+00 0.0000000000000000e+00 1.0000000000000000e+00</transform>
      <orientation>1</orientation>
    </camera>
    <camera id="5" label="DSC_0187.JPG" sensor_id="7" enabled="true">
      <transform>7.7536674985205634e-01 -2.8968570906287472e-01 5.6114935016321499e-01 -7.7682505410994764e+00 2.7121819453719354e-01 9.5521279294108929e-01 1.1836051349022098e-01 -1.1981147762975259e+00 -5.7030438730194244e-01 6.0421106961253412e-02 8.1920827367509719e-01 1.8426709400657899e+00 0.0000000000000000e+00 0.0000000000000000e+00 0.0000000000000000e+00 1.0000000000000000e+00</transform>
      <orientation>1</orientation>
    </camera>
    <camera id="6" label="DSC_0188.JPG" sensor_id="7" enabled="true">
      <transform>6.3345271791768809e-01 -3.4613127682601108e-01 6.9204825941944925e-01 -9.4867672840819246e+00 3.1893919547356964e-01 9.3165885653244440e-01 1.7403897447218691e-01 -1.9225520259900266e+00 -7.0499322248754015e-01 1.1047585368510943e-01 7.0055666580168963e-01 3.3492534737901907e+00 0.0000000000000000e+00 0.0000000000000000e+00 0.0000000000000000e+00 1.0000000000000000e+00</transform>
      <orientation>1</orientation>
    </camera>
    <camera id="7" label="DSC_0189.JPG" sensor_id="7" enabled="true">
      <transform>4.9511850989282580e-01 -3.7889935499466015e-01 7.8185224943472409e-01 -1.0538078544435608e+01 3.4539285456359531e-01 9.1156896480140226e-01 2.2303766145499021e-01 -2.4964428390234348e+00 -7.9722107170967249e-01 1.5961610568965223e-01 5.8220379733092686e-01 4.7353702054457170e+00 0.0000000000000000e+00 0.0000000000000000e+00 0.0000000000000000e+00 1.0000000000000000e+00</transform>
      <orientation>1</orientation>
    </camera>
    <camera id="8" label="DSC_0190.JPG" sensor_id="7" enabled="true">
      <transform>3.1851615554069707e-01 -4.0564856801484017e-01 8.5673607250254369e-01 -1.1422470846633871e+01 3.6608241491025972e-01 8.8632853941677914e-01 2.8355843438133005e-01 -3.1946704273487638e+00 -8.7437470466216416e-01 2.2331806797218226e-01 4.3081076630479515e-01 6.5047088749794044e+00 0.0000000000000000e+00 0.0000000000000000e+00 0.0000000000000000e+00 1.0000000000000000e+00</transform>
      <orientation>1</orientation>
    </camera>
    <camera id="9" label="DSC_0191.JPG" sensor_id="7" enabled="true">
      <transform>1.5780953066620804e-01 -4.1708003025071094e-01 8.9506446717372112e-01 -1.1908216944083350e+01 3.7880955216257628e-01 8.6264396783086117e-01 3.3518458788467093e-01 -3.9161726330508539e+00 -9.1192076148166490e-01 2.8616364746608597e-01 2.9412733917064926e-01 8.3988328641373755e+00 0.0000000000000000e+00 0.0000000000000000e+00 0.0000000000000000e+00 1.0000000000000000e+00</transform>
      <orientation>1</orientation>
    </camera>
    <camera id="10" label="DSC_0192.JPG" sensor_id="7" enabled="true">
      <transform>-1.8712730054853109e-02 -4.1993078713244392e-01 9.0736319506150365e-01 -1.1995614090227695e+01 3.7618160771166587e-01 8.3787956077680070e-01 3.9553159121863068e-01 -4.6022510414027851e+00 -9.2635696777935472e-01 3.4873482139127110e-01 1.4229122459181290e-01 1.0168350286393233e+01 0.0000000000000000e+00 0.0000000000000000e+00 0.0000000000000000e+00 1.0000000000000000e+00</transform>
      <orientation>1</orientation>
    </camera>
    <camera id="11" label="DSC_0193.JPG" sensor_id="7" enabled="true">
      <transform>-2.1000425541902892e-01 -4.0693286482529167e-01 8.8899035778290647e-01 -1.1716277520269069e+01 3.6172004909519995e-01 8.1241040828108457e-01 4.5732694497386372e-01 -5.3000229191744879e+00 -9.0832638340437144e-01 4.1760624042468775e-01 -2.3413867042683612e-02 1.2095853446637648e+01 0.0000000000000000e+00 0.0000000000000000e+00 0.0000000000000000e+00 1.0000000000000000e+00</transform>
      <orientation>1</orientation>
    </camera>
    <camera id="12" label="DSC_0194.JPG" sensor_id="7" enabled="true">
      <transform>-3.9112320695910313e-01 -3.8789565814231841e-01 8.3460145900445470e-01 -1.1119751903722829e+01 3.3203133253258843e-01 7.8629823417566458e-01 5.2104729262214411e-01 -6.0811777707408696e+00 -8.5835763595057546e-01 4.8090752263462289e-01 -1.7874597472046624e-01 1.3907706634633367e+01 0.0000000000000000e+00 0.0000000000000000e+00 0.0000000000000000e+00 1.0000000000000000e+00</transform>
      <orientation>1</orientation>
    </camera>
    <camera id="13" label="DSC_0195.JPG" sensor_id="7" enabled="true">
      <transform>-6.1142585798829185e-01 -3.3345947776023799e-01 7.1760936231012940e-01 -9.6852697796106941e+00 2.7426199357272640e-01 7.6135562324758255e-01 5.8746742363368465e-01 -6.8488235990632900e+00 -7.4225250357596972e-01 5.5600574784902601e-01 -3.7405725403212076e-01 1.6136984296081710e+01 0.0000000000000000e+00 0.0000000000000000e+00 0.0000000000000000e+00 1.0000000000000000e+00</transform>
      <orientation>1</orientation>
    </camera>
    <camera id="14" label="DSC_0196.JPG" sensor_id="7" enabled="true">
      <transform>-7.8340655952777494e-01 -2.6853355460511957e-01 5.6050324935721307e-01 -7.7938048800172721e+00 2.0232279225905825e-01 7.4253036809321349e-01 6.3852497225390858e-01 -7.4624862608914020e+00 -5.8765606456613106e-01 6.1362723416622900e-01 -5.2737270242983869e-01 1.7917730198025904e+01 0.0000000000000000e+00 0.0000000000000000e+00 0.0000000000000000e+00 1.0000000000000000e+00</transform>
      <orientation>1</orientation>
    </camera>
    <camera id="15" label="DSC_0197.JPG" sensor_id="7" enabled="true">
      <transform>-9.0876078998476262e-01 -1.7931266019987360e-01 3.7682993044384733e-01 -5.6068287338542140e+00 1.3483450579043846e-01 7.2838854235467998e-01 6.7176617019218265e-01 -7.8004942496460377e+00 -3.9493478276105082e-01 6.6128443294732775e-01 -6.3775341324607004e-01 1.9124936518798414e+01 0.0000000000000000e+00 0.0000000000000000e+00 0.0000000000000000e+00 1.0000000000000000e+00</transform>
      <orientation>1</orientation>
    </camera>
    <camera id="16" label="DSC_0198.JPG" sensor_id="7" enabled="true">
      <transform>-9.7427142465898120e-01 -1.0462476621541392e-01 1.9962176581557670e-01 -3.5177474811843861e+00 6.3329190739896707e-02 7.2294949593073521e-01 6.8799232549042688e-01 -7.9519830905860243e+00 -2.1629749118560934e-01 6.8293314799317340e-01 -6.9772323358115673e-01 1.9771046408883322e+01 0.0000000000000000e+00 0.0000000000000000e+00 0.0000000000000000e+00 1.0000000000000000e+00</transform>
      <orientation>1</orientation>
    </camera>
    <camera id="17" label="DSC_0199.JPG" sensor_id="7" enabled="true">
      <transform>-9.9890720101299557e-01 -3.7016972874507094e-02 2.8533269766903169e-02 -1.5224481667314429e+00 -7.1516286293093426e-03 7.2436898843083131e-01 6.8937538598911552e-01 -7.9557283478335252e+00 -4.6187205721187632e-02 6.8841797791668802e-01 -7.2384213037703671e-01 2.0038171215609111e+01 0.0000000000000000e+00 0.0000000000000000e+00 0.0000000000000000e+00 1.0000000000000000e+00</transform>
      <orientation>1</orientation>
    </camera>
    <camera id="18" label="DSC_0200.JPG" sensor_id="7" enabled="true">
      <transform>-9.8657962477233574e-01 3.7935705659434285e-02 -1.5881286541145842e-01 6.5246571676135656e-01 -8.1080981425257007e-02 7.3042018396047526e-01 6.7816828981769950e-01 -7.8071060325174395e+00 1.4172691499921378e-01 6.8194371989136093e-01 -7.1754180677193924e-01 1.9914396042931312e+01 0.0000000000000000e+00 0.0000000000000000e+00 0.0000000000000000e+00 1.0000000000000000e+00</transform>
      <orientation>1</orientation>
    </camera>
    <camera id="19" label="DSC_0201.JPG" sensor_id="7" enabled="true">
      <transform>-9.4228271258159535e-01 1.0089672309568772e-01 -3.1925403809258673e-01 2.5067835101386038e+00 -1.4348541549250313e-01 7.3983073804881927e-01 6.5731454767035546e-01 -7.5506947036160330e+00 3.0251483453016720e-01 6.6518443330154109e-01 -6.8265250646466780e-01 1.9474494698888158e+01 0.0000000000000000e+00 0.0000000000000000e+00 0.0000000000000000e+00 1.0000000000000000e+00</transform>
      <orientation>1</orientation>
    </camera>
    <camera id="20" label="DSC_0202.JPG" sensor_id="7" enabled="true">
      <transform>-8.5265444034108373e-01 1.6823373805975553e-01 -4.9464918350794301e-01 4.5626132753219446e+00 -2.0859932995922673e-01 7.5839750911821313e-01 6.1751075918064102e-01 -7.0653057863814697e+00 4.7902685196885858e-01 6.2970677901840277e-01 -6.1155755865746086e-01 1.8578959170092642e+01 0.0000000000000000e+00 0.0000000000000000e+00 0.0000000000000000e+00 1.0000000000000000e+00</transform>
      <orientation>1</orientation>
    </camera>
    <camera id="21" label="DSC_0203.JPG" sensor_id="7" enabled="true">
      <transform>-7.5647060473387673e-01 2.1578459952008594e-01 -6.1740524032722532e-01 6.0430090769096010e+00 -2.4856709810718819e-01 7.7831413968434693e-01 5.7657739957961129e-01 -6.5701801505044184e+00 6.0495175172251081e-01 5.8963048308018418e-01 -5.3513481620101522e-01 1.7573651601274978e+01 0.0000000000000000e+00 0.0000000000000000e+00 0.0000000000000000e+00 1.0000000000000000e+00</transform>
      <orientation>1</orientation>
    </camera>
    <camera id="22" label="DSC_0204.JPG" sensor_id="7" enabled="true">
      <transform>-5.8429199473564541e-01 2.6989820553966615e-01 -7.6534817144506762e-01 7.9587836415925235e+00 -2.9460427374194909e-01 8.0820114566333878e-01 5.0992080761765846e-01 -5.6523146875002821e+00 7.5618197993658853e-01 5.2341748804843569e-01 -3.9271229471999763e-01 1.5487958167680082e+01 0.0000000000000000e+00 0.0000000000000000e+00 0.0000000000000000e+00 1.0000000000000000e+00</transform>
      <orientation>1</orientation>
    </camera>
    <camera id="23" label="DSC_0205.JPG" sensor_id="7" enabled="true">
      <transform>-3.8130139275462077e-01 3.0806510460515818e-01 -8.7161065803947102e-01 9.0076223462945002e+00 -3.2506472948029491e-01 8.3795081645003111e-01 4.3837352892097603e-01 -4.7738671369745811e+00 8.6541444957389591e-01 4.5048231989206866e-01 -2.1937071348147377e-01 1.3419265712738049e+01 0.0000000000000000e+00 0.0000000000000000e+00 0.0000000000000000e+00 1.0000000000000000e+00</transform>
      <orientation>1</orientation>
    </camera>
    <camera id="24" label="DSC_0206.JPG" sensor_id="7" enabled="true">
      <transform>-1.1877545425406434e-01 3.2944947883251779e-01 -9.3667253208563950e-01 9.5350307935661931e+00 -3.3903619455606898e-01 8.7319733491911489e-01 3.5011551389662038e-01 -3.7201308311048926e+00 9.3324533229354012e-01 3.5915102002797877e-01 7.9808874934007845e-03 1.0751167008938419e+01 0.0000000000000000e+00 0.0000000000000000e+00 0.0000000000000000e+00 1.0000000000000000e+00</transform>
      <orientation>1</orientation>
    </camera>
    <camera id="25" label="DSC_0207.JPG" sensor_id="7" enabled="true">
      <transform>9.5034977392155842e-02 3.2532545024912907e-01 -9.4081438365507264e-01 9.4002273190310444e+00 -3.2976717356897800e-01 9.0201785311850458e-01 2.7859900195767384e-01 -2.9090174195715743e+00 9.3926671627839564e-01 2.8377305029844868e-01 1.9300490049714847e-01 8.6040241967932722e+00 0.0000000000000000e+00 0.0000000000000000e+00 0.0000000000000000e+00 1.0000000000000000e+00</transform>
      <orientation>1</orientation>
    </camera>
    <camera id="26" label="DSC_0210.JPG" sensor_id="7" enabled="true">
      <transform>4.1424339053100817e-01 2.8677855141529141e-01 -8.6380580910846028e-01 8.2565941660244331e+00 -2.8715336091419907e-01 9.4177129723231634e-01 1.7495648323237376e-01 -1.7550372740999185e+00 8.6368128422297918e-01 1.7557017445314346e-01 4.7247196014730697e-01 5.4105013802766830e+00 0.0000000000000000e+00 0.0000000000000000e+00 0.0000000000000000e+00 1.0000000000000000e+00</transform>
      <orientation>1</orientation>
    </camera>
    <camera id="27" label="DSC_0211.JPG" sensor_id="7" enabled="true">
      <transform>6.2975599375320601e-01 2.3075166622354512e-01 -7.4172842527907046e-01 6.6689585914424168e+00 -2.2811963552065692e-01 9.6769501950118986e-01 1.0736750496548925e-01 -1.0058311631858152e+00 7.4254213363406840e-01 1.0158748824362840e-01 6.6205072465069936e-01 3.3026149556759847e+00 0.0000000000000000e+00 0.0000000000000000e+00 0.0000000000000000e+00 1.0000000000000000e+00</transform>
      <orientation>1</orientation>
    </camera>
    <camera id="28" label="DSC_0212.JPG" sensor_id="7" enabled="true">
      <transform>8.1822636196952969e-01 1.5022542416745013e-01 -5.5492156428797923e-01 4.3628052981499295e+00 -1.4672156055681093e-01 9.8785767671532310e-01 5.1088102552142800e-02 -4.2930110928268989e-01 5.5585825913256182e-01 3.9617325607792950e-02 8.3033250163160777e-01 1.4901411946260181e+00 0.0000000000000000e+00 0.0000000000000000e+00 0.0000000000000000e+00 1.0000000000000000e+00</transform>
      <orientation>1</orientation>
    </camera>
    <camera id="29" label="DSC_0214.JPG" sensor_id="7" enabled="true">
      <transform>9.7275504169001914e-01 1.6449333271835696e-02 -2.3125105037936836e-01 9.1909754479399308e-01 -1.2181925464636024e-02 9.9972836554762634e-01 1.9869469329743247e-02 -1.4777600481677458e-01 2.3151507414987718e-01 -1.6511043406872698e-02 9.7269119245883651e-01 1.2487701991968683e-01 0.0000000000000000e+00 0.0000000000000000e+00 0.0000000000000000e+00 1.0000000000000000e+00</transform>
      <orientation>1</orientation>
    </camera>
  </cameras>
  <markers next_id="36">
    <marker id="0" label="6"/>
    <marker id="2" label="8"/>
    <marker id="15" label="BL"/>
    <marker id="9" label="BL"/>
    <marker id="1" label="Centre6"/>
    <marker id="5" label="LWB"/>
    <marker id="12" label="LWB"/>
    <marker id="4" label="LWT"/>
    <marker id="11" label="LWT"/>
    <marker id="8" label="LeftSun"/>
    <marker id="3" label="Middle6"/>
    <marker id="6" label="RWB"/>
    <marker id="14" label="RWB"/>
    <marker id="7" label="RWT"/>
    <marker id="13" label="RWT"/>
    <marker id="10" label="U"/>
    <marker id="16" label="U"/>
    <marker id="17" label="Toe"/>
    <marker id="18" label="Toe2"/>
    <marker id="19" label="RightDip"/>
    <marker id="20" label="LeftDip"/>
    <marker id="21" label="FrontR"/>
    <marker id="22" label="RightPoint"/>
    <marker id="23" label="LK"/>
    <marker id="24" label="Not"/>
    <marker id="25" label="2up"/>
    <marker id="26" label="frLeft"/>
    <marker id="27" label="topDip"/>
    <marker id="28" label="Triangle"/>
    <marker id="29" label="Rubbish"/>
    <marker id="30" label="hole"/>
    <marker id="31" label="leftLow"/>
    <marker id="32" label="slash"/>
    <marker id="33" label="leftToe"/>
    <marker id="34" label="rightToe"/>
    <marker id="35" label="Bottom"/>
  </markers>
  <frames next_id="1">
    <frame id="0" path="0/frame.zip"/>
  </frames>
  <transform>
    <rotation>-4.6065304400965462e-01 3.5857349808263900e-01 -8.1192599386731290e-01 3.8874074672864722e-01 -7.4085180953809615e-01 -5.4774011003118761e-01 -7.9792192906166770e-01 -5.6794686615642853e-01 2.0188351182203645e-01</rotation>
    <translation>1.2066171092623026e+01 8.3164387507659878e+00 8.1158687166089347e+00</translation>
    <scale>1.0745223084801308e+00</scale>
  </transform>
  <reference>LOCAL_CS["Local Coordinates (m)",LOCAL_DATUM["Local Datum",0],UNIT["metre",1,AUTHORITY["EPSG","9001"]]]</reference>
  <region>
    <center>-1.4745730018693823e+00 3.0338923213262881e-01 1.1299755676915893e+01</center>
    <size>5.2975961446762092e+00 2.4599657773971559e+00 8.4627126455307007e+00</size>
    <R>-1.3152518616277600e-01 -2.8262486144452004e-01 -9.5017067577268088e-01 5.6827628781918538e-01 -8.0686580733656188e-01 1.6133700646028101e-01 -8.1225807851156140e-01 -5.1873958461311231e-01 2.6673218262542325e-01</R>
  </region>
  <settings>
    <property name="image_brightness" value="1.2"/>
    <property name="accuracy_tiepoints" value="1"/>
    <property name="accuracy_cameras" value="10"/>
    <property name="accuracy_cameras_ypr" value="2"/>
    <property name="accuracy_markers" value="0.0050000000000000001"/>
    <property name="accuracy_scalebars" value="0.001"/>
    <property name="accuracy_projections" value="0.10000000000000001"/>
  </settings>
</chunk>
