<?xml version="1.0" encoding="UTF-8"?>
<point_cloud version="1.2.0">
  <tracks path="tracks.ply" count="3156"/>
  <points path="points.ply" count="2810"/>
  <projections camera_id="177" path="p177.ply" count="131"/>
  <projections camera_id="178" path="p178.ply" count="583"/>
  <projections camera_id="179" path="p179.ply" count="461"/>
  <projections camera_id="180" path="p180.ply" count="389"/>
  <projections camera_id="181" path="p181.ply" count="295"/>
  <projections camera_id="182" path="p182.ply" count="289"/>
  <projections camera_id="183" path="p183.ply" count="277"/>
  <projections camera_id="184" path="p184.ply" count="327"/>
  <projections camera_id="185" path="p185.ply" count="329"/>
  <projections camera_id="186" path="p186.ply" count="344"/>
  <projections camera_id="187" path="p187.ply" count="287"/>
  <projections camera_id="188" path="p188.ply" count="163"/>
  <projections camera_id="189" path="p189.ply" count="131"/>
  <projections camera_id="190" path="p190.ply" count="75"/>
  <projections camera_id="191" path="p191.ply" count="61"/>
  <projections camera_id="192" path="p192.ply" count="179"/>
  <projections camera_id="193" path="p193.ply" count="299"/>
  <projections camera_id="194" path="p194.ply" count="346"/>
  <projections camera_id="195" path="p195.ply" count="341"/>
  <projections camera_id="196" path="p196.ply" count="372"/>
  <projections camera_id="197" path="p197.ply" count="453"/>
  <projections camera_id="198" path="p198.ply" count="439"/>
  <projections camera_id="199" path="p199.ply" count="325"/>
  <projections camera_id="200" path="p200.ply" count="292"/>
  <projections camera_id="201" path="p201.ply" count="241"/>
  <projections camera_id="202" path="p202.ply" count="184"/>
  <projections camera_id="205" path="p205.ply" count="71"/>
  <projections camera_id="206" path="p206.ply" count="58"/>
  <projections camera_id="207" path="p207.ply" count="43"/>
  <projections camera_id="209" path="p209.ply" count="494"/>
  <meta>
    <property name="match/duration" value="22.717321"/>
    <property name="match/match_downscale" value="2"/>
    <property name="match/match_filter_mask" value="true"/>
    <property name="match/match_point_limit" value="40000"/>
    <property name="match/match_select_pairs" value="1"/>
    <property name="match/match_tiepoint_limit" value="4000"/>
  </meta>
</point_cloud>
