<?xml version="1.0" encoding="UTF-8"?>
<chunk label="Merged Chunk" enabled="true">
  <sensors next_id="20">
    <sensor id="0" label="NIKON D3000 (30 mm)" type="frame">
      <resolution width="3872" height="2592"/>
      <property name="pixel_width" value="0.0061904649606179677"/>
      <property name="pixel_height" value="0.0061904649606179677"/>
      <property name="focal_length" value="30"/>
      <property name="fixed" value="false"/>
      <calibration type="frame" class="adjusted">
        <resolution width="3872" height="2592"/>
        <fx>4846.1626373546633</fx>
        <fy>4846.1626373546633</fy>
        <cx>1936</cx>
        <cy>1296</cy>
      </calibration>
    </sensor>
    <sensor id="1" label="NIKON D3000 (20 mm)" type="frame">
      <resolution width="3872" height="2592"/>
      <property name="pixel_width" value="0.0061904649606179668"/>
      <property name="pixel_height" value="0.0061904649606179668"/>
      <property name="focal_length" value="20"/>
      <property name="fixed" value="false"/>
    </sensor>
    <sensor id="2" label="NIKON D3000 (24 mm)" type="frame">
      <resolution width="3872" height="2592"/>
      <property name="pixel_width" value="0.0061904649606179677"/>
      <property name="pixel_height" value="0.0061904649606179677"/>
      <property name="focal_length" value="24"/>
      <property name="fixed" value="false"/>
    </sensor>
    <sensor id="3" label="NIKON D3000 (32 mm)" type="frame">
      <resolution width="3872" height="2592"/>
      <property name="pixel_width" value="0.0061904649606179668"/>
      <property name="pixel_height" value="0.0061904649606179668"/>
      <property name="focal_length" value="32"/>
      <property name="fixed" value="false"/>
    </sensor>
    <sensor id="4" label="NIKON D3000 (18 mm)" type="frame">
      <resolution width="3872" height="2592"/>
      <property name="pixel_width" value="0.0061904649606179677"/>
      <property name="pixel_height" value="0.0061904649606179677"/>
      <property name="focal_length" value="18"/>
      <property name="fixed" value="false"/>
    </sensor>
    <sensor id="5" label="NIKON D3000 (29 mm)" type="frame">
      <resolution width="3872" height="2592"/>
      <property name="pixel_width" value="0.0062624471113228268"/>
      <property name="pixel_height" value="0.0062624471113228268"/>
      <property name="focal_length" value="29"/>
      <property name="fixed" value="false"/>
    </sensor>
    <sensor id="6" label="NIKON D5100 (29 mm)" type="frame">
      <resolution width="4928" height="3264"/>
      <property name="pixel_width" value="0.0049366004100330112"/>
      <property name="pixel_height" value="0.0049366004100330112"/>
      <property name="focal_length" value="29"/>
      <property name="fixed" value="false"/>
    </sensor>
    <sensor id="7" label="NIKON D3000 (48 mm)" type="frame">
      <resolution width="3872" height="2592"/>
      <property name="pixel_width" value="0.0061904649606179677"/>
      <property name="pixel_height" value="0.0061904649606179677"/>
      <property name="focal_length" value="48"/>
      <property name="fixed" value="false"/>
    </sensor>
    <sensor id="8" label="NIKON D3000 (28 mm)" type="frame">
      <resolution width="3872" height="2592"/>
      <property name="pixel_width" value="0.0061904649606179677"/>
      <property name="pixel_height" value="0.0061904649606179677"/>
      <property name="focal_length" value="28"/>
      <property name="fixed" value="false"/>
    </sensor>
    <sensor id="9" label="NIKON D3000 (20 mm)" type="frame">
      <resolution width="3872" height="2592"/>
      <property name="pixel_width" value="0.0061904649606179668"/>
      <property name="pixel_height" value="0.0061904649606179668"/>
      <property name="focal_length" value="20"/>
      <property name="fixed" value="false"/>
    </sensor>
    <sensor id="10" label="NIKON D3000 (24 mm)" type="frame">
      <resolution width="3872" height="2592"/>
      <property name="pixel_width" value="0.0061904649606179677"/>
      <property name="pixel_height" value="0.0061904649606179677"/>
      <property name="focal_length" value="24"/>
      <property name="fixed" value="false"/>
    </sensor>
    <sensor id="11" label="NIKON D3000 (32 mm)" type="frame">
      <resolution width="3872" height="2592"/>
      <property name="pixel_width" value="0.0061904649606179668"/>
      <property name="pixel_height" value="0.0061904649606179668"/>
      <property name="focal_length" value="32"/>
      <property name="fixed" value="false"/>
    </sensor>
    <sensor id="12" label="NIKON D3000 (18 mm)" type="frame">
      <resolution width="3872" height="2592"/>
      <property name="pixel_width" value="0.0061904649606179677"/>
      <property name="pixel_height" value="0.0061904649606179677"/>
      <property name="focal_length" value="18"/>
      <property name="fixed" value="false"/>
    </sensor>
    <sensor id="13" label="NIKON D3000 (29 mm)" type="frame">
      <resolution width="3872" height="2592"/>
      <property name="pixel_width" value="0.0062624471113228268"/>
      <property name="pixel_height" value="0.0062624471113228268"/>
      <property name="focal_length" value="29"/>
      <property name="fixed" value="false"/>
    </sensor>
    <sensor id="14" label="NIKON D3000 (30 mm)" type="frame">
      <resolution width="3872" height="2592"/>
      <property name="pixel_width" value="0.0061904649606179677"/>
      <property name="pixel_height" value="0.0061904649606179677"/>
      <property name="focal_length" value="30"/>
      <property name="fixed" value="false"/>
      <calibration type="frame" class="adjusted">
        <resolution width="3872" height="2592"/>
        <fx>4846.1626373546633</fx>
        <fy>4846.1626373546633</fy>
        <cx>1936</cx>
        <cy>1296</cy>
      </calibration>
    </sensor>
    <sensor id="15" label="NIKON D3000 (26 mm)" type="frame">
      <resolution width="3872" height="2592"/>
      <property name="pixel_width" value="0.0061904649606179677"/>
      <property name="pixel_height" value="0.0061904649606179677"/>
      <property name="focal_length" value="26"/>
      <property name="fixed" value="false"/>
    </sensor>
    <sensor id="16" label="NIKON D3000 (55 mm)" type="frame">
      <resolution width="3872" height="2592"/>
      <property name="pixel_width" value="0.0062282116981827104"/>
      <property name="pixel_height" value="0.0062282116981827104"/>
      <property name="focal_length" value="55"/>
      <property name="fixed" value="false"/>
    </sensor>
    <sensor id="17" label="NIKON D3000 (40 mm)" type="frame">
      <resolution width="3872" height="2592"/>
      <property name="pixel_width" value="0.0061904649606179668"/>
      <property name="pixel_height" value="0.0061904649606179668"/>
      <property name="focal_length" value="40"/>
      <property name="fixed" value="false"/>
    </sensor>
    <sensor id="18" label="NIKON D3000 (30 mm)" type="frame">
      <resolution width="3872" height="2592"/>
      <property name="pixel_width" value="0.0061904649606179677"/>
      <property name="pixel_height" value="0.0061904649606179677"/>
      <property name="focal_length" value="30"/>
      <property name="fixed" value="false"/>
      <calibration type="frame" class="adjusted">
        <resolution width="3872" height="2592"/>
        <fx>4846.1626373546633</fx>
        <fy>4846.1626373546633</fy>
        <cx>1936</cx>
        <cy>1296</cy>
      </calibration>
    </sensor>
    <sensor id="19" label="NIKON D3000 (30 mm)" type="frame">
      <resolution width="3872" height="2592"/>
      <property name="pixel_width" value="0.0061904649606179677"/>
      <property name="pixel_height" value="0.0061904649606179677"/>
      <property name="focal_length" value="30"/>
      <property name="fixed" value="false"/>
      <calibration type="frame" class="adjusted">
        <resolution width="3872" height="2592"/>
        <fx>4846.1626373546633</fx>
        <fy>4846.1626373546633</fy>
        <cx>1936</cx>
        <cy>1296</cy>
      </calibration>
    </sensor>
  </sensors>
  <cameras next_id="171" next_group_id="0">
    <camera id="0" label="DSC_0030.JPG" sensor_id="0" enabled="true">
      <transform>7.5506835564741670e-01 -1.6855977744475126e-01 6.3360822258528371e-01 -4.7477159548467895e+00 1.0514149611817013e-01 9.8501039768549936e-01 1.3674714712010455e-01 -9.2216878037482697e-01 -6.4716075599030209e-01 -3.6634927040061459e-02 7.6147280846188481e-01 2.1635428351766830e+00 0.0000000000000000e+00 0.0000000000000000e+00 0.0000000000000000e+00 1.0000000000000000e+00</transform>
    </camera>
    <camera id="1" label="DSC_0031.JPG" sensor_id="0" enabled="true">
      <transform>8.2887236069145076e-01 -1.5682127973407767e-01 5.3700809668416338e-01 -3.1956561271660524e+00 9.3331060935286300e-02 9.8521712392974170e-01 1.4365420905877396e-01 -7.2560598618268235e-01 -5.5159760944593972e-01 -6.8951467991437393e-02 8.3125553972009736e-01 1.3880625985227921e+00 0.0000000000000000e+00 0.0000000000000000e+00 0.0000000000000000e+00 1.0000000000000000e+00</transform>
    </camera>
    <camera id="2" label="DSC_0032.JPG" sensor_id="0" enabled="true">
      <transform>9.1383001227396676e-01 -9.2587109750272928e-02 3.9540148681492426e-01 -1.4574173309677863e+00 4.3704193416698345e-02 9.9043018363255064e-01 1.3091216455084634e-01 -6.7908014659327964e-01 -4.0373834614160398e-01 -1.0235076188130190e-01 9.0913127181785991e-01 6.2786353254937988e-01 0.0000000000000000e+00 0.0000000000000000e+00 0.0000000000000000e+00 1.0000000000000000e+00</transform>
    </camera>
    <camera id="3" label="DSC_0033.JPG" sensor_id="0" enabled="true">
      <transform>9.5674081826964730e-01 -4.7889840847330709e-02 2.8697311685999966e-01 -1.5937149440680334e-01 1.0412532046548930e-02 9.9136416247521963e-01 1.3072366479022068e-01 -6.9544646804227450e-01 -2.9075519915060039e-01 -1.2208054924280004e-01 9.4897721451227213e-01 3.0198892341245809e-01 0.0000000000000000e+00 0.0000000000000000e+00 0.0000000000000000e+00 1.0000000000000000e+00</transform>
    </camera>
    <camera id="4" label="DSC_0034.JPG" sensor_id="0" enabled="true">
      <transform>9.8762347269945383e-01 9.7644052878018937e-03 1.5653923649502913e-01 1.4365404012337391e+00 -3.1110508390651184e-02 9.9042507852577488e-01 1.3450018622622020e-01 -7.7760892703399920e-01 -1.5372707126835641e-01 -1.3770555622990757e-01 9.7847083111489097e-01 1.0252329877982372e-01 0.0000000000000000e+00 0.0000000000000000e+00 0.0000000000000000e+00 1.0000000000000000e+00</transform>
    </camera>
    <camera id="5" label="DSC_0036.JPG" sensor_id="0" enabled="true">
      <transform>9.8030456369258323e-01 1.4603236256324476e-01 -1.3295680308916499e-01 5.1006248079309993e+00 -1.2820869701342241e-01 9.8265340189113193e-01 1.3399560351707798e-01 -1.0223430583567350e+00 1.5021814941482406e-01 -1.1431028315940148e-01 9.8202223332794403e-01 -2.6070312501715387e-01 0.0000000000000000e+00 0.0000000000000000e+00 0.0000000000000000e+00 1.0000000000000000e+00</transform>
    </camera>
    <camera id="6" label="DSC_0037.JPG" sensor_id="0" enabled="true">
      <transform>9.5696060341509548e-01 1.8452343360771992e-01 -2.2400336149494221e-01 6.4103929548311136e+00 -1.5486295806611020e-01 9.7744581341838599e-01 1.4358671961530411e-01 -1.2476785571866020e+00 2.4544626240876144e-01 -1.0271701066759656e-01 9.6395298017542441e-01 1.6108683715625280e-01 0.0000000000000000e+00 0.0000000000000000e+00 0.0000000000000000e+00 1.0000000000000000e+00</transform>
    </camera>
    <camera id="7" label="DSC_0039.JPG" sensor_id="0" enabled="true">
      <transform>8.3331738218639873e-01 2.8762191547894106e-01 -4.7207602595581177e-01 9.3590922586005352e+00 -2.1836006654719359e-01 9.5580028866081768e-01 1.9688750476706926e-01 -2.0087244139408629e+00 5.0783956313339018e-01 -6.0987227614660439e-02 8.5929013504424978e-01 1.9206478506710174e+00 0.0000000000000000e+00 0.0000000000000000e+00 0.0000000000000000e+00 1.0000000000000000e+00</transform>
    </camera>
    <camera id="8" label="DSC_0040.JPG" sensor_id="0" enabled="true">
      <transform>7.3366926878234573e-01 3.3579903820639412e-01 -5.9073548224568218e-01 1.0684231467591800e+01 -2.4415802037765255e-01 9.4157540243906324e-01 2.3199703146157213e-01 -2.4917242112282256e+00 6.3412637946204675e-01 -2.5976286520142833e-02 7.7279296542410347e-01 3.1863904493307635e+00 0.0000000000000000e+00 0.0000000000000000e+00 0.0000000000000000e+00 1.0000000000000000e+00</transform>
    </camera>
    <camera id="9" label="DSC_0041.JPG" sensor_id="0" enabled="true">
      <transform>6.4281875722722781e-01 3.6960918725374625e-01 -6.7094939753640703e-01 1.1519525142170560e+01 -2.6103406098456494e-01 9.2916187122206950e-01 2.6176217464142637e-01 -2.8740776555809218e+00 7.2017030233323898e-01 6.8750101619773352e-03 6.9376326644794606e-01 4.3162365148866577e+00 0.0000000000000000e+00 0.0000000000000000e+00 0.0000000000000000e+00 1.0000000000000000e+00</transform>
    </camera>
    <camera id="10" label="DSC_0042.JPG" sensor_id="0" enabled="true">
      <transform>3.3443792830111324e-01 4.2946869845810293e-01 -8.3887299942146354e-01 1.2755482381548948e+01 -2.7266486738144785e-01 8.9615364150852106e-01 3.5008930418805245e-01 -3.7333050017722216e+00 9.0211149100846566e-01 1.1164805352410019e-01 4.1680879301516993e-01 7.0091552395968355e+00 0.0000000000000000e+00 0.0000000000000000e+00 0.0000000000000000e+00 1.0000000000000000e+00</transform>
    </camera>
    <camera id="11" label="DSC_0043.JPG" sensor_id="0" enabled="true">
      <transform>1.4653628140787378e-01 4.4529289085221901e-01 -8.8331271902289843e-01 1.3115748303398322e+01 -2.6200860476912724e-01 8.7853150060435947e-01 3.9941694189504146e-01 -4.1587809475331063e+00 9.5387557325790007e-01 1.7290645968940949e-01 2.4540730824404328e-01 8.3949157826194423e+00 0.0000000000000000e+00 0.0000000000000000e+00 0.0000000000000000e+00 1.0000000000000000e+00</transform>
    </camera>
    <camera id="12" label="DSC_0044.JPG" sensor_id="0" enabled="true">
      <transform>-1.3250642434520623e-02 4.4913142493698044e-01 -8.9336744042367588e-01 1.3270922731382841e+01 -2.5124351404406453e-01 8.6328703019728881e-01 4.3773530831306640e-01 -4.6343942043360347e+00 9.6783320728618449e-01 2.3025304911601682e-01 1.0140224971328145e-01 1.0190223093702732e+01 0.0000000000000000e+00 0.0000000000000000e+00 0.0000000000000000e+00 1.0000000000000000e+00</transform>
    </camera>
    <camera id="13" label="DSC_0045.JPG" sensor_id="0" enabled="true">
      <transform>-1.3511316849312327e-01 4.4781853787372572e-01 -8.8385688255304518e-01 1.3180906310769162e+01 -2.3877983115872503e-01 8.5103000495784420e-01 4.6768806152526748e-01 -5.0083266901556334e+00 9.6162811103438506e-01 2.7423801304357881e-01 -8.0553255893374143e-03 1.1560423361444386e+01 0.0000000000000000e+00 0.0000000000000000e+00 0.0000000000000000e+00 1.0000000000000000e+00</transform>
    </camera>
    <camera id="14" label="DSC_0046.JPG" sensor_id="0" enabled="true">
      <transform>-3.3742721133976616e-01 4.3308809975120904e-01 -8.3580953266958824e-01 1.2876482110095518e+01 -2.0176464101993546e-01 8.3397474886546219e-01 5.1359239469533258e-01 -5.4387816495716867e+00 9.1947479937275345e-01 3.4193685982747818e-01 -1.9402390886114596e-01 1.3132187213831402e+01 0.0000000000000000e+00 0.0000000000000000e+00 0.0000000000000000e+00 1.0000000000000000e+00</transform>
    </camera>
    <camera id="15" label="DSC_0047.JPG" sensor_id="0" enabled="true">
      <transform>-5.4316635692456772e-01 4.0836621731269773e-01 -7.3362615906400974e-01 1.1857580661100958e+01 -1.5867104854625880e-01 8.0808644560119558e-01 5.6729163116412784e-01 -6.1662892678915755e+00 8.2449609280973790e-01 4.2453896051286572e-01 -3.7412947484544912e-01 1.5489495610213538e+01 0.0000000000000000e+00 0.0000000000000000e+00 0.0000000000000000e+00 1.0000000000000000e+00</transform>
    </camera>
    <camera id="16" label="DSC_0048.JPG" sensor_id="0" enabled="true">
      <transform>-6.9284779716248812e-01 3.6715504986655023e-01 -6.2061187494647474e-01 1.0626690225528144e+01 -1.1237312408435926e-01 7.9517344921090205e-01 5.9587873485597631e-01 -6.5711348845094957e+00 7.1227397183289598e-01 4.8259336405252057e-01 -5.0967581267101791e-01 1.7311773988793110e+01 0.0000000000000000e+00 0.0000000000000000e+00 0.0000000000000000e+00 1.0000000000000000e+00</transform>
    </camera>
    <camera id="17" label="DSC_0049.JPG" sensor_id="0" enabled="true">
      <transform>-7.7966341577179932e-01 3.3243488778351582e-01 -5.3067127630145172e-01 9.6079762850800368e+00 -7.8217638749387336e-02 7.8911113114934961e-01 6.0925005021309975e-01 -6.7868673344757644e+00 6.2129458318540076e-01 5.1651782939270885e-01 -5.8923880797510597e-01 1.8409438688115994e+01 0.0000000000000000e+00 0.0000000000000000e+00 0.0000000000000000e+00 1.0000000000000000e+00</transform>
    </camera>
    <camera id="18" label="DSC_0050.JPG" sensor_id="0" enabled="true">
      <transform>-8.7815330750484910e-01 2.7945157859564301e-01 -3.8826998820240677e-01 7.9396709250932043e+00 -2.7465896974142534e-02 7.8084463415469796e-01 6.2412120763135570e-01 -7.0293662346210253e+00 4.7759019359875865e-01 5.5873828625951460e-01 -6.7802590986339240e-01 1.9670762671836801e+01 0.0000000000000000e+00 0.0000000000000000e+00 0.0000000000000000e+00 1.0000000000000000e+00</transform>
    </camera>
    <camera id="19" label="DSC_0051.JPG" sensor_id="0" enabled="true">
      <transform>-9.4389145614743197e-01 2.2509567706716105e-01 -2.4166268884036840e-01 6.1967940228845277e+00 2.3860453063074091e-02 7.7631167409068991e-01 6.2989750233679709e-01 -7.1733855082306173e+00 3.2939277131033889e-01 5.8878868946013807e-01 -7.3812484131907374e-01 2.0614617052821192e+01 0.0000000000000000e+00 0.0000000000000000e+00 0.0000000000000000e+00 1.0000000000000000e+00</transform>
    </camera>
    <camera id="20" label="DSC_0052.JPG" sensor_id="0" enabled="true">
      <transform>-9.8230438165505007e-01 1.6546377749290619e-01 -8.7748732863032239e-02 4.3166008591786067e+00 7.4747445511113370e-02 7.7593012358406510e-01 6.2637469832711234e-01 -7.1940149960552011e+00 1.7172920884594123e-01 6.0873161709623380e-01 -7.7456755494698548e-01 2.1256504505488170e+01 0.0000000000000000e+00 0.0000000000000000e+00 0.0000000000000000e+00 1.0000000000000000e+00</transform>
    </camera>
    <camera id="21" label="DSC_0053.JPG" sensor_id="0" enabled="true">
      <transform>-9.9186075668177098e-01 1.0258566772645690e-01 7.5421615812587758e-02 2.2979844628902786e+00 1.2724580544525993e-01 7.7742711566078748e-01 6.1596719460693294e-01 -7.0992866389815186e+00 4.5545967166884804e-03 6.2055077198603592e-01 -7.8415304312122847e-01 2.1536691209303758e+01 0.0000000000000000e+00 0.0000000000000000e+00 0.0000000000000000e+00 1.0000000000000000e+00</transform>
    </camera>
    <camera id="22" label="DSC_0054.JPG" sensor_id="0" enabled="true">
      <transform>-9.5768075235803574e-01 2.2776838969509355e-02 2.8692994296431296e-01 -4.1488560899677512e-01 1.9553634232324177e-01 7.8300467868761625e-01 5.9048218600068847e-01 -6.9364106167918251e+00 -2.1121817013172622e-01 6.2159865569341510e-01 -7.5432220956720120e-01 2.1515011674855639e+01 0.0000000000000000e+00 0.0000000000000000e+00 0.0000000000000000e+00 1.0000000000000000e+00</transform>
      <orientation>1</orientation>
    </camera>
    <camera id="23" label="DSC_0055.JPG" sensor_id="0" enabled="true">
      <transform>-8.7520961446481960e-01 -4.7173477628144625e-02 4.8143825539399016e-01 -3.0114040761034371e+00 2.6182498772119794e-01 7.9066136484045724e-01 5.5344582567169109e-01 -6.6060268447075980e+00 -4.0676259237193441e-01 6.1043367302033091e-01 -6.7964323309348951e-01 2.0874006994202997e+01 0.0000000000000000e+00 0.0000000000000000e+00 0.0000000000000000e+00 1.0000000000000000e+00</transform>
      <orientation>1</orientation>
    </camera>
    <camera id="24" label="DSC_0056.JPG" sensor_id="0" enabled="true">
      <transform>-9.0463100358368598e-01 -2.6142104364528435e-02 4.2539315666165478e-01 -2.2609406395054927e+00 2.4396231448600478e-01 7.8665496724603712e-01 5.6714755718222709e-01 -6.7414104275813935e+00 -3.4946407035030758e-01 6.1683916289947893e-01 -7.0525478420756937e-01 2.1118770335915766e+01 0.0000000000000000e+00 0.0000000000000000e+00 0.0000000000000000e+00 1.0000000000000000e+00</transform>
      <orientation>1</orientation>
    </camera>
    <camera id="25" label="DSC_0057.JPG" sensor_id="0" enabled="true">
      <transform>-7.8748084061553558e-01 -8.8292872709419906e-02 6.0998220817673665e-01 -4.8130819370885227e+00 3.1051581984993215e-01 7.9807276395732085e-01 5.1639112023005129e-01 -6.2018825495114154e+00 -5.3240384229114468e-01 5.9605723891103035e-01 -6.0105067727720352e-01 2.0047141982361079e+01 0.0000000000000000e+00 0.0000000000000000e+00 0.0000000000000000e+00 1.0000000000000000e+00</transform>
      <orientation>1</orientation>
    </camera>
    <camera id="26" label="DSC_0058.JPG" sensor_id="0" enabled="true">
      <transform>-6.6665331830637065e-01 -1.8530709785411456e-01 7.2196581129302129e-01 -6.1431989964108933e+00 2.6903496177669217e-01 8.4348606048539698e-01 4.6492091274607017e-01 -5.3440025712811101e+00 -6.9512124304535428e-01 5.0417511367749090e-01 -5.1245869317962645e-01 1.8879757993582519e+01 0.0000000000000000e+00 0.0000000000000000e+00 0.0000000000000000e+00 1.0000000000000000e+00</transform>
      <orientation>1</orientation>
    </camera>
    <camera id="27" label="DSC_0059.JPG" sensor_id="0" enabled="true">
      <transform>-5.0116760138312533e-01 -2.3051858133432679e-01 8.3408166205923406e-01 -7.7019294348943657e+00 2.9365554603021071e-01 8.6136607566025480e-01 4.1450561393948754e-01 -4.7453452138775898e+00 -8.1400089410859000e-01 4.5266949020368280e-01 -3.6399571017960414e-01 1.7172647303169509e+01 0.0000000000000000e+00 0.0000000000000000e+00 0.0000000000000000e+00 1.0000000000000000e+00</transform>
      <orientation>1</orientation>
    </camera>
    <camera id="28" label="DSC_0060.JPG" sensor_id="0" enabled="true">
      <transform>-3.1391679449716681e-01 -2.6564542277184183e-01 9.1153099535506377e-01 -8.8539840554040463e+00 3.0290990916368493e-01 8.8186982445738504e-01 3.6131869539500711e-01 -4.0892283101326266e+00 -8.9983433645481214e-01 3.8953577765318453e-01 -1.9636711757587405e-01 1.5175895607351878e+01 0.0000000000000000e+00 0.0000000000000000e+00 0.0000000000000000e+00 1.0000000000000000e+00</transform>
      <orientation>1</orientation>
    </camera>
    <camera id="29" label="DSC_0061.JPG" sensor_id="0" enabled="true">
      <transform>-1.4842564227693780e-01 -2.8623587181298343e-01 9.4659328880049631e-01 -9.4831964089598859e+00 2.9969505001288904e-01 8.9916332054818626e-01 3.1888587296795029e-01 -3.5536225993564914e+00 -9.4241854062430808e-01 3.3102016353723990e-01 -4.7675419445753681e-02 1.3363764011235222e+01 0.0000000000000000e+00 0.0000000000000000e+00 0.0000000000000000e+00 1.0000000000000000e+00</transform>
      <orientation>1</orientation>
    </camera>
    <camera id="30" label="DSC_0062.JPG" sensor_id="0" enabled="true">
      <transform>-9.0138474626041219e-03 -2.9435448214545873e-01 9.5565380206160400e-01 -9.7412786671648242e+00 2.9017572655996177e-01 9.1379901046599810e-01 2.8419960623963014e-01 -3.1141992830737322e+00 -9.5693092659257217e-01 2.7986926825259206e-01 7.7177680830920692e-02 1.1830476041410703e+01 0.0000000000000000e+00 0.0000000000000000e+00 0.0000000000000000e+00 1.0000000000000000e+00</transform>
      <orientation>1</orientation>
    </camera>
    <camera id="31" label="DSC_0063.JPG" sensor_id="0" enabled="true">
      <transform>1.1928241135033049e-01 -2.9852471825675575e-01 9.4691852813860111e-01 -9.7016610618859129e+00 2.7055984264956900e-01 9.2740660182341084e-01 2.5829124344389520e-01 -2.5438751898286123e+00 -9.5528481506192209e-01 2.2538852562647840e-01 1.9139209656626704e-01 9.7657744582585693e+00 0.0000000000000000e+00 0.0000000000000000e+00 0.0000000000000000e+00 1.0000000000000000e+00</transform>
      <orientation>1</orientation>
    </camera>
    <camera id="32" label="DSC_0064.JPG" sensor_id="0" enabled="true">
      <transform>2.7132132747664439e-01 -2.9097710528197712e-01 9.1745139460247838e-01 -9.3536904218590671e+00 2.4861873676528318e-01 9.4204568083573814e-01 2.2525243383361146e-01 -2.0992808766931237e+00 -9.2982442481661354e-01 1.6697981740453507e-01 3.2793944501081568e-01 7.9751597830526491e+00 0.0000000000000000e+00 0.0000000000000000e+00 0.0000000000000000e+00 1.0000000000000000e+00</transform>
      <orientation>1</orientation>
    </camera>
    <camera id="33" label="DSC_0065.JPG" sensor_id="0" enabled="true">
      <transform>4.6526728654702770e-01 -2.5456973560390578e-01 8.4777390959130361e-01 -8.4285017106852997e+00 2.1654999729086533e-01 9.6138468635350538e-01 1.6983987611364634e-01 -1.3517854712250270e+00 -8.5827294652837127e-01 1.0456449951838351e-01 5.0242791990292268e-01 5.6127381815508475e+00 0.0000000000000000e+00 0.0000000000000000e+00 0.0000000000000000e+00 1.0000000000000000e+00</transform>
      <orientation>1</orientation>
    </camera>
    <camera id="34" label="DSC_0065.JPG" sensor_id="0" enabled="true">
      <transform>4.6526728654702793e-01 -2.5456973560390550e-01 8.4777390959130350e-01 -8.4285017106854809e+00 2.1654999729086516e-01 9.6138468635350538e-01 1.6983987611364607e-01 -1.3517854712250481e+00 -8.5827294652837116e-01 1.0456449951838345e-01 5.0242791990292290e-01 5.6127381815510180e+00 0.0000000000000000e+00 0.0000000000000000e+00 0.0000000000000000e+00 1.0000000000000000e+00</transform>
    </camera>
    <camera id="35" label="DSC_0066.JPG" sensor_id="0" enabled="true">
      <transform>5.9155253665248198e-01 -2.3358090852642485e-01 7.7169006443777910e-01 -7.0761800257102845e+00 1.7202167430648427e-01 9.7164166711884081e-01 1.6223752428865906e-01 -1.1073170233623040e+00 -7.8770180902979248e-01 3.6775397897090542e-02 6.1495807187214224e-01 3.6446968293491246e+00 0.0000000000000000e+00 0.0000000000000000e+00 0.0000000000000000e+00 1.0000000000000000e+00</transform>
    </camera>
    <camera id="36" label="DSC_0067.JPG" sensor_id="0" enabled="true">
      <transform>7.8946965401624514e-01 -1.6020296134122430e-01 5.9251386191799127e-01 -4.7151064844695130e+00 1.0703697863895521e-01 9.8647900813337142e-01 1.2410580855078354e-01 -6.7471658962546333e-01 -6.0438460485961598e-01 -3.4556876156592559e-02 7.9594288219631937e-01 1.4895839146048531e+00 0.0000000000000000e+00 0.0000000000000000e+00 0.0000000000000000e+00 1.0000000000000000e+00</transform>
    </camera>
    <camera id="37" label="DSC_0068.JPG" sensor_id="0" enabled="true">
      <transform>9.0243652708204147e-01 -9.2244107059628974e-02 4.2083172325868634e-01 -2.4933799425618641e+00 4.9755999945500909e-02 9.9258831493607258e-01 1.1087279883628548e-01 -5.6372430029694309e-01 -4.2794001338683807e-01 -7.9116760330158992e-02 9.0033764953895656e-01 2.8241798878590213e-01 0.0000000000000000e+00 0.0000000000000000e+00 0.0000000000000000e+00 1.0000000000000000e+00</transform>
    </camera>
    <camera id="38" label="DSC_0069.JPG" sensor_id="0" enabled="true">
      <transform>9.5641587974377507e-01 -3.7753833703209852e-02 2.8955709802153218e-01 -7.8452090951939557e-01 6.1842623213830133e-03 9.9400319004053717e-01 1.0917606463312435e-01 -5.6942888249163581e-01 -2.9194249412081330e-01 -1.0262702485186931e-01 9.5091391508199763e-01 -2.7110673701288440e-01 0.0000000000000000e+00 0.0000000000000000e+00 0.0000000000000000e+00 1.0000000000000000e+00</transform>
    </camera>
    <camera id="39" label="DSC_0070.JPG" sensor_id="18" enabled="true">
      <transform>7.5194928563789154e-01 4.0347229339195173e-01 -5.2132751729954119e-01 9.6947662909498131e+00 3.2834330097517478e-01 -9.1497716977039911e-01 -2.3453668263978647e-01 4.4443542179406368e+00 -5.7163182953137792e-01 5.1852930475444481e-03 -8.2049385384816909e-01 2.1686926529558352e+01 0.0000000000000000e+00 0.0000000000000000e+00 0.0000000000000000e+00 1.0000000000000000e+00</transform>
    </camera>
    <camera id="40" label="DSC_0071.JPG" sensor_id="18" enabled="true">
      <transform>8.3879988519808546e-01 3.5594366470324340e-01 -4.1196948934272265e-01 8.2307891342806290e+00 3.0392298646386290e-01 -9.3393907874660764e-01 -1.8811862079237274e-01 3.7680012752146741e+00 -4.5171403663220971e-01 3.2586879991231596e-02 -8.9156745362416179e-01 2.2812476600879826e+01 0.0000000000000000e+00 0.0000000000000000e+00 0.0000000000000000e+00 1.0000000000000000e+00</transform>
    </camera>
    <camera id="41" label="DSC_0072.JPG" sensor_id="18" enabled="true">
      <transform>8.9139858319242027e-01 3.1688508574022628e-01 -3.2402532048893090e-01 6.8804129733229420e+00 2.7987632493887887e-01 -9.4721164523618329e-01 -1.5639482685712439e-01 3.2625903491756754e+00 -3.5647974503644958e-01 4.8723111193480217e-02 -9.3303175177181175e-01 2.3545507326167275e+01 0.0000000000000000e+00 0.0000000000000000e+00 0.0000000000000000e+00 1.0000000000000000e+00</transform>
    </camera>
    <camera id="42" label="DSC_0073.JPG" sensor_id="18" enabled="true">
      <transform>9.4429145605020626e-01 2.6490907514519074e-01 -1.9528652779006850e-01 5.2795485136568683e+00 2.4564873921851119e-01 -9.6221749564189762e-01 -1.1744866112898263e-01 2.7691376184354719e+00 -2.1902132989948125e-01 6.2933877890643183e-02 -9.7368834031362839e-01 2.4129347046363961e+01 0.0000000000000000e+00 0.0000000000000000e+00 0.0000000000000000e+00 1.0000000000000000e+00</transform>
    </camera>
    <camera id="43" label="DSC_0074.JPG" sensor_id="18" enabled="true">
      <transform>9.7762914193584927e-01 2.0476896057311511e-01 -4.8072170988850013e-02 3.4726232842090474e+00 2.0044347423124376e-01 -9.7625729215382850e-01 -8.2122549610829376e-02 2.2946938638508718e+00 -6.3746956600954155e-02 7.0649644742775825e-02 -9.9546218070895875e-01 2.4450273267863054e+01 0.0000000000000000e+00 0.0000000000000000e+00 0.0000000000000000e+00 1.0000000000000000e+00</transform>
    </camera>
    <camera id="44" label="DSC_0075.JPG" sensor_id="18" enabled="true">
      <transform>9.8464846442328235e-01 1.4675235757384092e-01 9.4504746205635842e-02 1.6936916103519519e+00 1.5240577750556389e-01 -9.8675062654769685e-01 -5.5638835274044000e-02 1.9350652510709661e+00 8.5087487281013702e-02 6.9187763038323302e-02 -9.9396839635571721e-01 2.4497277768780272e+01 0.0000000000000000e+00 0.0000000000000000e+00 0.0000000000000000e+00 1.0000000000000000e+00</transform>
    </camera>
    <camera id="45" label="DSC_0076.JPG" sensor_id="18" enabled="true">
      <transform>9.7097024421009315e-01 9.5461025652642431e-02 2.1932618958970224e-01 1.2597471459521567e-01 1.0615472311553543e-01 -9.9364325977876589e-01 -3.7473284570371732e-02 1.6897192770291354e+00 2.1435475179910635e-01 5.9667955198528425e-02 -9.7493167735158237e-01 2.4325747671791675e+01 0.0000000000000000e+00 0.0000000000000000e+00 0.0000000000000000e+00 1.0000000000000000e+00</transform>
    </camera>
    <camera id="46" label="DSC_0077.JPG" sensor_id="18" enabled="true">
      <transform>9.1147810886783609e-01 1.8918484416585037e-02 4.1091330959472938e-01 -2.2952249112293015e+00 3.0622831130064761e-02 -9.9929063932253248e-01 -2.1919406377542680e-02 1.4539407280603613e+00 4.1020714190308050e-01 3.2562387961323588e-02 -9.1141087969255796e-01 2.3624674887550309e+01 0.0000000000000000e+00 0.0000000000000000e+00 0.0000000000000000e+00 1.0000000000000000e+00</transform>
    </camera>
    <camera id="47" label="DSC_0078.JPG" sensor_id="18" enabled="false">
      <transform>8.2050380708770942e-01 -4.4382143184517324e-02 5.6991554455105431e-01 -4.3236350104106327e+00 -3.9173634751401308e-02 -9.9900325157684233e-01 -2.1399291559770970e-02 1.4105415394272105e+00 5.7029722855274290e-01 -4.7674631876170152e-03 -8.2142458107839411e-01 2.2568150515691034e+01 0.0000000000000000e+00 0.0000000000000000e+00 0.0000000000000000e+00 1.0000000000000000e+00</transform>
    </camera>
    <camera id="48" label="DSC_0079.JPG" sensor_id="18" enabled="true">
      <transform>7.0462683952327243e-01 -9.6390754308278828e-02 7.0300059708888185e-01 -6.0607032602341189e+00 -1.0591724774217977e-01 -9.9391875324251722e-01 -3.0117247277298888e-02 1.4988027288215517e+00 7.0162850117007436e-01 -5.3238467640619416e-02 -7.1055127324431244e-01 2.1272790036082160e+01 0.0000000000000000e+00 0.0000000000000000e+00 0.0000000000000000e+00 1.0000000000000000e+00</transform>
    </camera>
    <camera id="49" label="DSC_0080.JPG" sensor_id="18" enabled="true">
      <transform>5.3206159250910590e-01 -1.4732696454027203e-01 8.3378967809395688e-01 -7.7501058047452904e+00 -1.8086001252983433e-01 -9.8179317618670703e-01 -5.8067332131981356e-02 1.8116342895091635e+00 8.2716390010951457e-01 -1.1990381442042240e-01 -5.4901999748920804e-01 1.9289801957137254e+01 0.0000000000000000e+00 0.0000000000000000e+00 0.0000000000000000e+00 1.0000000000000000e+00</transform>
    </camera>
    <camera id="50" label="DSC_0081.JPG" sensor_id="18" enabled="true">
      <transform>3.9221780460715261e-01 -1.7596789106208363e-01 9.0288454138073948e-01 -8.7479841070476123e+00 -2.3115545293649489e-01 -9.6889090128103161e-01 -8.8417068445827668e-02 2.1799908683439901e+00 8.9035518211939968e-01 -1.7402793663660140e-01 -4.2069219976502736e-01 1.7738962780145346e+01 0.0000000000000000e+00 0.0000000000000000e+00 0.0000000000000000e+00 1.0000000000000000e+00</transform>
    </camera>
    <camera id="51" label="DSC_0082.JPG" sensor_id="18" enabled="true">
      <transform>6.0412457711970680e-02 -2.0449047925945227e-01 9.7700254802402575e-01 -9.7904172685857898e+00 -3.1245948061386636e-01 -9.3347327324190077e-01 -1.7605885696994766e-01 3.2188581520097292e+00 9.4800812650932065e-01 -2.9463756046249628e-01 -1.2028840358487047e-01 1.4013280113126530e+01 0.0000000000000000e+00 0.0000000000000000e+00 0.0000000000000000e+00 1.0000000000000000e+00</transform>
    </camera>
    <camera id="52" label="DSC_0083.JPG" sensor_id="18" enabled="true">
      <transform>-1.0562287981332286e-01 -2.0233025420044737e-01 9.7360478403463202e-01 -9.8174897823263585e+00 -3.4006376768912183e-01 -9.1270176059783681e-01 -2.2656595089882325e-01 3.8231272412752224e+00 9.3445194695341027e-01 -3.5501825930054831e-01 2.7596999804131217e-02 1.2150033868283819e+01 0.0000000000000000e+00 0.0000000000000000e+00 0.0000000000000000e+00 1.0000000000000000e+00</transform>
    </camera>
    <camera id="53" label="DSC_0084.JPG" sensor_id="18" enabled="true">
      <transform>-2.6209053499379131e-01 -1.8946283858418636e-01 9.4626232317592107e-01 -9.5572399733951734e+00 -3.5644936136731586e-01 -8.9219538883493066e-01 -2.7736481558142811e-01 4.4605314100838998e+00 8.9680120664922236e-01 -4.0998929368620041e-01 1.6630205896256911e-01 1.0386656606453803e+01 0.0000000000000000e+00 0.0000000000000000e+00 0.0000000000000000e+00 1.0000000000000000e+00</transform>
    </camera>
    <camera id="54" label="DSC_0085.JPG" sensor_id="18" enabled="true">
      <transform>-4.0644562150063335e-01 -1.6871765616008705e-01 8.9796230948899536e-01 -9.0315052041257395e+00 -3.6587473384796176e-01 -8.7050882856470690e-01 -3.2916570070799422e-01 5.1002331011014777e+00 8.3722018364026962e-01 -4.6232967879073950e-01 2.9208497430474645e-01 8.7839513873957049e+00 0.0000000000000000e+00 0.0000000000000000e+00 0.0000000000000000e+00 1.0000000000000000e+00</transform>
    </camera>
    <camera id="55" label="DSC_0086.JPG" sensor_id="18" enabled="true">
      <transform>-5.1957240189274634e-01 -1.4103695739254657e-01 8.4270581808888412e-01 -8.0819841623037867e+00 -3.7261212537223248e-01 -8.5015435881557966e-01 -3.7201850788967261e-01 5.8899760033386013e+00 7.6889838289398826e-01 -5.0729295563443788e-01 3.8916466173932851e-01 7.0805557489707285e+00 0.0000000000000000e+00 0.0000000000000000e+00 0.0000000000000000e+00 1.0000000000000000e+00</transform>
    </camera>
    <camera id="56" label="DSC_0087.JPG" sensor_id="18" enabled="true">
      <transform>-6.4553427584929968e-01 -1.0532354041414826e-01 7.5643403581432633e-01 -6.9727215056922240e+00 -3.6423741691117356e-01 -8.2809262732984568e-01 -4.2613812864355283e-01 6.5537957605445474e+00 6.7127982453340296e-01 -5.5060834755439603e-01 4.9619940021912756e-01 5.7591200539394567e+00 0.0000000000000000e+00 0.0000000000000000e+00 0.0000000000000000e+00 1.0000000000000000e+00</transform>
    </camera>
    <camera id="57" label="DSC_0088.JPG" sensor_id="18" enabled="true">
      <transform>-7.6594738211851277e-01 -5.6595344425680677e-02 6.4040735068793175e-01 -5.4885224737296054e+00 -3.4456131646585308e-01 -8.0483754325885792e-01 -4.8323289225420524e-01 7.2767685685151280e+00 5.4277261078753347e-01 -5.9079056860310886e-01 5.9696264290866674e-01 4.5054226473168004e+00 0.0000000000000000e+00 0.0000000000000000e+00 0.0000000000000000e+00 1.0000000000000000e+00</transform>
    </camera>
    <camera id="58" label="DSC_0089.JPG" sensor_id="18" enabled="true">
      <transform>-8.5413066995845144e-01 -3.5883722175216459e-03 5.2004607701736905e-01 -3.7748835061033237e+00 -3.1975999252767484e-01 -7.8499861690910189e-01 -5.3059468394387277e-01 7.9272817069102679e+00 4.1013942241026791e-01 -6.1948712257449345e-01 6.6934397670356738e-01 3.5278642111546681e+00 0.0000000000000000e+00 0.0000000000000000e+00 0.0000000000000000e+00 1.0000000000000000e+00</transform>
    </camera>
    <camera id="59" label="DSC_0090.JPG" sensor_id="18" enabled="true">
      <transform>-9.0901094871454802e-01 4.1073715055274601e-02 4.1474334840794658e-01 -2.3852243012874461e+00 -2.9303059381633578e-01 -7.7062061569497053e-01 -5.6593015271634906e-01 8.3932679236975627e+00 2.9636492067166609e-01 -6.3596919469221358e-01 7.1253843208476375e-01 3.0140422498250956e+00 0.0000000000000000e+00 0.0000000000000000e+00 0.0000000000000000e+00 1.0000000000000000e+00</transform>
    </camera>
    <camera id="60" label="DSC_0091.JPG" sensor_id="18" enabled="true">
      <transform>-9.6069681684649799e-01 1.1043989117482143e-01 2.5468540699910525e-01 -3.5489872957742102e-01 -2.4754169471852744e-01 -7.5604399805330513e-01 -6.0590476345994604e-01 8.8895337678928730e+00 1.2563731721461441e-01 -6.4513603483673687e-01 7.5366754015165527e-01 2.5691521692392447e+00 0.0000000000000000e+00 0.0000000000000000e+00 0.0000000000000000e+00 1.0000000000000000e+00</transform>
    </camera>
    <camera id="61" label="DSC_0092.JPG" sensor_id="18" enabled="true">
      <transform>-9.7635085698067725e-01 1.5627840120905312e-01 1.4938562644591791e-01 9.8420499673533945e-01 -2.1576565957462568e-01 -7.4775778416019989e-01 -6.2793588556169866e-01 9.1635103942401130e+00 1.3571448759209709e-02 -6.4531802821815709e-01 7.6379346569292261e-01 2.4901316012880841e+00 0.0000000000000000e+00 0.0000000000000000e+00 0.0000000000000000e+00 1.0000000000000000e+00</transform>
    </camera>
    <camera id="62" label="DSC_0093.JPG" sensor_id="18" enabled="true">
      <transform>-9.7127436622789343e-01 2.3423302026979656e-01 -4.1964243397123305e-02 3.3568659713029945e+00 -1.4866518597060549e-01 -7.3498454981603534e-01 -6.6158625591229236e-01 9.5510533115947016e+00 -1.8580841743292797e-01 -6.3634314936754766e-01 7.4869394832872915e-01 2.7499888775409076e+00 0.0000000000000000e+00 0.0000000000000000e+00 0.0000000000000000e+00 1.0000000000000000e+00</transform>
    </camera>
    <camera id="63" label="DSC_0094.JPG" sensor_id="18" enabled="true">
      <transform>-9.0707318511146073e-01 3.2561583010807227e-01 -2.6681935468548890e-01 6.1593284762886551e+00 -6.1087188781980467e-02 -7.2891712460929514e-01 -6.8187108812299124e-01 9.7866805781471946e+00 -4.1651721719331647e-01 -6.0220773544878048e-01 6.8107213358585450e-01 3.6959024460010470e+00 0.0000000000000000e+00 0.0000000000000000e+00 0.0000000000000000e+00 1.0000000000000000e+00</transform>
    </camera>
    <camera id="64" label="DSC_0095.JPG" sensor_id="18" enabled="true">
      <transform>-7.6616506461657297e-01 4.1651688988558322e-01 -4.8939224983761603e-01 8.8800656665556641e+00 3.5144223747973186e-02 -7.3323377928868005e-01 -6.7906782315700376e-01 9.7172519462028042e+00 -6.4168214662575362e-01 -5.3747735333693858e-01 5.4713994311481706e-01 5.4824721451188152e+00 0.0000000000000000e+00 0.0000000000000000e+00 0.0000000000000000e+00 1.0000000000000000e+00</transform>
    </camera>
    <camera id="65" label="DSC_0096.JPG" sensor_id="18" enabled="true">
      <transform>-6.6925131571469065e-01 4.5691546370660968e-01 -5.8594448153381329e-01 1.0073652882345408e+01 8.3450145039996093e-02 -7.3737201487654969e-01 -6.7031230405662479e-01 9.5762851687797284e+00 -7.3833512019066183e-01 -4.9750454339902395e-01 4.5535752940998930e-01 6.6903368963039540e+00 0.0000000000000000e+00 0.0000000000000000e+00 0.0000000000000000e+00 1.0000000000000000e+00</transform>
    </camera>
    <camera id="66" label="DSC_0098.JPG" sensor_id="18" enabled="true">
      <transform>-4.9177694431032098e-01 5.0159895490548245e-01 -7.1172601855105111e-01 1.1546012494163909e+01 1.5865414669571185e-01 -7.5209472869437832e-01 -6.3967365179940383e-01 9.1612622745283883e+00 -8.5614502205003740e-01 -4.2749503799208843e-01 2.9028209333523114e-01 8.8153219621143979e+00 0.0000000000000000e+00 0.0000000000000000e+00 0.0000000000000000e+00 1.0000000000000000e+00</transform>
    </camera>
    <camera id="67" label="DSC_0099.JPG" sensor_id="18" enabled="true">
      <transform>-1.3399259302724753e-01 5.3949238225978258e-01 -8.3126046128605124e-01 1.2718304732487207e+01 2.7359858539345189e-01 -7.8608203112671804e-01 -5.5427326690937884e-01 8.2488982022222697e+00 -9.5246511699092484e-01 -3.0170019858024322e-01 -4.2275182934026101e-02 1.2048707057866448e+01 0.0000000000000000e+00 0.0000000000000000e+00 0.0000000000000000e+00 1.0000000000000000e+00</transform>
    </camera>
    <camera id="68" label="DSC_0100.JPG" sensor_id="18" enabled="true">
      <transform>6.6935943161428924e-02 5.4036026594994679e-01 -8.3876716822703079e-01 1.2921168096261686e+01 3.1167735582699585e-01 -8.0990846751773826e-01 -4.9689586445024964e-01 7.5584632760099213e+00 -9.4782741328671305e-01 -2.2816453980750689e-01 -2.2263004603297942e-01 1.4310863839912354e+01 0.0000000000000000e+00 0.0000000000000000e+00 0.0000000000000000e+00 1.0000000000000000e+00</transform>
    </camera>
    <camera id="69" label="DSC_0101.JPG" sensor_id="18" enabled="true">
      <transform>6.3877572553259099e-02 5.3977345006395816e-01 -8.3938327260599777e-01 1.2923960916427388e+01 3.1112541497888774e-01 -8.0995207574234485e-01 -4.9717060568267885e-01 7.5603025676206608e+00 -9.4821971709035768e-01 -2.2939541758003484e-01 -2.1967501112862931e-01 1.4329730572676791e+01 0.0000000000000000e+00 0.0000000000000000e+00 0.0000000000000000e+00 1.0000000000000000e+00</transform>
    </camera>
    <camera id="70" label="DSC_0102.JPG" sensor_id="18" enabled="true">
      <transform>1.9540773946918377e-01 5.3178140255032602e-01 -8.2402934125985561e-01 1.2807504196194383e+01 3.2964120545554576e-01 -8.2695608229246220e-01 -4.5550006984117697e-01 7.0693227740801055e+00 -9.2366254174420104e-01 -1.8262578640791835e-01 -3.3689068125659283e-01 1.5744722800590189e+01 0.0000000000000000e+00 0.0000000000000000e+00 0.0000000000000000e+00 1.0000000000000000e+00</transform>
    </camera>
    <camera id="71" label="DSC_0103.JPG" sensor_id="18" enabled="true">
      <transform>3.3869081145190783e-01 5.1636781775146401e-01 -7.8654485633601290e-01 1.2411823485347091e+01 3.4391983940077092e-01 -8.4604702250079977e-01 -4.0733718193172486e-01 6.4650912266059501e+00 -8.7578974548951893e-01 -1.3254701998959470e-01 -4.6413748953007639e-01 1.7374526596504733e+01 0.0000000000000000e+00 0.0000000000000000e+00 0.0000000000000000e+00 1.0000000000000000e+00</transform>
    </camera>
    <camera id="72" label="DSC_0104.JPG" sensor_id="18" enabled="true">
      <transform>4.7701083529731458e-01 4.9160345002577338e-01 -7.2855110385731703e-01 1.1753565293316473e+01 3.4809959363032933e-01 -8.6682402347702903e-01 -3.5699129574472077e-01 5.8333820637875178e+00 -8.0702375177150631e-01 -8.3319627014599912e-02 -5.8461141267579619e-01 1.8907209906858551e+01 0.0000000000000000e+00 0.0000000000000000e+00 0.0000000000000000e+00 1.0000000000000000e+00</transform>
    </camera>
    <camera id="73" label="DSC_0105.JPG" sensor_id="18" enabled="true">
      <transform>6.0936946067696840e-01 4.5755776471993365e-01 -6.4754131322932418e-01 1.0826413616126567e+01 3.4274058288578896e-01 -8.8845377530460523e-01 -3.0525199752025156e-01 5.1667641800358330e+00 -7.1498094606595597e-01 -3.5927442039364710e-02 -6.9822021287781300e-01 2.0375360961573588e+01 0.0000000000000000e+00 0.0000000000000000e+00 0.0000000000000000e+00 1.0000000000000000e+00</transform>
    </camera>
    <camera id="74" label="DSC_0106.JPG" sensor_id="18" enabled="true">
      <transform>7.6158746995316462e-01 3.9783958929497570e-01 -5.1157422413560161e-01 9.2065001188750966e+00 3.2253555579023335e-01 -9.1736789174018807e-01 -2.3325300953095529e-01 4.2670747660954014e+00 -5.6209904897751151e-01 1.2641692678107955e-02 -8.2697330473529151e-01 2.2056781511176393e+01 0.0000000000000000e+00 0.0000000000000000e+00 0.0000000000000000e+00 1.0000000000000000e+00</transform>
    </camera>
    <camera id="75" label="DSC_0107.JPG" sensor_id="18" enabled="true">
      <transform>8.6184441236053422e-01 3.3641819062296197e-01 -3.7953525514884334e-01 7.4288138274417745e+00 2.8927261225126055e-01 -9.4074183888636487e-01 -1.7699194436480062e-01 3.4724219865018648e+00 -4.1658800352897474e-01 4.2750363585275369e-02 -9.0808966612833431e-01 2.3246590281377468e+01 0.0000000000000000e+00 0.0000000000000000e+00 0.0000000000000000e+00 1.0000000000000000e+00</transform>
    </camera>
    <camera id="76" label="DSC_0108.JPG" sensor_id="18" enabled="true">
      <transform>9.2519770245766952e-01 2.8420928191305855e-01 -2.5146430251929208e-01 5.8487074223046251e+00 2.5736712022194747e-01 -9.5689562106262493e-01 -1.3458430747986547e-01 2.9395096742454458e+00 -2.7887519931989668e-01 5.9798448689217194e-02 -9.5846375452525645e-01 2.3928631615526125e+01 0.0000000000000000e+00 0.0000000000000000e+00 0.0000000000000000e+00 1.0000000000000000e+00</transform>
    </camera>
    <camera id="77" label="DSC_0109.JPG" sensor_id="18" enabled="true">
      <transform>9.7300690740429419e-01 2.1501683176282446e-01 -8.3817183215661395e-02 3.7680527472911338e+00 2.0747850489836492e-01 -9.7406898595222680e-01 -9.0234586557150123e-02 2.3720905581348544e+00 -1.0104567357719807e-01 7.0408612148500013e-02 -9.9238722240194754e-01 2.4412905244664344e+01 0.0000000000000000e+00 0.0000000000000000e+00 0.0000000000000000e+00 1.0000000000000000e+00</transform>
    </camera>
    <camera id="78" label="DSC_0110.JPG" sensor_id="18" enabled="true">
      <transform>9.8495971158932338e-01 1.4066782048021931e-01 1.0033409603529661e-01 1.4626532104528855e+00 1.4650636538625800e-01 -9.8776853995551261e-01 -5.3377864096113531e-02 1.8933823902633953e+00 9.1598315744251479e-02 6.7274629359809199e-02 -9.9352094733695306e-01 2.4488198075124053e+01 0.0000000000000000e+00 0.0000000000000000e+00 0.0000000000000000e+00 1.0000000000000000e+00</transform>
    </camera>
    <camera id="79" label="DSC_0111.JPG" sensor_id="18" enabled="true">
      <transform>9.6171593835993618e-01 7.5291478281224580e-02 2.6350265122517313e-01 -5.8548266953979400e-01 8.6719201223952561e-02 -9.9571896931217974e-01 -3.1992409896257706e-02 1.6041495541426687e+00 2.5996583245408800e-01 5.3618349938415966e-02 -9.6412801977036988e-01 2.4175554184628126e+01 0.0000000000000000e+00 0.0000000000000000e+00 0.0000000000000000e+00 1.0000000000000000e+00</transform>
    </camera>
    <camera id="80" label="DSC_0112.JPG" sensor_id="18" enabled="true">
      <transform>8.8886822593164694e-01 -2.2432584265279936e-03 4.5815744534030917e-01 -3.0480383409708018e+00 8.3227838271670348e-03 -9.9974395028558127e-01 -2.1041985095220483e-02 1.4365343037390905e+00 4.5808733686764674e-01 2.2516697338043276e-02 -8.8862196132128890e-01 2.3289952894189682e+01 0.0000000000000000e+00 0.0000000000000000e+00 0.0000000000000000e+00 1.0000000000000000e+00</transform>
    </camera>
    <camera id="81" label="DSC_0114.JPG" sensor_id="18" enabled="true">
      <transform>5.8274879955620418e-01 -1.3469502983945644e-01 8.0141193249935494e-01 -7.4238296060708926e+00 -1.6122828839310813e-01 -9.8572785770019111e-01 -4.8435829461469439e-02 1.7267039869367165e+00 7.9649813285257065e-01 -1.0098435270050377e-01 -5.9614837487996963e-01 1.9730142149242798e+01 0.0000000000000000e+00 0.0000000000000000e+00 0.0000000000000000e+00 1.0000000000000000e+00</transform>
    </camera>
    <camera id="82" label="DSC_0115.JPG" sensor_id="18" enabled="true">
      <transform>3.0940594814811340e-01 -1.8644477168520490e-01 9.3247322018480450e-01 -9.1859183742411759e+00 -2.5680667293718462e-01 -9.6053866391511367e-01 -1.0684478395832936e-01 2.4171108216899957e+00 9.1559723240380153e-01 -2.0640693359337520e-01 -3.4507663754458817e-01 1.6668321806414799e+01 0.0000000000000000e+00 0.0000000000000000e+00 0.0000000000000000e+00 1.0000000000000000e+00</transform>
    </camera>
    <camera id="83" label="DSC_0116.JPG" sensor_id="18" enabled="true">
      <transform>2.2590587681725394e-02 -2.0361782077162155e-01 9.7878978765228719e-01 -9.8193699280373536e+00 -3.2162428945773908e-01 -9.2847355904438822e-01 -1.8572739858796095e-01 3.3567685721674296e+00 9.4659784585588314e-01 -3.1060687889945815e-01 -8.6463200272362428e-02 1.3444858907830952e+01 0.0000000000000000e+00 0.0000000000000000e+00 0.0000000000000000e+00 1.0000000000000000e+00</transform>
    </camera>
    <camera id="84" label="DSC_0117.JPG" sensor_id="18" enabled="true">
      <transform>-2.2336397400375552e-01 -1.9173478321837439e-01 9.5569153392789485e-01 -9.5972920844926364e+00 -3.5548029853185642e-01 -8.9691226120482648e-01 -2.6302500462151385e-01 4.3451543373816337e+00 9.0760249695169515e-01 -3.9847982207967331e-01 1.3217994901799579e-01 1.0610114999644368e+01 0.0000000000000000e+00 0.0000000000000000e+00 0.0000000000000000e+00 1.0000000000000000e+00</transform>
    </camera>
    <camera id="85" label="DSC_0118.JPG" sensor_id="18" enabled="true">
      <transform>-3.8287275477180893e-01 -1.6969840585734475e-01 9.0808089105702594e-01 -9.0453593663458047e+00 -3.6960891430077292e-01 -8.7273824222126239e-01 -3.1893135787179172e-01 5.0640613681669135e+00 8.4663906366458797e-01 -4.5774491981235232e-01 2.7142565144645614e-01 8.8105326357928426e+00 0.0000000000000000e+00 0.0000000000000000e+00 0.0000000000000000e+00 1.0000000000000000e+00</transform>
    </camera>
    <camera id="86" label="DSC_0119.JPG" sensor_id="18" enabled="true">
      <transform>-4.9845315248240674e-01 -1.4696278253907080e-01 8.5436900419474726e-01 -8.3751966118764685e+00 -3.7083553451400397e-01 -8.5466193095017395e-01 -3.6336481685247546e-01 5.6187218189329560e+00 7.8359776743049958e-01 -4.9795072480406510e-01 3.7150991177227299e-01 7.5582499312525835e+00 0.0000000000000000e+00 0.0000000000000000e+00 0.0000000000000000e+00 1.0000000000000000e+00</transform>
    </camera>
    <camera id="87" label="DSC_0120.JPG" sensor_id="18" enabled="true">
      <transform>-6.0045001828240097e-01 -1.1994475121009301e-01 7.9061560331289515e-01 -7.5705323432739871e+00 -3.6675526476038484e-01 -8.3726347284387903e-01 -4.0556189763332939e-01 6.1726833757451125e+00 7.1059858662623598e-01 -5.3348208376529005e-01 4.5874449858961730e-01 6.4078910452338853e+00 0.0000000000000000e+00 0.0000000000000000e+00 0.0000000000000000e+00 1.0000000000000000e+00</transform>
    </camera>
    <camera id="88" label="DSC_0121.JPG" sensor_id="18" enabled="true">
      <transform>-6.6373561403797932e-01 -9.3703862176072433e-02 7.4207453862190564e-01 -6.5858864690977370e+00 -3.6592757943861676e-01 -8.2460386775851124e-01 -4.3142260937959492e-01 6.7321369359979979e+00 6.5234349944168324e-01 -5.5789609022737507e-01 5.1303012703464823e-01 5.3546617269261505e+00 0.0000000000000000e+00 0.0000000000000000e+00 0.0000000000000000e+00 1.0000000000000000e+00</transform>
    </camera>
    <camera id="89" label="DSC_0122.JPG" sensor_id="18" enabled="true">
      <transform>-7.7268747657570003e-01 -4.7372114574986635e-02 6.3301654504741922e-01 -5.1600891401758160e+00 -3.4701049315306276e-01 -8.0349975161018561e-01 -4.8370638491138229e-01 7.3894036784889048e+00 5.3154283099741373e-01 -5.9341724943168317e-01 6.0441557466050644e-01 4.2614693582255843e+00 0.0000000000000000e+00 0.0000000000000000e+00 0.0000000000000000e+00 1.0000000000000000e+00</transform>
    </camera>
    <camera id="90" label="DSC_0123.JPG" sensor_id="18" enabled="true">
      <transform>-8.7480996800396460e-01 1.3446050535287024e-02 4.8427959239049601e-01 -3.2548394220860750e+00 -3.1253075327302104e-01 -7.7946400121125681e-01 -5.4291840922401580e-01 8.0976280651851482e+00 3.7017840042268879e-01 -6.2630270200657789e-01 6.8608518226220205e-01 3.3135348156332394e+00 0.0000000000000000e+00 0.0000000000000000e+00 0.0000000000000000e+00 1.0000000000000000e+00</transform>
    </camera>
    <camera id="91" label="DSC_0124.JPG" sensor_id="19" enabled="true">
      <transform>-8.1470436803249058e-01 -5.4547734226313516e-01 -1.9675177708556271e-01 5.4629906142310123e+00 -5.9754868810787953e-02 4.1646621029031239e-01 -9.0718534563772113e-01 1.2509227466023450e+01 5.7678951824923619e-01 -7.2733098707807897e-01 -3.7189176768764576e-01 1.6534042030710168e+01 0.0000000000000000e+00 0.0000000000000000e+00 0.0000000000000000e+00 1.0000000000000000e+00</transform>
    </camera>
    <camera id="92" label="DSC_0125.JPG" sensor_id="19" enabled="true">
      <transform>-8.0968573927271681e-01 -5.0411461995008611e-01 -3.0046206677544846e-01 6.7569938470411328e+00 7.9465685970734556e-02 4.1308565721963941e-01 -9.0721852083862287e-01 1.2429730417117339e+01 5.8145869016774898e-01 -7.5843832297161684e-01 -2.9440975166663030e-01 1.5579202934880001e+01 0.0000000000000000e+00 0.0000000000000000e+00 0.0000000000000000e+00 1.0000000000000000e+00</transform>
    </camera>
    <camera id="93" label="DSC_0126.JPG" sensor_id="19" enabled="true">
      <transform>-7.8711495540166099e-01 -4.6090817426032382e-01 -4.0989474488343491e-01 8.0976606540383305e+00 2.2550563782768973e-01 4.0350158781755019e-01 -8.8675457480446229e-01 1.2099190323421253e+01 5.7410561248865011e-01 -7.9041136348659036e-01 -2.1366474248294021e-01 1.4558999980066497e+01 0.0000000000000000e+00 0.0000000000000000e+00 0.0000000000000000e+00 1.0000000000000000e+00</transform>
    </camera>
    <camera id="94" label="DSC_0127.JPG" sensor_id="19" enabled="true">
      <transform>-7.5185027517754743e-01 -4.2121206232335290e-01 -5.0724901406385614e-01 9.3156720917957845e+00 3.5762868731940306e-01 3.8580238950076406e-01 -8.5044590554702648e-01 1.1586213939257204e+01 5.5391595546765648e-01 -8.2081478715286871e-01 -1.3942811577850522e-01 1.3628396527696580e+01 0.0000000000000000e+00 0.0000000000000000e+00 0.0000000000000000e+00 1.0000000000000000e+00</transform>
    </camera>
    <camera id="95" label="DSC_0128.JPG" sensor_id="19" enabled="true">
      <transform>-7.1713783670200826e-01 -3.8947401574518703e-01 -5.7794750127471062e-01 1.0531016003434587e+01 4.5733386668556197e-01 3.6276498654827949e-01 -8.1194045281477378e-01 1.0813075266703608e+01 5.2588882622926736e-01 -8.4658818536165814e-01 -8.2032840090166093e-02 1.2673432224642342e+01 0.0000000000000000e+00 0.0000000000000000e+00 0.0000000000000000e+00 1.0000000000000000e+00</transform>
    </camera>
    <camera id="96" label="DSC_0129.JPG" sensor_id="19" enabled="true">
      <transform>-6.6665288990574623e-01 -3.6197274586214445e-01 -6.5157475061065429e-01 1.1387250128087739e+01 5.5680483562319305e-01 3.3930158373217789e-01 -7.5818388950403326e-01 1.0072981839428607e+01 4.9552224915430981e-01 -8.6824545292783106e-01 -2.4648206084806112e-02 1.2017140152655486e+01 0.0000000000000000e+00 0.0000000000000000e+00 0.0000000000000000e+00 1.0000000000000000e+00</transform>
    </camera>
    <camera id="97" label="DSC_0131.JPG" sensor_id="19" enabled="true">
      <transform>-5.1255292452131074e-01 -3.0326166646087505e-01 -8.0331927726155328e-01 1.3176139918752687e+01 7.6454692518375922e-01 2.6466071094479704e-01 -5.8772672839871198e-01 7.7549898470672876e+00 3.9084203811349505e-01 -9.1541633683126222e-01 9.6205153218119399e-02 1.0582937462557449e+01 0.0000000000000000e+00 0.0000000000000000e+00 0.0000000000000000e+00 1.0000000000000000e+00</transform>
    </camera>
    <camera id="98" label="DSC_0133.JPG" sensor_id="19" enabled="false">
      <transform>-2.4787455294505434e-01 -2.5619368236252388e-01 -9.3430348555478471e-01 1.4608192473271396e+01 9.4760493407350044e-01 1.3647263068743631e-01 -2.8882539707028487e-01 3.8407677121428936e+00 2.0150209656935680e-01 -9.5694305901175813e-01 2.0894230516430312e-01 9.2931416125980419e+00 0.0000000000000000e+00 0.0000000000000000e+00 0.0000000000000000e+00 1.0000000000000000e+00</transform>
    </camera>
    <camera id="99" label="DSC_0134.JPG" sensor_id="19" enabled="true">
      <transform>-2.4823974794017967e-01 -2.5526690305503297e-01 -9.3446018414231469e-01 1.4558291784344103e+01 9.4734900336829408e-01 1.3743704571259002e-01 -2.8920740703324954e-01 3.8271976712866946e+00 2.0225452617851636e-01 -9.5705269795894110e-01 2.0770950861676035e-01 9.3074524060741428e+00 0.0000000000000000e+00 0.0000000000000000e+00 0.0000000000000000e+00 1.0000000000000000e+00</transform>
    </camera>
    <camera id="100" label="DSC_0135.JPG" sensor_id="19" enabled="false">
      <transform>-5.8526952646759278e-02 -2.4584000205621470e-01 -9.6754187981858641e-01 1.4861549622944338e+01 9.9645463162929004e-01 4.4290844365099669e-02 -7.1529631691783058e-02 1.0639698365483665e+00 6.0438091617949385e-02 -9.6829799880740564e-01 2.4237620053782799e-01 8.9971155088143693e+00 0.0000000000000000e+00 0.0000000000000000e+00 0.0000000000000000e+00 1.0000000000000000e+00</transform>
    </camera>
    <camera id="101" label="DSC_0136.JPG" sensor_id="19" enabled="false">
      <transform>1.0139534838908115e-01 -2.5064233295650634e-01 -9.6275511125892077e-01 1.4665986690039114e+01 9.9325531380526644e-01 -2.9202398285908093e-02 1.1221007767554997e-01 -1.2599534879672090e+00 -5.6239353860607466e-02 -9.6763921006978171e-01 2.4599084172560243e-01 9.0381024604733327e+00 0.0000000000000000e+00 0.0000000000000000e+00 0.0000000000000000e+00 1.0000000000000000e+00</transform>
    </camera>
    <camera id="102" label="DSC_0137.JPG" sensor_id="19" enabled="false">
      <transform>3.1954473655647803e-01 -2.7394498386262389e-01 -9.0710821138139730e-01 1.4015068906425180e+01 9.2359642939166553e-01 -1.2393413753815211e-01 3.6278087762124467e-01 -3.7367649261080933e+00 -2.1180367549694967e-01 -9.5372662507092731e-01 2.1341210761529367e-01 9.3962362029677262e+00 0.0000000000000000e+00 0.0000000000000000e+00 0.0000000000000000e+00 1.0000000000000000e+00</transform>
    </camera>
    <camera id="103" label="DSC_0138.JPG" sensor_id="19" enabled="true">
      <transform>4.8696806630169714e-01 -3.1373746299230376e-01 -8.1512631335121244e-01 1.2995507359862957e+01 8.0680896042241090e-01 -1.9588511852925661e-01 5.5739422469280020e-01 -5.8956843601373246e+00 -3.3454656444879960e-01 -9.2908440125423042e-01 1.5773639897491448e-01 1.0015846801725045e+01 0.0000000000000000e+00 0.0000000000000000e+00 0.0000000000000000e+00 1.0000000000000000e+00</transform>
    </camera>
    <camera id="104" label="DSC_0139.JPG" sensor_id="19" enabled="true">
      <transform>6.1084714522924599e-01 -3.5823197655013345e-01 -7.0607054615120768e-01 1.1713658015703386e+01 6.6214157496731785e-01 -2.5779871069083243e-01 7.0363936747878464e-01 -7.7012051142657878e+00 -4.3409019784496394e-01 -8.9733476236192300e-01 7.9724678687285333e-02 1.0909044367760171e+01 0.0000000000000000e+00 0.0000000000000000e+00 0.0000000000000000e+00 1.0000000000000000e+00</transform>
    </camera>
    <camera id="105" label="DSC_0140.JPG" sensor_id="19" enabled="true">
      <transform>7.3447292747306947e-01 -4.3577274974137481e-01 -5.2024189507572405e-01 9.4221514938600119e+00 4.1863590176770804e-01 -3.1242277787050055e-01 8.5272269209797502e-01 -9.6517877947905308e+00 -5.3412873032657349e-01 -8.4409366687028353e-01 -4.7035954218040799e-02 1.2481645510551575e+01 0.0000000000000000e+00 0.0000000000000000e+00 0.0000000000000000e+00 1.0000000000000000e+00</transform>
    </camera>
    <camera id="106" label="DSC_0141.JPG" sensor_id="19" enabled="true">
      <transform>7.8975793905005265e-01 -5.2282697699629110e-01 -3.2083383523614373e-01 6.9276234248242838e+00 1.6689281746544296e-01 -3.2015920414107096e-01 9.3254751701036787e-01 -1.0741638176637492e+01 -5.9027890457465926e-01 -7.9003166780115586e-01 -1.6559220599250593e-01 1.3961598518607563e+01 0.0000000000000000e+00 0.0000000000000000e+00 0.0000000000000000e+00 1.0000000000000000e+00</transform>
    </camera>
    <camera id="107" label="DSC_0142.JPG" sensor_id="19" enabled="true">
      <transform>7.9398408996061320e-01 -5.7519591084040123e-01 -1.9682207457980314e-01 5.3842593186764507e+00 3.6915312200213601e-03 -3.1918570232383509e-01 9.4768500042434545e-01 -1.0984404313082154e+01 -6.0792732911645619e-01 -7.5317338746434814e-01 -2.5130501572553354e-01 1.5026434935503346e+01 0.0000000000000000e+00 0.0000000000000000e+00 0.0000000000000000e+00 1.0000000000000000e+00</transform>
    </camera>
    <camera id="108" label="DSC_0143.JPG" sensor_id="19" enabled="true">
      <transform>7.7892172138226301e-01 -6.2167110411701432e-01 -8.2498425832402134e-02 3.9681634651774953e+00 -1.4615850360492025e-01 -3.0788819856210298e-01 9.4012900657843423e-01 -1.0949572165790267e+01 -6.0985132924579455e-01 -7.2022905765604550e-01 -3.3068332392943872e-01 1.5994600779979319e+01 0.0000000000000000e+00 0.0000000000000000e+00 0.0000000000000000e+00 1.0000000000000000e+00</transform>
    </camera>
    <camera id="109" label="DSC_0145.JPG" sensor_id="19" enabled="true">
      <transform>7.5002052313903356e-01 -6.6109117060536571e-01 2.0680401782308400e-02 2.8485889219468432e+00 -2.8936212908028092e-01 -2.9984995315715657e-01 9.0904321340944949e-01 -1.0678333707437277e+01 -5.9475942457801989e-01 -6.8778519156730789e-01 -4.1618836737268905e-01 1.6911407948596416e+01 0.0000000000000000e+00 0.0000000000000000e+00 0.0000000000000000e+00 1.0000000000000000e+00</transform>
    </camera>
    <camera id="110" label="DSC_0147.JPG" sensor_id="19" enabled="true">
      <transform>6.3990474603346226e-01 -7.3979684387036015e-01 2.0790032660701513e-01 1.3864784443545194e-01 -5.5277047149362524e-01 -2.5519687634402499e-01 7.9329651464566986e-01 -9.2100115023560907e+00 -5.3382274384721073e-01 -6.2255536629580677e-01 -5.7223954254117126e-01 1.9165041729313167e+01 0.0000000000000000e+00 0.0000000000000000e+00 0.0000000000000000e+00 1.0000000000000000e+00</transform>
    </camera>
    <camera id="111" label="DSC_0149.JPG" sensor_id="19" enabled="true">
      <transform>4.8209623619057895e-01 -7.9988344351557927e-01 3.5744887164535316e-01 -1.8043694555646410e+00 -7.6438456660250442e-01 -1.8463960924376988e-01 6.1775759731322544e-01 -7.0765056907627599e+00 -4.2813485421158898e-01 -5.7104701337802899e-01 -7.0043261997229578e-01 2.0808515168487535e+01 0.0000000000000000e+00 0.0000000000000000e+00 0.0000000000000000e+00 1.0000000000000000e+00</transform>
    </camera>
    <camera id="112" label="DSC_0151.JPG" sensor_id="19" enabled="true">
      <transform>3.1416629513468697e-01 -8.3472421986142331e-01 4.5225547622785439e-01 -3.0490403075626560e+00 -8.9705627065568683e-01 -1.0505958339473009e-01 4.2924646907602743e-01 -4.7068893605628999e+00 -3.1078865210727386e-01 -5.4055338377783213e-01 -7.8180077577838192e-01 2.1939801149452475e+01 0.0000000000000000e+00 0.0000000000000000e+00 0.0000000000000000e+00 1.0000000000000000e+00</transform>
    </camera>
    <camera id="113" label="DSC_0152.JPG" sensor_id="19" enabled="true">
      <transform>2.3602123383931417e-01 -8.4558395174075407e-01 4.7883374749014718e-01 -3.4247129566485128e+00 -9.3809745856693449e-01 -6.9716161568074919e-02 3.3928279509352210e-01 -3.5795596723552370e+00 -2.5350963572855900e-01 -5.2927066551501256e-01 -8.0969465060482460e-01 2.2288994765857993e+01 0.0000000000000000e+00 0.0000000000000000e+00 0.0000000000000000e+00 1.0000000000000000e+00</transform>
    </camera>
    <camera id="114" label="DSC_0153.JPG" sensor_id="19" enabled="true">
      <transform>1.7088170956423232e-01 -8.5102960295576913e-01 4.9653605733053408e-01 -3.6778757611894317e+00 -9.6360133266922987e-01 -3.9187931244503260e-02 2.6445562524336741e-01 -2.6467076912047101e+00 -2.0560134487519691e-01 -5.2365343590749225e-01 -8.2674976023449087e-01 2.2567590349536975e+01 0.0000000000000000e+00 0.0000000000000000e+00 0.0000000000000000e+00 1.0000000000000000e+00</transform>
    </camera>
    <camera id="115" label="DSC_0154.JPG" sensor_id="19" enabled="true">
      <transform>1.7085841872275997e-01 -8.5182939855442741e-01 4.9517075490174156e-01 -3.6636934172113680e+00 -9.6396935876498335e-01 -4.0521606782594533e-02 2.6290887156196108e-01 -2.6303653748910221e+00 -2.0388839131687964e-01 -5.2224962914506645e-01 -8.2806089676065231e-01 2.2518758128884951e+01 0.0000000000000000e+00 0.0000000000000000e+00 0.0000000000000000e+00 1.0000000000000000e+00</transform>
    </camera>
    <camera id="116" label="DSC_0155.JPG" sensor_id="19" enabled="true">
      <transform>6.0452358120838823e-02 -8.5751361365908552e-01 5.1089716654818762e-01 -3.8942892427780391e+00 -9.9029191045215548e-01 1.2659625386956752e-02 1.3842566950563071e-01 -1.0482325684387754e+00 -1.2516966282070924e-01 -5.1430548925166897e-01 -8.4842349050161936e-01 2.2795910330060469e+01 0.0000000000000000e+00 0.0000000000000000e+00 0.0000000000000000e+00 1.0000000000000000e+00</transform>
    </camera>
    <camera id="117" label="DSC_0156.JPG" sensor_id="19" enabled="true">
      <transform>6.1696708372921627e-02 -8.5521361630434845e-01 5.1459030953136464e-01 -3.9135411032450866e+00 -9.8995424729983905e-01 1.3281255264947278e-02 1.4076290886308404e-01 -1.0543719049648812e+00 -1.2721676158807166e-01 -5.1810547067776302e-01 -8.4580294207623641e-01 2.2842268168661807e+01 0.0000000000000000e+00 0.0000000000000000e+00 0.0000000000000000e+00 1.0000000000000000e+00</transform>
    </camera>
    <camera id="118" label="DSC_0157.JPG" sensor_id="19" enabled="true">
      <transform>-4.2266941362811616e-02 -8.5470611952641540e-01 5.1738859178757490e-01 -3.9643686259700663e+00 -9.9792721240324767e-01 6.1267247263466218e-02 1.9687639722451605e-02 5.0654085821214057e-01 -4.8526120934156619e-02 -5.1548401881809536e-01 -8.5552407443053824e-01 2.2957871664792311e+01 0.0000000000000000e+00 0.0000000000000000e+00 0.0000000000000000e+00 1.0000000000000000e+00</transform>
    </camera>
    <camera id="119" label="DSC_0158.JPG" sensor_id="19" enabled="true">
      <transform>-1.4440392024671977e-01 -8.4994508467557750e-01 5.0669602411426573e-01 -3.8834533670463749e+00 -9.8911410358762508e-01 1.0934066983847146e-01 -9.8477956941254163e-02 2.0056585863873928e+00 2.8298372769968105e-02 -5.1540078672340028e-01 -8.5648189189466939e-01 2.3012394173305399e+01 0.0000000000000000e+00 0.0000000000000000e+00 0.0000000000000000e+00 1.0000000000000000e+00</transform>
    </camera>
    <camera id="120" label="DSC_0159.JPG" sensor_id="19" enabled="true">
      <transform>-2.5391186555718570e-01 -8.3865886421812952e-01 4.8185067603732423e-01 -3.6086449082286878e+00 -9.6066449974328416e-01 1.6073154883636198e-01 -2.2647094326126949e-01 3.5841942262418529e+00 1.1248325858657740e-01 -5.2040049834432389e-01 -8.4648144566831740e-01 2.2880107451997969e+01 0.0000000000000000e+00 0.0000000000000000e+00 0.0000000000000000e+00 1.0000000000000000e+00</transform>
    </camera>
    <camera id="121" label="DSC_0160.JPG" sensor_id="19" enabled="true">
      <transform>-3.5143586273482252e-01 -8.2250185875566084e-01 4.4719517744192400e-01 -3.2011365885081302e+00 -9.1688549723044621e-01 2.0582281531861579e-01 -3.4199116021148279e-01 5.0162958748691695e+00 1.8924539453394479e-01 -5.3021473106450145e-01 -8.2647354441015830e-01 2.2632084040075927e+01 0.0000000000000000e+00 0.0000000000000000e+00 0.0000000000000000e+00 1.0000000000000000e+00</transform>
    </camera>
    <camera id="122" label="DSC_0161.JPG" sensor_id="19" enabled="true">
      <transform>-4.3348177157586731e-01 -8.0503121089093199e-01 4.0499173226490381e-01 -2.7052329237068959e+00 -8.6415747740716553e-01 2.4387672247018755e-01 -4.4017723530242159e-01 6.2450557529771515e+00 2.5558835644984268e-01 -5.4078544149105856e-01 -8.0138985414003661e-01 2.2312927637053985e+01 0.0000000000000000e+00 0.0000000000000000e+00 0.0000000000000000e+00 1.0000000000000000e+00</transform>
    </camera>
    <camera id="123" label="DSC_0162.JPG" sensor_id="19" enabled="true">
      <transform>-5.0452915989419256e-01 -7.8584046400621688e-01 3.5763821376770444e-01 -2.1515490344637098e+00 -8.0440078022772932e-01 2.7734578116388786e-01 -5.2537482090371779e-01 7.3232440609102571e+00 3.1367134326469914e-01 -5.5275137521410744e-01 -7.7205971635193626e-01 2.1955067872130922e+01 0.0000000000000000e+00 0.0000000000000000e+00 0.0000000000000000e+00 1.0000000000000000e+00</transform>
    </camera>
    <camera id="124" label="DSC_0163.JPG" sensor_id="19" enabled="true">
      <transform>-5.7390031028082600e-01 -7.6178161872470529e-01 3.0054483730841108e-01 -1.4592922417198089e+00 -7.3011905485896089e-01 3.0974538661623630e-01 -6.0908452714037653e-01 8.4241969818378699e+00 3.7089702019755999e-01 -5.6898731167146954e-01 -7.3395424895932360e-01 2.1493741425082440e+01 0.0000000000000000e+00 0.0000000000000000e+00 0.0000000000000000e+00 1.0000000000000000e+00</transform>
    </camera>
    <camera id="125" label="DSC_0164.JPG" sensor_id="19" enabled="true">
      <transform>-6.2195099096500828e-01 -7.3919759683662134e-01 2.5838706946867113e-01 -6.8256212519563231e-01 -6.7226884602243242e-01 3.3484653770747330e-01 -6.6025176626267690e-01 9.3762021152865600e+00 4.0153650332854057e-01 -5.8434981733229063e-01 -7.0519765135627566e-01 2.0990370130446866e+01 0.0000000000000000e+00 0.0000000000000000e+00 0.0000000000000000e+00 1.0000000000000000e+00</transform>
    </camera>
    <camera id="126" label="DSC_0165.JPG" sensor_id="19" enabled="true">
      <transform>-6.8025283467304887e-01 -7.0853772740289411e-01 1.8769754864148816e-01 2.1472316161727351e-01 -5.7853568816731649e-01 3.6178381262791259e-01 -7.3103278342163358e-01 1.0262527600947363e+01 4.5005837225414569e-01 -6.0587685363211696e-01 -6.5601882579450055e-01 2.0367513018594398e+01 0.0000000000000000e+00 0.0000000000000000e+00 0.0000000000000000e+00 1.0000000000000000e+00</transform>
    </camera>
    <camera id="127" label="DSC_0166.JPG" sensor_id="19" enabled="true">
      <transform>-7.2505072661481107e-01 -6.7903614770494125e-01 1.1494065401487696e-01 1.1468974935106637e+00 -4.8264215919289410e-01 3.8193784104962403e-01 -7.8814975210550742e-01 1.0994883081555818e+01 4.9128198624105435e-01 -6.2692375587816507e-01 -6.0465578167306022e-01 1.9712095560486478e+01 0.0000000000000000e+00 0.0000000000000000e+00 0.0000000000000000e+00 1.0000000000000000e+00</transform>
    </camera>
    <camera id="128" label="DSC_0167.JPG" sensor_id="19" enabled="true">
      <transform>-7.5470739157475941e-01 -6.5290439877615158e-01 6.4285295061739994e-02 2.2290624404666808e+00 -4.1060482596863190e-01 3.9364756223072095e-01 -8.2246293146930383e-01 1.1637980959924365e+01 5.1168391609830033e-01 -6.4711470606729626e-01 -5.6517442192454581e-01 1.8971702766582546e+01 0.0000000000000000e+00 0.0000000000000000e+00 0.0000000000000000e+00 1.0000000000000000e+00</transform>
    </camera>
    <camera id="129" label="DSC_0168.JPG" sensor_id="19" enabled="true">
      <transform>-7.8108032616966661e-01 -6.2440170590647637e-01 -6.0028103226279494e-03 3.1113231683684690e+00 -3.1833577325648826e-01 4.0644789938933235e-01 -8.5642421763235577e-01 1.2013879218328753e+01 5.3719257211532712e-01 -6.6702519798211624e-01 -5.1623785769840413e-01 1.8321325311116958e+01 0.0000000000000000e+00 0.0000000000000000e+00 0.0000000000000000e+00 1.0000000000000000e+00</transform>
    </camera>
    <camera id="130" label="DSC_0169.JPG" sensor_id="19" enabled="true">
      <transform>-8.0788210182788556e-01 -5.7642905898832630e-01 -1.2270309490795475e-01 4.6100605956710714e+00 -1.6207865908343319e-01 4.1748548438871658e-01 -8.9411206154174816e-01 1.2396144346280114e+01 5.6661893527826457e-01 -7.0244957845994271e-01 -4.3070589954814248e-01 1.7235288618360659e+01 0.0000000000000000e+00 0.0000000000000000e+00 0.0000000000000000e+00 1.0000000000000000e+00</transform>
    </camera>
    <camera id="131" label="DSC_0170.JPG" sensor_id="19" enabled="true">
      <transform>-8.1460434878726251e-01 -5.2184011507409156e-01 -2.5318500989659465e-01 6.3588442308900941e+00 1.3519073136981863e-02 4.1931204634071428e-01 -9.0774150640756712e-01 1.2456763130207108e+01 5.7985945676378925e-01 -7.4287300536028456e-01 -3.3451862176653435e-01 1.5942866449292222e+01 0.0000000000000000e+00 0.0000000000000000e+00 0.0000000000000000e+00 1.0000000000000000e+00</transform>
    </camera>
    <camera id="132" label="DSC_0171.JPG" sensor_id="19" enabled="true">
      <transform>-8.1407521479960188e-01 -5.2189407885303873e-01 -2.5477071085020786e-01 6.3569700489970487e+00 1.5039741680754393e-02 4.1959330105370796e-01 -9.0758760892876256e-01 1.2463570705564779e+01 5.8056468271774697e-01 -7.4267626336714876e-01 -3.3373135455310643e-01 1.5946854453885638e+01 0.0000000000000000e+00 0.0000000000000000e+00 0.0000000000000000e+00 1.0000000000000000e+00</transform>
    </camera>
    <camera id="133" label="DSC_0172.JPG" sensor_id="19" enabled="true">
      <transform>-7.9344955238944137e-01 -4.6575378910312593e-01 -3.9180507366428530e-01 8.0730543772921077e+00 2.0057204730801162e-01 4.0769110113729989e-01 -8.9081918473511124e-01 1.2121408342489076e+01 5.7463785260950906e-01 -7.8540522915851319e-01 -2.3006513068867140e-01 1.4623696796246254e+01 0.0000000000000000e+00 0.0000000000000000e+00 0.0000000000000000e+00 1.0000000000000000e+00</transform>
    </camera>
    <camera id="134" label="DSC_0173.JPG" sensor_id="19" enabled="true">
      <transform>-7.5353884001606475e-01 -4.0919047318261942e-01 -5.1453121697699500e-01 9.8580219918423513e+00 3.7040563699967793e-01 3.8234315868524260e-01 -8.4653019620415992e-01 1.1283814240852195e+01 5.4311958228930235e-01 -8.2847864526683768e-01 -1.3654396241034861e-01 1.3232051749404231e+01 0.0000000000000000e+00 0.0000000000000000e+00 0.0000000000000000e+00 1.0000000000000000e+00</transform>
    </camera>
    <camera id="135" label="DSC_0174.JPG" sensor_id="19" enabled="true">
      <transform>-7.0242636541051362e-01 -3.8122530964421508e-01 -6.0105279673490253e-01 1.0493192668833297e+01 4.8313356756479930e-01 3.6473692657786061e-01 -7.9595786966562854e-01 1.0837254441632965e+01 5.2266543511914498e-01 -8.4949057539045636e-01 -7.2018089772683203e-02 1.2723726831467063e+01 0.0000000000000000e+00 0.0000000000000000e+00 0.0000000000000000e+00 1.0000000000000000e+00</transform>
    </camera>
    <camera id="136" label="DSC_0175.JPG" sensor_id="19" enabled="true">
      <transform>-6.5167943468056910e-01 -3.4883659718878096e-01 -6.7351833150714335e-01 1.1710815599807484e+01 5.8618884790353998e-01 3.3188674121542860e-01 -7.3907633272817197e-01 9.7521315609207644e+00 4.8134867716441732e-01 -8.7644978148617003e-01 -1.1799640880564066e-02 1.1757388218358475e+01 0.0000000000000000e+00 0.0000000000000000e+00 0.0000000000000000e+00 1.0000000000000000e+00</transform>
    </camera>
    <camera id="137" label="DSC_0177.JPG" sensor_id="19" enabled="true">
      <transform>-4.3503137662071356e-01 -2.8080902639725336e-01 -8.5550803155161170e-01 1.3765053927991087e+01 8.3714476945806804e-01 2.2373368602438792e-01 -4.9913111775057517e-01 6.5026556927625609e+00 3.3156648854262238e-01 -9.3332177111206771e-01 1.3774663423745714e-01 1.0031530018599641e+01 0.0000000000000000e+00 0.0000000000000000e+00 0.0000000000000000e+00 1.0000000000000000e+00</transform>
    </camera>
    <camera id="138" label="DSC_0178.JPG" sensor_id="19" enabled="true">
      <transform>-2.8848876971818094e-01 -2.6029421497107891e-01 -9.2142343762196555e-01 1.4460316507576096e+01 9.3001638216184546e-01 1.5267032608250952e-01 -3.3430719472433218e-01 4.3313665638596186e+00 2.2769224549176592e-01 -9.5338276321027027e-01 1.9803420956104401e-01 9.3951334082831988e+00 0.0000000000000000e+00 0.0000000000000000e+00 0.0000000000000000e+00 1.0000000000000000e+00</transform>
    </camera>
    <camera id="139" label="DSC_0179.JPG" sensor_id="19" enabled="true">
      <transform>-1.5448646293199669e-01 -2.5046588060350777e-01 -9.5572002983314630e-01 1.4773528103281008e+01 9.7914095720089844e-01 9.0400431977293638e-02 -1.8196358929749329e-01 2.4578781609405920e+00 1.3197317417744014e-01 -9.6389553611987844e-01 2.3127575909658782e-01 9.0929494863088163e+00 0.0000000000000000e+00 0.0000000000000000e+00 0.0000000000000000e+00 1.0000000000000000e+00</transform>
    </camera>
    <camera id="140" label="DSC_0180.JPG" sensor_id="19" enabled="true">
      <transform>1.4070710577000434e-02 -2.4860825650250823e-01 -9.6850191011822018e-01 1.4815943040759121e+01 9.9988134373357895e-01 9.5721326395799555e-03 1.2069495857838786e-02 1.0185188114245845e-02 6.2700524232566779e-03 -9.6855681768057011e-01 2.4871344428296643e-01 8.9665311691512652e+00 0.0000000000000000e+00 0.0000000000000000e+00 0.0000000000000000e+00 1.0000000000000000e+00</transform>
    </camera>
    <camera id="141" label="DSC_0182.JPG" sensor_id="14" enabled="true">
      <transform>7.0496406759478902e-01 6.6620296365510978e-01 -2.4330901055521656e-01 5.7933506396332826e+00 -6.4584078250861465e-01 4.6121204117501080e-01 -6.0841855389512955e-01 8.0989471320811113e+00 -2.9311319835324784e-01 5.8605210032242760e-01 7.5539895992700501e-01 1.7194567643222582e+00 0.0000000000000000e+00 0.0000000000000000e+00 0.0000000000000000e+00 1.0000000000000000e+00</transform>
      <orientation>1</orientation>
    </camera>
    <camera id="142" label="DSC_0183.JPG" sensor_id="14" enabled="true">
      <transform>7.8825412281625962e-01 6.0650421928247633e-01 -1.0396186731548712e-01 4.0220036004908009e+00 -4.8403930239597259e-01 5.0681700835331900e-01 -7.1333195202501054e-01 9.4340187808372047e+00 -3.7994919607651406e-01 6.1260848185145589e-01 6.9307247554961016e-01 2.5433837368957386e+00 0.0000000000000000e+00 0.0000000000000000e+00 0.0000000000000000e+00 1.0000000000000000e+00</transform>
      <orientation>1</orientation>
    </camera>
    <camera id="143" label="DSC_0184.JPG" sensor_id="14" enabled="true">
      <transform>8.3588772904758168e-01 5.4761907484827987e-01 3.7484040470453228e-02 2.3285489184908905e+00 -3.1550506431413905e-01 5.3522320779017440e-01 -7.8357684513704640e-01 1.0335605165678436e+01 -4.4916395538801590e-01 6.4315586501649014e-01 6.2016310312294676e-01 3.4400288964780072e+00 0.0000000000000000e+00 0.0000000000000000e+00 0.0000000000000000e+00 1.0000000000000000e+00</transform>
      <orientation>1</orientation>
    </camera>
    <camera id="144" label="DSC_0185.JPG" sensor_id="14" enabled="true">
      <transform>8.5255743318059940e-01 4.9171610643229952e-01 1.7709063725552340e-01 5.6784844209750129e-01 -1.4511628440629559e-01 5.4823922527986069e-01 -8.2363524442841163e-01 1.0888733102390672e+01 -5.0208274928403884e-01 6.7649761458529745e-01 5.3876144102170431e-01 4.4315444973480629e+00 0.0000000000000000e+00 0.0000000000000000e+00 0.0000000000000000e+00 1.0000000000000000e+00</transform>
      <orientation>1</orientation>
    </camera>
    <camera id="145" label="DSC_0186.JPG" sensor_id="14" enabled="true">
      <transform>8.3822497355890790e-01 4.2364172416351109e-01 3.4337528048759669e-01 -1.5525986673797187e+00 6.3321563918948470e-02 5.4979822669527612e-01 -8.3289392449794486e-01 1.1072270908330584e+01 -5.4163573852269631e-01 7.1989554761124708e-01 4.3402894751902904e-01 5.7474161273473188e+00 0.0000000000000000e+00 0.0000000000000000e+00 0.0000000000000000e+00 1.0000000000000000e+00</transform>
      <orientation>1</orientation>
    </camera>
    <camera id="146" label="DSC_0187.JPG" sensor_id="14" enabled="true">
      <transform>7.9119693992592599e-01 3.6355325352918433e-01 4.9176867946240210e-01 -3.4395928852132176e+00 2.5447005706313541e-01 5.3549346956293820e-01 -8.0528984478492649e-01 1.0780507132056757e+01 -5.5610465949327814e-01 7.6228326487191811e-01 3.3116737729745371e-01 7.0454274304527722e+00 0.0000000000000000e+00 0.0000000000000000e+00 0.0000000000000000e+00 1.0000000000000000e+00</transform>
      <orientation>1</orientation>
    </camera>
    <camera id="147" label="DSC_0188.JPG" sensor_id="14" enabled="true">
      <transform>7.1306639673932781e-01 3.0336769449144474e-01 6.3206356941381858e-01 -5.4278312096360404e+00 4.3981092114607223e-01 5.0852502787071652e-01 -7.4024904570673411e-01 9.9022542723567994e+00 -5.4598779059777058e-01 8.0583518039859281e-01 2.2918768411529558e-01 8.4641563810094471e+00 0.0000000000000000e+00 0.0000000000000000e+00 0.0000000000000000e+00 1.0000000000000000e+00</transform>
      <orientation>1</orientation>
    </camera>
    <camera id="148" label="DSC_0189.JPG" sensor_id="14" enabled="true">
      <transform>6.2343491977762733e-01 2.6391989498082769e-01 7.3598586252398357e-01 -6.7451673913829708e+00 5.8056607679278338e-01 4.7424301716571199e-01 -6.6184332824845937e-01 8.9078833809693592e+00 -5.2370977771977778e-01 8.3990466703243827e-01 1.4243671934522309e-01 9.5638788456551467e+00 0.0000000000000000e+00 0.0000000000000000e+00 0.0000000000000000e+00 1.0000000000000000e+00</transform>
      <orientation>1</orientation>
    </camera>
    <camera id="149" label="DSC_0190.JPG" sensor_id="14" enabled="true">
      <transform>4.9982510533132202e-01 2.2561350412401066e-01 8.3622569371995370e-01 -8.0152243240813128e+00 7.2255868652563948e-01 4.2374745318110696e-01 -5.4621153452565241e-01 7.4536651574140098e+00 -4.7758120629572032e-01 8.7723237667074883e-01 4.8780618217834179e-02 1.0759617218414435e+01 0.0000000000000000e+00 0.0000000000000000e+00 0.0000000000000000e+00 1.0000000000000000e+00</transform>
      <orientation>1</orientation>
    </camera>
    <camera id="150" label="DSC_0191.JPG" sensor_id="14" enabled="true">
      <transform>3.8269656397343971e-01 2.0030520678556202e-01 9.0189864400469988e-01 -8.9660574876717032e+00 8.2357958786985841e-01 3.6839257944512266e-01 -4.3128131173734319e-01 5.7060359539627408e+00 -4.1864066019324664e-01 9.0783518963761389e-01 -2.3984705305679019e-02 1.1824344025660800e+01 0.0000000000000000e+00 0.0000000000000000e+00 0.0000000000000000e+00 1.0000000000000000e+00</transform>
      <orientation>1</orientation>
    </camera>
    <camera id="151" label="DSC_0192.JPG" sensor_id="14" enabled="true">
      <transform>2.4303573459142874e-01 1.8106277945820382e-01 9.5296899299320037e-01 -9.5513875699548141e+00 9.0577808091369261e-01 3.0921016772668047e-01 -2.8975013427217994e-01 3.9045315668097595e+00 -3.4713066682146193e-01 9.3359806237443954e-01 -8.8853576645958249e-02 1.2626071302558566e+01 0.0000000000000000e+00 0.0000000000000000e+00 0.0000000000000000e+00 1.0000000000000000e+00</transform>
      <orientation>1</orientation>
    </camera>
    <camera id="152" label="DSC_0193.JPG" sensor_id="14" enabled="true">
      <transform>8.3599634574242909e-02 1.7364412981576838e-01 9.8125369669600637e-01 -9.8377589324850838e+00 9.6320616334805298e-01 2.3832576785441628e-01 -1.2423652951095848e-01 1.8020893229758577e+00 -2.5543098478332144e-01 9.5553573693354243e-01 -1.4733114896550231e-01 1.3343429920029660e+01 0.0000000000000000e+00 0.0000000000000000e+00 0.0000000000000000e+00 1.0000000000000000e+00</transform>
      <orientation>1</orientation>
    </camera>
    <camera id="153" label="DSC_0194.JPG" sensor_id="14" enabled="true">
      <transform>-7.8144918454225054e-02 1.7070924108247615e-01 9.8221775932266042e-01 -9.9075364507349768e+00 9.8440679676241194e-01 1.6895780617968170e-01 4.8954246178616045e-02 -3.8812959653638568e-01 -1.5759641559296295e-01 9.7072736375358981e-01 -1.8125053117785861e-01 1.3765603636550956e+01 0.0000000000000000e+00 0.0000000000000000e+00 0.0000000000000000e+00 1.0000000000000000e+00</transform>
      <orientation>1</orientation>
    </camera>
    <camera id="154" label="DSC_0195.JPG" sensor_id="14" enabled="true">
      <transform>-2.8977119557332170e-01 1.9594475942779449e-01 9.3682351884909010e-01 -9.2688255409123990e+00 9.5694771940744716e-01 7.6541403636851246e-02 2.7998656369580704e-01 -3.2920361386458650e+00 -1.6843887226333953e-02 9.7762317115649644e-01 -2.0968838470697959e-01 1.4060623286695794e+01 0.0000000000000000e+00 0.0000000000000000e+00 0.0000000000000000e+00 1.0000000000000000e+00</transform>
      <orientation>1</orientation>
    </camera>
    <camera id="155" label="DSC_0196.JPG" sensor_id="14" enabled="true">
      <transform>-4.7331010702842669e-01 2.3365982488633363e-01 8.4934129113026580e-01 -8.1259900388065418e+00 8.7308210470185144e-01 -3.7042182253028688e-03 4.8755914227581088e-01 -5.9426431546605150e+00 1.1706912929600383e-01 9.7231135188345241e-01 -2.0225096777135176e-01 1.3919668184178523e+01 0.0000000000000000e+00 0.0000000000000000e+00 0.0000000000000000e+00 1.0000000000000000e+00</transform>
      <orientation>1</orientation>
    </camera>
    <camera id="156" label="DSC_0197.JPG" sensor_id="14" enabled="true">
      <transform>-6.1853534835185875e-01 2.9359179472365904e-01 7.2884695300878199e-01 -6.5308530939543381e+00 7.4282271695399671e-01 -8.3934036670694545e-02 6.6420590833358661e-01 -8.0998667632694410e+00 2.5618047157487900e-01 9.5223890676610312e-01 -1.6617048602134299e-01 1.3419571600630128e+01 0.0000000000000000e+00 0.0000000000000000e+00 0.0000000000000000e+00 1.0000000000000000e+00</transform>
      <orientation>1</orientation>
    </camera>
    <camera id="157" label="DSC_0198.JPG" sensor_id="14" enabled="true">
      <transform>-7.1895584493544251e-01 3.4821112602997917e-01 6.0154094186688400e-01 -4.8775735794864774e+00 5.9697545782523942e-01 -1.3389612969018205e-01 7.9100703486652724e-01 -9.6464362724507868e+00 3.5598145427467093e-01 9.2780431027395194e-01 -1.1160809132659888e-01 1.2707938251598677e+01 0.0000000000000000e+00 0.0000000000000000e+00 0.0000000000000000e+00 1.0000000000000000e+00</transform>
      <orientation>1</orientation>
    </camera>
    <camera id="158" label="DSC_0199.JPG" sensor_id="14" enabled="true">
      <transform>-7.8646573705997136e-01 4.0195828901630587e-01 4.6893621988688400e-01 -3.1938945624931101e+00 4.4146552043261217e-01 -1.6514349757871638e-01 8.8195000962448644e-01 -1.0756846877583870e+01 4.3194888436003515e-01 9.0064263673143563e-01 -4.7571022708878585e-02 1.1881910468252080e+01 0.0000000000000000e+00 0.0000000000000000e+00 0.0000000000000000e+00 1.0000000000000000e+00</transform>
      <orientation>1</orientation>
    </camera>
    <camera id="159" label="DSC_0200.JPG" sensor_id="14" enabled="true">
      <transform>-8.2760065223146628e-01 4.6465225103989383e-01 3.1492133308115361e-01 -1.2442827551759963e+00 2.5538530318224117e-01 -1.8791470011987421e-01 9.4840203099601816e-01 -1.1539973987072413e+01 4.9985548646040306e-01 8.6532441955743788e-01 3.6852972376953841e-02 1.0798406714018380e+01 0.0000000000000000e+00 0.0000000000000000e+00 0.0000000000000000e+00 1.0000000000000000e+00</transform>
      <orientation>1</orientation>
    </camera>
    <camera id="160" label="DSC_0201.JPG" sensor_id="14" enabled="true">
      <transform>-8.3580597552742686e-01 5.2029796231732939e-01 1.7526665878335534e-01 5.1456589141828413e-01 8.2753310206191782e-02 -1.9619797537453931e-01 9.7706614111269308e-01 -1.1859893646960705e+01 5.4275248587414504e-01 8.3114161541061482e-01 1.2092706152912724e-01 9.7314934976515310e+00 0.0000000000000000e+00 0.0000000000000000e+00 0.0000000000000000e+00 1.0000000000000000e+00</transform>
      <orientation>1</orientation>
    </camera>
    <camera id="161" label="DSC_0202.JPG" sensor_id="14" enabled="true">
      <transform>-8.1056174984867435e-01 5.8554644986985771e-01 1.1180551286113061e-02 2.6112150655119826e+00 -1.2191224424907496e-01 -1.8737202237181694e-01 9.7469437770741729e-01 -1.1767860671770157e+01 5.7282375508039918e-01 7.8868693426295700e-01 2.2326187614209803e-01 8.4027187319989718e+00 0.0000000000000000e+00 0.0000000000000000e+00 0.0000000000000000e+00 1.0000000000000000e+00</transform>
      <orientation>1</orientation>
    </camera>
    <camera id="162" label="DSC_0203.JPG" sensor_id="14" enabled="true">
      <transform>-7.6324975744447709e-01 6.3623885400462987e-01 -1.1247190056108225e-01 4.2290466670191256e+00 -2.7798536877918223e-01 -1.6623229888044333e-01 9.4609246776074951e-01 -1.1323667318452154e+01 5.8324432488079025e-01 7.5337038929320677e-01 3.0374185426205735e-01 7.2954573616791016e+00 0.0000000000000000e+00 0.0000000000000000e+00 0.0000000000000000e+00 1.0000000000000000e+00</transform>
      <orientation>1</orientation>
    </camera>
    <camera id="163" label="DSC_0204.JPG" sensor_id="14" enabled="true">
      <transform>-6.6078108262873680e-01 6.9894932179121139e-01 -2.7356572593729700e-01 6.5311381822411088e+00 -4.8768650654606216e-01 -1.2275378720295782e-01 8.6434563634013262e-01 -9.9469845366664078e+00 5.7055256740539895e-01 7.0455755853935520e-01 4.2198153340184374e-01 5.5084649335226183e+00 0.0000000000000000e+00 0.0000000000000000e+00 0.0000000000000000e+00 1.0000000000000000e+00</transform>
      <orientation>1</orientation>
    </camera>
    <camera id="164" label="DSC_0205.JPG" sensor_id="14" enabled="true">
      <transform>-5.2338537585936218e-01 7.4924814109693472e-01 -4.0582628229248768e-01 8.0703329079183685e+00 -6.7001142770688982e-01 -6.7615786139052836e-02 7.3926503515787401e-01 -8.2206845582595509e+00 5.2645269025690167e-01 6.5882875508555738e-01 5.3739393036550454e-01 4.1443831470962360e+00 0.0000000000000000e+00 0.0000000000000000e+00 0.0000000000000000e+00 1.0000000000000000e+00</transform>
      <orientation>1</orientation>
    </camera>
    <camera id="165" label="DSC_0206.JPG" sensor_id="14" enabled="true">
      <transform>-3.2799052365487735e-01 7.9028163717181110e-01 -5.1756849821220896e-01 9.3016830883869606e+00 -8.3674611146360101e-01 1.1275706946490105e-02 5.4747493402291958e-01 -5.6697257907804977e+00 4.3849533788073791e-01 6.1264001859321848e-01 6.5756676183864315e-01 2.7487102525060618e+00 0.0000000000000000e+00 0.0000000000000000e+00 0.0000000000000000e+00 1.0000000000000000e+00</transform>
      <orientation>1</orientation>
    </camera>
    <camera id="166" label="DSC_0207.JPG" sensor_id="14" enabled="true">
      <transform>-1.5475176073527422e-01 8.0690817764918688e-01 -5.7004480998619789e-01 9.7931136295650472e+00 -9.2449922165381704e-01 8.5176670279559968e-02 3.7154558805289756e-01 -3.3881667483807378e+00 3.4835769219412804e-01 5.8450331708464676e-01 7.3280474248344329e-01 1.8831782263168804e+00 0.0000000000000000e+00 0.0000000000000000e+00 0.0000000000000000e+00 1.0000000000000000e+00</transform>
      <orientation>1</orientation>
    </camera>
    <camera id="167" label="DSC_0210.JPG" sensor_id="14" enabled="true">
      <transform>1.2396030283594643e-01 8.0418904569616134e-01 -5.8130355418070323e-01 9.6882117428214389e+00 -9.7621625612634966e-01 2.0384191895831949e-01 7.3826102091625018e-02 3.9608360488162286e-01 1.7786417457001730e-01 5.5832647336275154e-01 8.1033072541206230e-01 1.0368538603889019e+00 0.0000000000000000e+00 0.0000000000000000e+00 0.0000000000000000e+00 1.0000000000000000e+00</transform>
      <orientation>1</orientation>
    </camera>
    <camera id="168" label="DSC_0211.JPG" sensor_id="14" enabled="true">
      <transform>3.3274754575422039e-01 7.7828515008204546e-01 -5.3249534829546719e-01 8.9036397778509073e+00 -9.4229254573755339e-01 2.9652436804868215e-01 -1.5542862477925540e-01 3.2567162616190659e+00 3.6930056078807588e-02 5.5348489077399177e-01 8.3204005110506452e-01 8.9021124172636079e-01 0.0000000000000000e+00 0.0000000000000000e+00 0.0000000000000000e+00 1.0000000000000000e+00</transform>
      <orientation>1</orientation>
    </camera>
    <camera id="169" label="DSC_0212.JPG" sensor_id="14" enabled="true">
      <transform>5.3592820380000739e-01 7.2928182219775695e-01 -4.2535747810943320e-01 7.3847509725819727e+00 -8.3580667250527230e-01 3.8716966746793174e-01 -3.8926450491720366e-01 6.0982924543018999e+00 -1.1919801410829861e-01 5.6413444532725565e-01 8.1703375758162355e-01 1.1938795234920405e+00 0.0000000000000000e+00 0.0000000000000000e+00 0.0000000000000000e+00 1.0000000000000000e+00</transform>
      <orientation>1</orientation>
    </camera>
    <camera id="170" label="DSC_0214.JPG" sensor_id="14" enabled="true">
      <transform>7.4907972078826490e-01 6.3322915179976880e-01 -1.9468028460714890e-01 4.6893630911195814e+00 -5.8329202253173262e-01 4.9109571913629585e-01 -6.4698949844402054e-01 8.9154718536504642e+00 -3.1408595695225838e-01 5.9820216980294361e-01 7.3722735685026930e-01 2.1819713655456097e+00 0.0000000000000000e+00 0.0000000000000000e+00 0.0000000000000000e+00 1.0000000000000000e+00</transform>
      <orientation>1</orientation>
    </camera>
  </cameras>
  <markers next_id="56">
    <marker id="6" label="6"/>
    <marker id="7" label="6"/>
    <marker id="8" label="6"/>
    <marker id="9" label="8"/>
    <marker id="10" label="8"/>
    <marker id="11" label="8"/>
    <marker id="4" label="BL"/>
    <marker id="12" label="BL"/>
    <marker id="13" label="BL"/>
    <marker id="15" label="BR"/>
    <marker id="14" label="BR"/>
    <marker id="18" label="Centre6"/>
    <marker id="17" label="Centre6"/>
    <marker id="16" label="Centre6"/>
    <marker id="19" label="FrontR"/>
    <marker id="20" label="FrontR"/>
    <marker id="21" label="FrontR"/>
    <marker id="22" label="Hole"/>
    <marker id="23" label="LWB"/>
    <marker id="1" label="LWB"/>
    <marker id="24" label="LWT"/>
    <marker id="0" label="LWT"/>
    <marker id="25" label="LeftDip"/>
    <marker id="26" label="LeftDip"/>
    <marker id="27" label="LeftDip"/>
    <marker id="29" label="LeftSun"/>
    <marker id="28" label="LeftSun"/>
    <marker id="30" label="Middle6"/>
    <marker id="31" label="Middle6"/>
    <marker id="32" label="Middle6"/>
    <marker id="33" label="Notch"/>
    <marker id="34" label="RE"/>
    <marker id="35" label="RE"/>
    <marker id="3" label="RWB"/>
    <marker id="36" label="RWB"/>
    <marker id="37" label="RWB"/>
    <marker id="2" label="RWT"/>
    <marker id="38" label="RWT"/>
    <marker id="39" label="RWT"/>
    <marker id="40" label="RightDip"/>
    <marker id="41" label="RightDip"/>
    <marker id="42" label="RightDip"/>
    <marker id="43" label="RightPoint"/>
    <marker id="45" label="RightSun"/>
    <marker id="44" label="RightSun"/>
    <marker id="46" label="Scab"/>
    <marker id="47" label="Toe"/>
    <marker id="48" label="Toe2"/>
    <marker id="50" label="Tongue"/>
    <marker id="49" label="Tongue"/>
    <marker id="52" label="Triangle"/>
    <marker id="51" label="Triangle"/>
    <marker id="5" label="U"/>
    <marker id="53" label="U"/>
    <marker id="54" label="shine"/>
    <marker id="55" label="shine"/>
  </markers>
  <frames next_id="1">
    <frame id="0" path="0/frame.zip"/>
  </frames>
  <transform>
    <rotation>-1.2404651104153487e-01 9.8504771933527902e-01 -1.1955523297115965e-01 -1.0733857671013498e-01 -1.3309966403723569e-01 -9.8527301261275679e-01 -9.8645369533915017e-01 -1.0938679109262002e-01 1.2224416912963264e-01</rotation>
    <translation>3.9134366366991422e+00 1.2793864988457807e+01 1.3026106125800133e+01</translation>
    <scale>1.0293733550926476e+00</scale>
  </transform>
  <reference>LOCAL_CS["Local Coordinates (m)",LOCAL_DATUM["Local Datum",0],UNIT["metre",1,AUTHORITY["EPSG","9001"]]]</reference>
  <region>
    <center>2.6332382626006980e+00 1.0361322465166118e+00 1.1595105920105315e+01</center>
    <size>5.8723223527272532e+00 3.1607554276784269e+00 8.8395077546437584e+00</size>
    <R>-1.6015407041779722e-01 4.8097344148829380e-01 -8.6198330744366392e-01 3.5493389248509213e-02 -8.6988452021941753e-01 -4.9197676855954037e-01 -9.8645369533915017e-01 -1.0938679109262031e-01 1.2224416912963328e-01</R>
  </region>
  <settings>
    <property name="image_brightness" value="1.3"/>
    <property name="accuracy_tiepoints" value="1"/>
    <property name="accuracy_cameras" value="10"/>
    <property name="accuracy_cameras_ypr" value="2"/>
    <property name="accuracy_markers" value="0.0050000000000000001"/>
    <property name="accuracy_scalebars" value="0.001"/>
    <property name="accuracy_projections" value="0.10000000000000001"/>
  </settings>
</chunk>
