<?xml version="1.0" encoding="UTF-8"?>
<chunk label="Merged Chunk" enabled="true">
  <sensors next_id="13">
    <sensor id="0" label="NIKON D3000 (48 mm)" type="frame">
      <resolution width="3872" height="2592"/>
      <property name="pixel_width" value="0.0061904649606179677"/>
      <property name="pixel_height" value="0.0061904649606179677"/>
      <property name="focal_length" value="48"/>
      <property name="fixed" value="false"/>
    </sensor>
    <sensor id="1" label="NIKON D3000 (28 mm)" type="frame">
      <resolution width="3872" height="2592"/>
      <property name="pixel_width" value="0.0061904649606179677"/>
      <property name="pixel_height" value="0.0061904649606179677"/>
      <property name="focal_length" value="28"/>
      <property name="fixed" value="false"/>
    </sensor>
    <sensor id="2" label="NIKON D3000 (20 mm)" type="frame">
      <resolution width="3872" height="2592"/>
      <property name="pixel_width" value="0.0061904649606179668"/>
      <property name="pixel_height" value="0.0061904649606179668"/>
      <property name="focal_length" value="20"/>
      <property name="fixed" value="false"/>
    </sensor>
    <sensor id="3" label="NIKON D3000 (24 mm)" type="frame">
      <resolution width="3872" height="2592"/>
      <property name="pixel_width" value="0.0061904649606179677"/>
      <property name="pixel_height" value="0.0061904649606179677"/>
      <property name="focal_length" value="24"/>
      <property name="fixed" value="false"/>
    </sensor>
    <sensor id="4" label="NIKON D3000 (32 mm)" type="frame">
      <resolution width="3872" height="2592"/>
      <property name="pixel_width" value="0.0061904649606179668"/>
      <property name="pixel_height" value="0.0061904649606179668"/>
      <property name="focal_length" value="32"/>
      <property name="fixed" value="false"/>
    </sensor>
    <sensor id="5" label="NIKON D3000 (18 mm)" type="frame">
      <resolution width="3872" height="2592"/>
      <property name="pixel_width" value="0.0061904649606179677"/>
      <property name="pixel_height" value="0.0061904649606179677"/>
      <property name="focal_length" value="18"/>
      <property name="fixed" value="false"/>
    </sensor>
    <sensor id="6" label="NIKON D3000 (29 mm)" type="frame">
      <resolution width="3872" height="2592"/>
      <property name="pixel_width" value="0.0062624471113228268"/>
      <property name="pixel_height" value="0.0062624471113228268"/>
      <property name="focal_length" value="29"/>
      <property name="fixed" value="false"/>
    </sensor>
    <sensor id="7" label="NIKON D3000 (30 mm)" type="frame">
      <resolution width="3872" height="2592"/>
      <property name="pixel_width" value="0.0061904649606179677"/>
      <property name="pixel_height" value="0.0061904649606179677"/>
      <property name="focal_length" value="30"/>
      <property name="fixed" value="false"/>
      <calibration type="frame" class="adjusted">
        <resolution width="3872" height="2592"/>
        <fx>4846.1626373546633</fx>
        <fy>4846.1626373546633</fy>
        <cx>1936</cx>
        <cy>1296</cy>
      </calibration>
    </sensor>
    <sensor id="8" label="NIKON D3000 (26 mm)" type="frame">
      <resolution width="3872" height="2592"/>
      <property name="pixel_width" value="0.0061904649606179677"/>
      <property name="pixel_height" value="0.0061904649606179677"/>
      <property name="focal_length" value="26"/>
      <property name="fixed" value="false"/>
    </sensor>
    <sensor id="9" label="NIKON D3000 (55 mm)" type="frame">
      <resolution width="3872" height="2592"/>
      <property name="pixel_width" value="0.0062282116981827104"/>
      <property name="pixel_height" value="0.0062282116981827104"/>
      <property name="focal_length" value="55"/>
      <property name="fixed" value="false"/>
    </sensor>
    <sensor id="10" label="NIKON D3000 (40 mm)" type="frame">
      <resolution width="3872" height="2592"/>
      <property name="pixel_width" value="0.0061904649606179668"/>
      <property name="pixel_height" value="0.0061904649606179668"/>
      <property name="focal_length" value="40"/>
      <property name="fixed" value="false"/>
    </sensor>
    <sensor id="11" label="NIKON D3000 (30 mm)" type="frame">
      <resolution width="3872" height="2592"/>
      <property name="pixel_width" value="0.0061904649606179677"/>
      <property name="pixel_height" value="0.0061904649606179677"/>
      <property name="focal_length" value="30"/>
      <property name="fixed" value="false"/>
      <calibration type="frame" class="adjusted">
        <resolution width="3872" height="2592"/>
        <fx>4846.1626373546633</fx>
        <fy>4846.1626373546633</fy>
        <cx>1936</cx>
        <cy>1296</cy>
      </calibration>
    </sensor>
    <sensor id="12" label="NIKON D3000 (30 mm)" type="frame">
      <resolution width="3872" height="2592"/>
      <property name="pixel_width" value="0.0061904649606179677"/>
      <property name="pixel_height" value="0.0061904649606179677"/>
      <property name="focal_length" value="30"/>
      <property name="fixed" value="false"/>
      <calibration type="frame" class="adjusted">
        <resolution width="3872" height="2592"/>
        <fx>4846.1626373546633</fx>
        <fy>4846.1626373546633</fy>
        <cx>1936</cx>
        <cy>1296</cy>
      </calibration>
    </sensor>
  </sensors>
  <cameras next_id="132" next_group_id="0">
    <camera id="30" label="DSC_0070.JPG" sensor_id="11" enabled="true">
      <transform>7.2156448792412609e-01 6.8881909651850937e-01 6.9806461292767352e-02 -2.1623193650590093e+00 2.7315365676835435e-01 -1.9058311699663444e-01 -9.4290251633449551e-01 1.1822283376225355e+01 -6.3618532642687553e-01 6.9943286152944784e-01 -3.2567146428856508e-01 1.4624217150734285e+01 0.0000000000000000e+00 0.0000000000000000e+00 0.0000000000000000e+00 1.0000000000000000e+00</transform>
    </camera>
    <camera id="31" label="DSC_0071.JPG" sensor_id="11" enabled="true">
      <transform>7.4376733289389751e-01 6.4654645471704342e-01 1.6966978638732305e-01 -3.4513043845292399e+00 3.8908853607921712e-01 -2.1236098589183622e-01 -8.9638882342584958e-01 1.1321641653022862e+01 -5.4352577272069591e-01 7.3272129323766022e-01 -4.0951097766055206e-01 1.5802138791289838e+01 0.0000000000000000e+00 0.0000000000000000e+00 0.0000000000000000e+00 1.0000000000000000e+00</transform>
    </camera>
    <camera id="32" label="DSC_0072.JPG" sensor_id="11" enabled="true">
      <transform>7.5046671310477997e-01 6.1383589603007815e-01 2.4495959925395588e-01 -4.5536891232941450e+00 4.6874862689652963e-01 -2.3307159498504137e-01 -8.5202837769275419e-01 1.0739153359492338e+01 -4.6591247815906972e-01 7.5424341187449540e-01 -4.6264720721041275e-01 1.6625280186602069e+01 0.0000000000000000e+00 0.0000000000000000e+00 0.0000000000000000e+00 1.0000000000000000e+00</transform>
    </camera>
    <camera id="33" label="DSC_0073.JPG" sensor_id="11" enabled="true">
      <transform>7.4188417627794545e-01 5.7260442027246483e-01 3.4890119929978525e-01 -5.7777761316597624e+00 5.6968298243934645e-01 -2.6381992210141952e-01 -7.7837031560910142e-01 9.9336047529408216e+00 -3.5365119610628393e-01 7.7622369622862919e-01 -5.2192681949269426e-01 1.7358560523101570e+01 0.0000000000000000e+00 0.0000000000000000e+00 0.0000000000000000e+00 1.0000000000000000e+00</transform>
    </camera>
    <camera id="34" label="DSC_0074.JPG" sensor_id="11" enabled="true">
      <transform>7.1416056194228561e-01 5.2760340921114723e-01 4.6001014592621092e-01 -7.0450893528866398e+00 6.6414915830070975e-01 -3.0316603176701401e-01 -6.8337124076968636e-01 8.8688412724615588e+00 -2.2108954587392374e-01 7.9355214054995571e-01 -5.6691658375271181e-01 1.7929216822613181e+01 0.0000000000000000e+00 0.0000000000000000e+00 0.0000000000000000e+00 1.0000000000000000e+00</transform>
    </camera>
    <camera id="35" label="DSC_0075.JPG" sensor_id="11" enabled="true">
      <transform>6.6996311150983023e-01 4.8709283005065407e-01 5.6025887242355399e-01 -8.2176302987820939e+00 7.3695163262434527e-01 -3.4513279117969742e-01 -5.8119329626624538e-01 7.7155822940376497e+00 -8.9731379062062355e-02 8.0226175988000081e-01 -5.9019009500826458e-01 1.8256732998176606e+01 0.0000000000000000e+00 0.0000000000000000e+00 0.0000000000000000e+00 1.0000000000000000e+00</transform>
    </camera>
    <camera id="36" label="DSC_0076.JPG" sensor_id="11" enabled="true">
      <transform>6.1792626653101346e-01 4.5413674930252168e-01 6.4181534888469360e-01 -9.1863480532329724e+00 7.8572376979398162e-01 -3.8615017403050589e-01 -4.8324548697007413e-01 6.6100660120563210e+00 2.8377574099570591e-02 8.0289965501870064e-01 -5.9543837402293343e-01 1.8369482476017243e+01 0.0000000000000000e+00 0.0000000000000000e+00 0.0000000000000000e+00 1.0000000000000000e+00</transform>
    </camera>
    <camera id="37" label="DSC_0077.JPG" sensor_id="11" enabled="true">
      <transform>5.1092269798559764e-01 4.0906883544580686e-01 7.5605600622581459e-01 -1.0548808709014095e+01 8.3293160215149775e-01 -4.5306257260302751e-01 -3.1774085579866090e-01 4.7184719706590057e+00 2.1256279735752581e-01 7.9208395588683511e-01 -5.7220631244875797e-01 1.8185866581182463e+01 0.0000000000000000e+00 0.0000000000000000e+00 0.0000000000000000e+00 1.0000000000000000e+00</transform>
    </camera>
    <camera id="38" label="DSC_0078.JPG" sensor_id="11" enabled="true">
      <transform>3.9355533007859989e-01 3.7671878635038031e-01 8.3856851728253001e-01 -1.1546539561426203e+01 8.4135341970124888e-01 -5.1518793296002885e-01 -1.6341914480680381e-01 2.9356473266616399e+00 3.7045731916610658e-01 7.6984696514506656e-01 -5.1970859617019216e-01 1.7647092146154069e+01 0.0000000000000000e+00 0.0000000000000000e+00 0.0000000000000000e+00 1.0000000000000000e+00</transform>
    </camera>
    <camera id="39" label="DSC_0079.JPG" sensor_id="11" enabled="true">
      <transform>2.6881742148827847e-01 3.5645119714359386e-01 8.9480709538944347e-01 -1.2280249666903856e+01 8.1808506418552296e-01 -5.7485258391913097e-01 -1.6773029483891533e-02 1.2426841539000029e+00 5.0840340445453591e-01 7.3653720260174071e-01 -4.4613778983923813e-01 1.6867300307312004e+01 0.0000000000000000e+00 0.0000000000000000e+00 0.0000000000000000e+00 1.0000000000000000e+00</transform>
    </camera>
    <camera id="40" label="DSC_0080.JPG" sensor_id="11" enabled="true">
      <transform>1.0569093492587645e-01 3.4262143582781773e-01 9.3350949539133121e-01 -1.2768337821506844e+01 7.5211479335916565e-01 -6.4165292764054849e-01 1.5034912058476529e-01 -7.1390411484521554e-01 6.5050193226830055e-01 6.8621576210518320e-01 -3.2550754822831574e-01 1.5523118446232727e+01 0.0000000000000000e+00 0.0000000000000000e+00 0.0000000000000000e+00 1.0000000000000000e+00</transform>
    </camera>
    <camera id="41" label="DSC_0081.JPG" sensor_id="11" enabled="true">
      <transform>-1.2813389395849195e-02 3.4010896833554488e-01 9.4029873269611586e-01 -1.2962678272811250e+01 6.7995707330066035e-01 -6.8652006867597826e-01 2.5758216897434949e-01 -2.0034617084181865e+00 7.3313995629797080e-01 6.4266327494486675e-01 -2.2246284974473407e-01 1.4375727626447070e+01 0.0000000000000000e+00 0.0000000000000000e+00 0.0000000000000000e+00 1.0000000000000000e+00</transform>
    </camera>
    <camera id="42" label="DSC_0082.JPG" sensor_id="11" enabled="true">
      <transform>-2.6654997204071817e-01 3.5945840055920597e-01 8.9428226565917646e-01 -1.2506567801454850e+01 4.7031073439404969e-01 -7.6137835286498290e-01 4.4621835114922748e-01 -4.2565021008030994e+00 8.4128409322821618e-01 5.3953003814062384e-01 3.3888234317458799e-02 1.1476406429397882e+01 0.0000000000000000e+00 0.0000000000000000e+00 0.0000000000000000e+00 1.0000000000000000e+00</transform>
    </camera>
    <camera id="43" label="DSC_0083.JPG" sensor_id="11" enabled="true">
      <transform>-3.7911034643711072e-01 3.8078992293979802e-01 8.4337084358651881e-01 -1.1952557437531754e+01 3.4560672104169959e-01 -7.8718583213451943e-01 5.1077828855334972e-01 -5.0622201220867682e+00 8.5838880444419741e-01 4.8511596580012378e-01 1.6682673685795768e-01 9.9539304254870142e+00 0.0000000000000000e+00 0.0000000000000000e+00 0.0000000000000000e+00 1.0000000000000000e+00</transform>
    </camera>
    <camera id="44" label="DSC_0084.JPG" sensor_id="11" enabled="true">
      <transform>-4.7753274653568833e-01 4.0810382010260449e-01 7.7808338113838615e-01 -1.1245994860089086e+01 2.1742409378000216e-01 -8.0314768595243069e-01 5.5468960508846799e-01 -5.6316587593620655e+00 8.5128681384714688e-01 4.3405652462198613e-01 2.9479771709268099e-01 8.4593371817498575e+00 0.0000000000000000e+00 0.0000000000000000e+00 0.0000000000000000e+00 1.0000000000000000e+00</transform>
    </camera>
    <camera id="45" label="DSC_0085.JPG" sensor_id="11" enabled="true">
      <transform>-5.5908591938676488e-01 4.3988486408662486e-01 7.0279743958764340e-01 -1.0417207034550836e+01 8.6608887980214821e-02 -8.1203034751292003e-01 5.7715302584399308e-01 -5.9565210803477848e+00 8.2457372943011376e-01 3.8354663479887019e-01 4.1589679449134442e-01 7.0507965155016272e+00 0.0000000000000000e+00 0.0000000000000000e+00 0.0000000000000000e+00 1.0000000000000000e+00</transform>
    </camera>
    <camera id="46" label="DSC_0086.JPG" sensor_id="11" enabled="true">
      <transform>-6.1317931211021171e-01 4.7421085054214829e-01 6.3177147801094957e-01 -9.2949149902990786e+00 -2.8927349290903653e-02 -8.1271080239043403e-01 5.8194876075209478e-01 -6.0287616486139317e+00 7.8941392162986945e-01 3.3856346658490644e-01 5.1205511366547374e-01 5.4658572062198374e+00 0.0000000000000000e+00 0.0000000000000000e+00 0.0000000000000000e+00 1.0000000000000000e+00</transform>
    </camera>
    <camera id="47" label="DSC_0087.JPG" sensor_id="11" enabled="true">
      <transform>-6.6987093373826490e-01 5.1336767625234159e-01 5.3640149245867697e-01 -8.1737439078838552e+00 -1.6315144710429746e-01 -8.0656613084189910e-01 5.6818366914801599e-01 -5.8484406039769121e+00 7.2433040626526146e-01 2.9309504526347674e-01 6.2405188646586218e-01 4.1907241419513408e+00 0.0000000000000000e+00 0.0000000000000000e+00 0.0000000000000000e+00 1.0000000000000000e+00</transform>
    </camera>
    <camera id="48" label="DSC_0088.JPG" sensor_id="11" enabled="true">
      <transform>-7.1244249806275972e-01 5.6077996199092150e-01 4.2184300537469555e-01 -6.8325768119705597e+00 -3.0749467117969631e-01 -7.8984079309674748e-01 5.3065859906006563e-01 -5.3882972060274748e+00 6.3077152293852423e-01 2.4834926170569077e-01 7.3515299772227949e-01 2.9039430548132166e+00 0.0000000000000000e+00 0.0000000000000000e+00 0.0000000000000000e+00 1.0000000000000000e+00</transform>
    </camera>
    <camera id="49" label="DSC_0089.JPG" sensor_id="11" enabled="true">
      <transform>-7.2991883760670617e-01 6.0759257346075413e-01 3.1312897531562439e-01 -5.4167184537926358e+00 -4.3191025299710084e-01 -7.6503882778635457e-01 4.7767051964221197e-01 -4.6719728846097093e+00 5.2978488451715500e-01 2.1341709550694035e-01 8.2084171402440675e-01 1.8251042942400830e+00 0.0000000000000000e+00 0.0000000000000000e+00 0.0000000000000000e+00 1.0000000000000000e+00</transform>
    </camera>
    <camera id="50" label="DSC_0090.JPG" sensor_id="11" enabled="true">
      <transform>-7.3086340250013326e-01 6.4440520347184027e-01 2.2490135754224455e-01 -4.3653520242023021e+00 -5.2311367355700800e-01 -7.4053053146231362e-01 4.2186089710926694e-01 -3.9598260953846607e+00 4.3839567906586435e-01 1.9067371531115579e-01 8.7832383712718398e-01 1.1576059162023873e+00 0.0000000000000000e+00 0.0000000000000000e+00 0.0000000000000000e+00 1.0000000000000000e+00</transform>
    </camera>
    <camera id="51" label="DSC_0091.JPG" sensor_id="11" enabled="true">
      <transform>-7.1043905513588956e-01 6.9709694992800653e-01 9.6603267743357327e-02 -2.8911213395463187e+00 -6.3834640396600706e-01 -6.9609781063662868e-01 3.2857526774022339e-01 -2.8279257209141240e+00 2.9629414013998301e-01 1.7176635417904873e-01 9.3952440207306243e-01 4.9328160420269029e-01 0.0000000000000000e+00 0.0000000000000000e+00 0.0000000000000000e+00 1.0000000000000000e+00</transform>
    </camera>
    <camera id="52" label="DSC_0092.JPG" sensor_id="11" enabled="true">
      <transform>-6.8349019189898874e-01 7.2972919664262004e-01 1.8342768198931964e-02 -1.9909278504560697e+00 -7.0172496895508041e-01 -6.6376663978125905e-01 2.5883569278306207e-01 -1.9831885434243177e+00 2.0105527976871154e-01 1.6404007888565703e-01 9.6574718585989772e-01 2.1883828642502051e-01 0.0000000000000000e+00 0.0000000000000000e+00 0.0000000000000000e+00 1.0000000000000000e+00</transform>
    </camera>
    <camera id="53" label="DSC_0093.JPG" sensor_id="11" enabled="true">
      <transform>-6.1405551729027441e-01 7.8143687459679689e-01 -1.1087034186726186e-01 -5.3107157598598065e-01 -7.8893973762968528e-01 -6.0369893465155267e-01 1.1454993098812330e-01 -3.0262858195627734e-01 2.2581232786918398e-02 1.5781003555214837e-01 9.8721126442360507e-01 3.6771145134770762e-02 0.0000000000000000e+00 0.0000000000000000e+00 0.0000000000000000e+00 1.0000000000000000e+00</transform>
    </camera>
    <camera id="54" label="DSC_0094.JPG" sensor_id="11" enabled="true">
      <transform>-4.9204577529856952e-01 8.3469192982869345e-01 -2.4734659344668725e-01 1.0021514304888044e+00 -8.4887220981499190e-01 -5.2304681244802731e-01 -7.6406828175041824e-02 1.9466840177528941e+00 -1.9315001013368294e-01 1.7236999236180681e-01 9.6590975733685824e-01 3.5469262658529571e-01 0.0000000000000000e+00 0.0000000000000000e+00 0.0000000000000000e+00 1.0000000000000000e+00</transform>
    </camera>
    <camera id="55" label="DSC_0095.JPG" sensor_id="11" enabled="true">
      <transform>-3.1601931494025082e-01 8.7756109494363921e-01 -3.6058052807384899e-01 2.2296506433477625e+00 -8.5362487122969211e-01 -4.2886966111917313e-01 -2.9562711815666903e-01 4.4911856917186226e+00 -4.1407290638580319e-01 2.1437662748734257e-01 8.8463907317299029e-01 1.3849462906039822e+00 0.0000000000000000e+00 0.0000000000000000e+00 0.0000000000000000e+00 1.0000000000000000e+00</transform>
    </camera>
    <camera id="56" label="DSC_0096.JPG" sensor_id="11" enabled="true">
      <transform>-2.1476268499384757e-01 8.9229911174279264e-01 -3.9708850942485968e-01 2.6273632453305633e+00 -8.2968145734819820e-01 -3.8118409174266821e-01 -4.0783252388068209e-01 5.7994343882800221e+00 -5.1527242160511899e-01 2.4186976533940846e-01 8.2218814644085958e-01 2.1643159435559354e+00 0.0000000000000000e+00 0.0000000000000000e+00 0.0000000000000000e+00 1.0000000000000000e+00</transform>
    </camera>
    <camera id="57" label="DSC_0098.JPG" sensor_id="11" enabled="true">
      <transform>-5.1495368513531037e-02 9.0073117316278428e-01 -4.3131378451708469e-01 2.9357876111222159e+00 -7.5577758279543072e-01 -3.1745927455250517e-01 -5.7273017586337571e-01 7.6667764616555161e+00 -6.5280048434843541e-01 2.9648433802376739e-01 6.9710011113258119e-01 3.6699232132015727e+00 0.0000000000000000e+00 0.0000000000000000e+00 0.0000000000000000e+00 1.0000000000000000e+00</transform>
    </camera>
    <camera id="58" label="DSC_0099.JPG" sensor_id="11" enabled="true">
      <transform>2.2685448648773360e-01 8.8572626371037044e-01 -4.0500126880548692e-01 2.7378326666478698e+00 -5.3753870052036468e-01 -2.3289970212771455e-01 -8.1043807548245139e-01 9.7705465113983276e+00 -8.1215096343183935e-01 4.0155536918647877e-01 4.2327780248230168e-01 6.1872982836002057e+00 0.0000000000000000e+00 0.0000000000000000e+00 0.0000000000000000e+00 1.0000000000000000e+00</transform>
    </camera>
    <camera id="59" label="DSC_0100.JPG" sensor_id="11" enabled="true">
      <transform>3.6664097868359946e-01 8.6188823047734764e-01 -3.5031852779229156e-01 2.1719809503297234e+00 -3.9161469605011284e-01 -1.9858667084446685e-01 -8.9844380124774026e-01 1.0865488791386349e+01 -8.4392672821016257e-01 4.6659619836378630e-01 2.6471808605562286e-01 8.0007564322419142e+00 0.0000000000000000e+00 0.0000000000000000e+00 0.0000000000000000e+00 1.0000000000000000e+00</transform>
    </camera>
    <camera id="60" label="DSC_0101.JPG" sensor_id="11" enabled="true">
      <transform>3.6465190249062096e-01 8.6201977269041996e-01 -3.5206661514651971e-01 2.1651838257961664e+00 -3.9402075020696969e-01 -1.9973054692731029e-01 -8.9713731224961002e-01 1.0878656358936240e+01 -8.4366855957556441e-01 4.6586437953000259e-01 2.6682155360618476e-01 8.0104331742628503e+00 0.0000000000000000e+00 0.0000000000000000e+00 0.0000000000000000e+00 1.0000000000000000e+00</transform>
    </camera>
    <camera id="61" label="DSC_0102.JPG" sensor_id="11" enabled="true">
      <transform>4.4875175379584220e-01 8.4091702544122082e-01 -3.0245730242175445e-01 1.6573627415828829e+00 -2.8833972456979834e-01 -1.8410254375720003e-01 -9.3966294841136566e-01 1.1397684609820571e+01 -8.4586173024919864e-01 5.0888585135098552e-01 1.5985344411245628e-01 9.1928691724137312e+00 0.0000000000000000e+00 0.0000000000000000e+00 0.0000000000000000e+00 1.0000000000000000e+00</transform>
    </camera>
    <camera id="62" label="DSC_0103.JPG" sensor_id="11" enabled="true">
      <transform>5.3293400884815978e-01 8.1330739355307280e-01 -2.3347896223201059e-01 8.9767559741099290e-01 -1.6305266010264657e-01 -1.7204884434369500e-01 -9.7150039896721074e-01 1.1828361094015865e+01 -8.3029824295037513e-01 5.5581496808911701e-01 4.0921253666200141e-02 1.0588812507744704e+01 0.0000000000000000e+00 0.0000000000000000e+00 0.0000000000000000e+00 1.0000000000000000e+00</transform>
    </camera>
    <camera id="63" label="DSC_0104.JPG" sensor_id="11" enabled="true">
      <transform>6.0762241353343605e-01 7.7945341974717630e-01 -1.5247087924005293e-01 3.3327638718105852e-05 -3.2862153224438639e-02 -1.6713620787624087e-01 -9.8538599893757561e-01 1.2041031003522320e+01 -7.9354589121061947e-01 6.0375314033235672e-01 -7.5941188307543067e-02 1.1953843963103065e+01 0.0000000000000000e+00 0.0000000000000000e+00 0.0000000000000000e+00 1.0000000000000000e+00</transform>
    </camera>
    <camera id="64" label="DSC_0105.JPG" sensor_id="11" enabled="true">
      <transform>6.7069349485434038e-01 7.3952679839543833e-01 -5.7186977670302896e-02 -1.0513583937429958e+00 1.0335406209952963e-01 -1.6952377688099185e-01 -9.8009164210268129e-01 1.2047303990027272e+01 -7.3449858666140233e-01 6.5143058227795581e-01 -1.9013159302284827e-01 1.3312518547251248e+01 0.0000000000000000e+00 0.0000000000000000e+00 0.0000000000000000e+00 1.0000000000000000e+00</transform>
    </camera>
    <camera id="65" label="DSC_0106.JPG" sensor_id="11" enabled="true">
      <transform>7.2705739360714472e-01 6.8190596882787402e-01 7.9948709045885302e-02 -2.6081145579052953e+00 2.8218904825890545e-01 -1.9063878487225008e-01 -9.4022667200264265e-01 1.1673800961713374e+01 -6.2590485494515713e-01 7.0615940366134788e-01 -3.3103173439525602e-01 1.4979371012317653e+01 0.0000000000000000e+00 0.0000000000000000e+00 0.0000000000000000e+00 1.0000000000000000e+00</transform>
    </camera>
    <camera id="66" label="DSC_0107.JPG" sensor_id="11" enabled="true">
      <transform>7.5146422932494894e-01 6.2928556893013798e-01 1.9824526420909488e-01 -4.1072049893797091e+00 4.1792476205136020e-01 -2.2150287728435891e-01 -8.8106490601945131e-01 1.0977061614177840e+01 -5.1052953421851632e-01 7.4494036545956011e-01 -4.2944551062923209e-01 1.6287008481513165e+01 0.0000000000000000e+00 0.0000000000000000e+00 0.0000000000000000e+00 1.0000000000000000e+00</transform>
    </camera>
    <camera id="67" label="DSC_0108.JPG" sensor_id="11" enabled="true">
      <transform>7.5001381902482689e-01 5.8701910750898922e-01 3.0477506244957697e-01 -5.3436096583196813e+00 5.2662878638580879e-01 -2.5120336004365784e-01 -8.1213237421776652e-01 1.0221638200592038e+01 -4.0017670174762043e-01 7.6961382479924689e-01 -4.9754715159095225e-01 1.7105490038414782e+01 0.0000000000000000e+00 0.0000000000000000e+00 0.0000000000000000e+00 1.0000000000000000e+00</transform>
    </camera>
    <camera id="68" label="DSC_0109.JPG" sensor_id="11" enabled="true">
      <transform>7.2504161142578238e-01 5.3485464258056703e-01 4.3387230035013535e-01 -6.8443228538258154e+00 6.4170137653926440e-01 -2.9589850492030439e-01 -7.0757573314348587e-01 9.0514508017350401e+00 -2.5006800084920366e-01 7.9143830214107169e-01 -5.5775568921826368e-01 1.7844890966350498e+01 0.0000000000000000e+00 0.0000000000000000e+00 0.0000000000000000e+00 1.0000000000000000e+00</transform>
    </camera>
    <camera id="69" label="DSC_0110.JPG" sensor_id="11" enabled="true">
      <transform>6.6958900745606253e-01 4.8363079620073068e-01 5.6369478803715412e-01 -8.3652767762454037e+00 7.3829617456831609e-01 -3.5057897029751611e-01 -5.7620581757122502e-01 7.5594077710090559e+00 -8.1051339975322462e-02 8.0199478710985428e-01 -5.9180659149491077e-01 1.8286785494644409e+01 0.0000000000000000e+00 0.0000000000000000e+00 0.0000000000000000e+00 1.0000000000000000e+00</transform>
    </camera>
    <camera id="70" label="DSC_0111.JPG" sensor_id="11" enabled="true">
      <transform>5.9737006273282356e-01 4.4199225309010987e-01 6.6917251614132400e-01 -9.6045691661787256e+00 7.9867502767494036e-01 -4.0339340632124288e-01 -4.4653326853099951e-01 6.0787139924393303e+00 7.2575535265098079e-02 8.0119698448313748e-01 -5.9398331940898108e-01 1.8359859286742573e+01 0.0000000000000000e+00 0.0000000000000000e+00 0.0000000000000000e+00 1.0000000000000000e+00</transform>
    </camera>
    <camera id="71" label="DSC_0112.JPG" sensor_id="11" enabled="true">
      <transform>4.8001009890237289e-01 3.9734451481745847e-01 7.8211740902259197e-01 -1.0943321342238098e+01 8.3761058853795822e-01 -4.7259746430704752e-01 -2.7397105449233872e-01 4.0889028314747407e+00 2.6076580857318904e-01 7.8661869624045122e-01 -5.5967152849161761e-01 1.8020470785987445e+01 0.0000000000000000e+00 0.0000000000000000e+00 0.0000000000000000e+00 1.0000000000000000e+00</transform>
    </camera>
    <camera id="72" label="DSC_0114.JPG" sensor_id="11" enabled="true">
      <transform>1.5168748801067811e-01 3.4531853948970315e-01 9.2614578348427889e-01 -1.2689496457643724e+01 7.7416377144905080e-01 -6.2406536415091596e-01 1.0589086949764159e-01 -3.1434624548242601e-01 6.1454158602717224e-01 7.0092619265646150e-01 -3.6199601032514805e-01 1.5833830630163002e+01 0.0000000000000000e+00 0.0000000000000000e+00 0.0000000000000000e+00 1.0000000000000000e+00</transform>
    </camera>
    <camera id="73" label="DSC_0115.JPG" sensor_id="11" enabled="true">
      <transform>-7.9004504573584100e-02 3.4356623889789772e-01 9.3579940572038967e-01 -1.2908581511544329e+01 6.3172423206951600e-01 -7.0892590168561709e-01 3.1360574059703489e-01 -2.7576886144217529e+00 7.7115678229090479e-01 6.1594342711712335e-01 -1.6103077879073358e-01 1.3589751177267196e+01 0.0000000000000000e+00 0.0000000000000000e+00 0.0000000000000000e+00 1.0000000000000000e+00</transform>
    </camera>
    <camera id="74" label="DSC_0116.JPG" sensor_id="11" enabled="true">
      <transform>-2.9179407247396538e-01 3.6553871967736867e-01 8.8387649798243195e-01 -1.2334970984589109e+01 4.4154242630221913e-01 -7.6825663569157587e-01 4.6348897235102648e-01 -4.5349652643482843e+00 8.4846715024460873e-01 5.2551230825975070e-01 6.2771879239840289e-02 1.1045579614993683e+01 0.0000000000000000e+00 0.0000000000000000e+00 0.0000000000000000e+00 1.0000000000000000e+00</transform>
    </camera>
    <camera id="75" label="DSC_0117.JPG" sensor_id="11" enabled="true">
      <transform>-4.5259927042891657e-01 4.0288949017457570e-01 7.9550861661837646e-01 -1.1327559021625616e+01 2.4856637913850238e-01 -7.9974937002373458e-01 5.4645740941871568e-01 -5.5790578873876564e+00 8.5636946207182496e-01 4.4506292122969537e-01 2.6182119963307637e-01 8.6735973377427431e+00 0.0000000000000000e+00 0.0000000000000000e+00 0.0000000000000000e+00 1.0000000000000000e+00</transform>
    </camera>
    <camera id="76" label="DSC_0118.JPG" sensor_id="11" enabled="true">
      <transform>-5.4346318017720652e-01 4.3789196105294220e-01 7.1616925529995057e-01 -1.0424998034030530e+01 1.0522056890308723e-01 -8.1089364556296895e-01 5.7565625807881982e-01 -5.9655302578677523e+00 8.3281234601282650e-01 3.8820371717798724e-01 3.9461559814306024e-01 7.0925213655275314e+00 0.0000000000000000e+00 0.0000000000000000e+00 0.0000000000000000e+00 1.0000000000000000e+00</transform>
    </camera>
    <camera id="77" label="DSC_0119.JPG" sensor_id="11" enabled="true">
      <transform>-6.0419989307599342e-01 4.6705604461656092e-01 6.4560137886631808e-01 -9.6103134169060187e+00 -5.9076659212472238e-03 -8.1281270472293854e-01 5.8249515579474476e-01 -6.0462384260223931e+00 7.9681088640299158e-01 3.4812951358383015e-01 4.9386056036250225e-01 5.9465078500060278e+00 0.0000000000000000e+00 0.0000000000000000e+00 0.0000000000000000e+00 1.0000000000000000e+00</transform>
    </camera>
    <camera id="78" label="DSC_0120.JPG" sensor_id="11" enabled="true">
      <transform>-6.5181781957037122e-01 4.9767661360092796e-01 5.7223379694425547e-01 -8.7418384279418735e+00 -1.1217745245407604e-01 -8.0952343875550270e-01 5.7627078814250099e-01 -5.9921858262843033e+00 7.5003316543432952e-01 3.1143183905981475e-01 5.8348989740044443e-01 4.8574479475728252e+00 0.0000000000000000e+00 0.0000000000000000e+00 0.0000000000000000e+00 1.0000000000000000e+00</transform>
    </camera>
    <camera id="79" label="DSC_0121.JPG" sensor_id="11" enabled="true">
      <transform>-6.7462265898679419e-01 5.2444673910375117e-01 5.1946114948572375e-01 -7.7869124732180754e+00 -1.8693203734959438e-01 -8.0216139643689133e-01 5.6709215078216912e-01 -5.7772800917177323e+00 7.1410131031522228e-01 2.8546928365387836e-01 6.3919215162283083e-01 3.8170058295379432e+00 0.0000000000000000e+00 0.0000000000000000e+00 0.0000000000000000e+00 1.0000000000000000e+00</transform>
    </camera>
    <camera id="80" label="DSC_0122.JPG" sensor_id="11" enabled="true">
      <transform>-7.1148899201683236e-01 5.6868835217086278e-01 4.1276745552921279e-01 -6.5322893312931267e+00 -3.1978564891754963e-01 -7.8509207547821647e-01 5.3044092203344217e-01 -5.2886329062600241e+00 6.2571603222648331e-01 2.4540576832359784e-01 7.4044274315321024e-01 2.6725969174314508e+00 0.0000000000000000e+00 0.0000000000000000e+00 0.0000000000000000e+00 1.0000000000000000e+00</transform>
    </camera>
    <camera id="81" label="DSC_0123.JPG" sensor_id="11" enabled="true">
      <transform>-7.3046672152607961e-01 6.2185906948945469e-01 2.8232900388846083e-01 -5.0122517811212122e+00 -4.6586155355429498e-01 -7.5599283626518876e-01 4.5983458377518149e-01 -4.4198330530946288e+00 4.9939101079506798e-01 2.0436763248965129e-01 8.4192784080802041e-01 1.5652709089346586e+00 0.0000000000000000e+00 0.0000000000000000e+00 0.0000000000000000e+00 1.0000000000000000e+00</transform>
    </camera>
    <camera id="82" label="DSC_0124.JPG" sensor_id="12" enabled="true">
      <transform>-8.8321762133641135e-01 -2.5927880864687713e-01 3.9076992303337210e-01 -6.0604154124362779e+00 -1.7856352611527901e-01 -5.8456591155825288e-01 -7.9145294375935404e-01 1.0078755945840225e+01 4.3363775262554061e-01 -7.6880244174347245e-01 4.7000117560187671e-01 5.9531360227277386e+00 0.0000000000000000e+00 0.0000000000000000e+00 0.0000000000000000e+00 1.0000000000000000e+00</transform>
    </camera>
    <camera id="83" label="DSC_0125.JPG" sensor_id="12" enabled="true">
      <transform>-9.3849848647113010e-01 -2.1095955819130952e-01 2.7334347568421224e-01 -4.6820040273191816e+00 -1.0502147816341922e-01 -5.7973678837226705e-01 -8.0800726811841228e-01 1.0240507852652755e+01 3.2892412501330526e-01 -7.8702053404948513e-01 5.2192681380505346e-01 5.4187085364172001e+00 0.0000000000000000e+00 0.0000000000000000e+00 0.0000000000000000e+00 1.0000000000000000e+00</transform>
    </camera>
    <camera id="84" label="DSC_0126.JPG" sensor_id="12" enabled="true">
      <transform>-9.7720606882036465e-01 -1.5824945041955402e-01 1.4151116741288633e-01 -3.1466492607380072e+00 -2.4699005435928983e-02 -5.7730818268148187e-01 -8.1615269486749886e-01 1.0279252878603781e+01 2.1085127030948797e-01 -8.0104455160179056e-01 5.6024045565985414e-01 5.0239559204951680e+00 0.0000000000000000e+00 0.0000000000000000e+00 0.0000000000000000e+00 1.0000000000000000e+00</transform>
    </camera>
    <camera id="85" label="DSC_0127.JPG" sensor_id="12" enabled="true">
      <transform>-9.9427437899135873e-01 -1.0569872500700436e-01 1.5691998382662518e-02 -1.6696690094870190e+00 4.8827902438165045e-02 -5.8002607938687822e-01 -8.1313318907456711e-01 1.0217008830006465e+01 9.5048909645702118e-02 -8.0771128923828994e-01 5.8186611691366141e-01 4.8148740963553527e+00 0.0000000000000000e+00 0.0000000000000000e+00 0.0000000000000000e+00 1.0000000000000000e+00</transform>
    </camera>
    <camera id="86" label="DSC_0128.JPG" sensor_id="12" enabled="true">
      <transform>-9.9484032053547833e-01 -5.9359281357687796e-02 -8.2275223205807879e-02 -8.5677953726192260e-02 1.0145091346311748e-01 -5.8741417156705067e-01 -8.0290242445747728e-01 1.0022766703005425e+01 -6.6992116379278183e-04 -8.0710660185560046e-01 5.9040535604509936e-01 4.7772070177153285e+00 0.0000000000000000e+00 0.0000000000000000e+00 0.0000000000000000e+00 1.0000000000000000e+00</transform>
    </camera>
    <camera id="87" label="DSC_0129.JPG" sensor_id="12" enabled="true">
      <transform>-9.8185237803184033e-01 -1.8086221003268024e-02 -1.8878240480256867e-01 1.0971169534000347e+00 1.6229794005210135e-01 -5.9509838290982531e-01 -7.8709420866434765e-01 9.8077408942220732e+00 -9.8108544011540927e-02 -8.0344931592971813e-01 5.8723411883507259e-01 4.8997594775400239e+00 0.0000000000000000e+00 0.0000000000000000e+00 0.0000000000000000e+00 1.0000000000000000e+00</transform>
    </camera>
    <camera id="88" label="DSC_0131.JPG" sensor_id="12" enabled="true">
      <transform>-8.9733533962075196e-01 8.0520112878852856e-02 -4.3394216168711536e-01 3.8874735436551111e+00 2.9411198446016379e-01 -6.2399198301879299e-01 -7.2396971326511927e-01 8.9767198650333437e+00 -3.2907055301958293e-01 -7.7727119884262486e-01 5.3624812781503972e-01 5.6695017492924267e+00 0.0000000000000000e+00 0.0000000000000000e+00 0.0000000000000000e+00 1.0000000000000000e+00</transform>
    </camera>
    <camera id="89" label="DSC_0133.JPG" sensor_id="12" enabled="true">
      <transform>-6.7653367024235311e-01 1.8930441519925356e-01 -7.1166426874930244e-01 6.9612717865878118e+00 4.3032073637442014e-01 -6.8260711832832177e-01 -5.9065352437252183e-01 7.3081711456347156e+00 -5.9760041572491196e-01 -7.0584088886488650e-01 3.8034508374874365e-01 7.6714925911386826e+00 0.0000000000000000e+00 0.0000000000000000e+00 0.0000000000000000e+00 1.0000000000000000e+00</transform>
    </camera>
    <camera id="90" label="DSC_0134.JPG" sensor_id="12" enabled="true">
      <transform>-6.7706592876980365e-01 1.8968709464642541e-01 -7.1105592904052284e-01 6.9241043462423484e+00 4.3043399491715062e-01 -6.8163210374517935e-01 -5.9169608006440533e-01 7.2816590448356058e+00 -5.9691565913347044e-01 -7.0667990014469706e-01 3.7986209946865634e-01 7.6907785801177777e+00 0.0000000000000000e+00 0.0000000000000000e+00 0.0000000000000000e+00 1.0000000000000000e+00</transform>
    </camera>
    <camera id="91" label="DSC_0135.JPG" sensor_id="12" enabled="true">
      <transform>-4.8231853539916125e-01 2.4048352493111455e-01 -8.4233989852500402e-01 8.3230559068681078e+00 4.8446284493126623e-01 -7.2791542250968566e-01 -4.8521633273587317e-01 6.0402154567074069e+00 -7.2983873718206527e-01 -6.4211121459545595e-01 2.3458176783210616e-01 9.4730804032696376e+00 0.0000000000000000e+00 0.0000000000000000e+00 0.0000000000000000e+00 1.0000000000000000e+00</transform>
    </camera>
    <camera id="92" label="DSC_0136.JPG" sensor_id="12" enabled="true">
      <transform>-3.0121960968168326e-01 2.6652142575100823e-01 -9.1555069567930769e-01 9.0432133436493114e+00 5.1013921418447150e-01 -7.6614686861009873e-01 -3.9086693115456822e-01 4.9100287577743504e+00 -8.0562071031873572e-01 -5.8479509687974462e-01 9.4815430025633196e-02 1.1159997867170793e+01 0.0000000000000000e+00 0.0000000000000000e+00 0.0000000000000000e+00 1.0000000000000000e+00</transform>
    </camera>
    <camera id="93" label="DSC_0137.JPG" sensor_id="12" enabled="true">
      <transform>-2.9107557471615308e-02 2.8057604463872760e-01 -9.5939034457978767e-01 9.3548767867062690e+00 5.1569875827802791e-01 -8.1798372497954097e-01 -2.5486744864555544e-01 3.6311257305140368e+00 -8.5627538841691397e-01 -5.0217497831282021e-01 -1.2088320953706422e-01 1.3152972922752490e+01 0.0000000000000000e+00 0.0000000000000000e+00 0.0000000000000000e+00 1.0000000000000000e+00</transform>
    </camera>
    <camera id="94" label="DSC_0138.JPG" sensor_id="12" enabled="true">
      <transform>2.0723816717902610e-01 2.6736560625487960e-01 -9.4104621281647949e-01 9.1666603275596792e+00 4.8717240901963599e-01 -8.6237684021429728e-01 -1.3772882542158307e-01 2.4324585031520205e+00 -8.4836041041192078e-01 -4.2990908114852044e-01 -3.0897054227183585e-01 1.5081361697844967e+01 0.0000000000000000e+00 0.0000000000000000e+00 0.0000000000000000e+00 1.0000000000000000e+00</transform>
    </camera>
    <camera id="95" label="DSC_0139.JPG" sensor_id="12" enabled="true">
      <transform>4.1004819712560026e-01 2.4304261247769687e-01 -8.7908518617598197e-01 8.5369412723691145e+00 4.3242083255886377e-01 -9.0043342676565796e-01 -4.7242645270493044e-02 1.3977497540857995e+00 -8.0303966253426362e-01 -3.6076298657577194e-01 -4.7431779211177116e-01 1.6924334326712188e+01 0.0000000000000000e+00 0.0000000000000000e+00 0.0000000000000000e+00 1.0000000000000000e+00</transform>
    </camera>
    <camera id="96" label="DSC_0140.JPG" sensor_id="12" enabled="true">
      <transform>6.5338487037915249e-01 1.7980250763305106e-01 -7.3536335876115333e-01 6.9383282997624018e+00 3.2924950088830429e-01 -9.4219404310071275e-01 6.2170341082663907e-02 1.0665400520389670e-01 -6.8167659291222604e-01 -2.8273917909338081e-01 -6.7481521862001648e-01 1.9293601780681019e+01 0.0000000000000000e+00 0.0000000000000000e+00 0.0000000000000000e+00 1.0000000000000000e+00</transform>
    </camera>
    <camera id="97" label="DSC_0141.JPG" sensor_id="12" enabled="true">
      <transform>8.2605037639667556e-01 8.9510047159770234e-02 -5.5644292349922631e-01 4.9068425018492690e+00 2.0676343576370770e-01 -9.6659703417266118e-01 1.5145644641216979e-01 -9.6771946388508057e-01 -5.2429920587971268e-01 -2.4016270523557784e-01 -8.1696524878836296e-01 2.0999385189895939e+01 0.0000000000000000e+00 0.0000000000000000e+00 0.0000000000000000e+00 1.0000000000000000e+00</transform>
    </camera>
    <camera id="98" label="DSC_0142.JPG" sensor_id="12" enabled="true">
      <transform>9.0445574831475817e-01 3.0865990462107626e-02 -4.2544928014180905e-01 3.4224214936496384e+00 1.1931609403769856e-01 -9.7587310268670746e-01 1.8285337611377592e-01 -1.3540798163114423e+00 -4.0954055848472137e-01 -2.1614573344253643e-01 -8.8631684677129463e-01 2.1834294191514182e+01 0.0000000000000000e+00 0.0000000000000000e+00 0.0000000000000000e+00 1.0000000000000000e+00</transform>
    </camera>
    <camera id="99" label="DSC_0143.JPG" sensor_id="12" enabled="true">
      <transform>9.5493646982871128e-01 -2.5561957961045594e-02 -2.9570749888407893e-01 1.9667484344938049e+00 3.6081167053688676e-02 -9.7889834660518005e-01 2.0113720788976050e-01 -1.5981866672167055e+00 -2.9460904258885817e-01 -2.0274272691971632e-01 -9.3386342615290041e-01 2.2411377359016964e+01 0.0000000000000000e+00 0.0000000000000000e+00 0.0000000000000000e+00 1.0000000000000000e+00</transform>
    </camera>
    <camera id="100" label="DSC_0145.JPG" sensor_id="12" enabled="true">
      <transform>9.8391063654167232e-01 -7.4889292576793859e-02 -1.6220805515605469e-01 6.5848280612664933e-01 -4.2019248175190191e-02 -9.7943893858083797e-01 1.9731636621028978e-01 -1.5957617034637566e+00 -1.7364976845062041e-01 -1.8732581095243864e-01 -9.6682718128322043e-01 2.2782454604522318e+01 0.0000000000000000e+00 0.0000000000000000e+00 0.0000000000000000e+00 1.0000000000000000e+00</transform>
    </camera>
    <camera id="101" label="DSC_0147.JPG" sensor_id="12" enabled="true">
      <transform>9.7708073089607828e-01 -1.8530597743470420e-01 1.0476134801802664e-01 -2.8302439007985867e+00 -2.0053876678949731e-01 -9.6636012403794025e-01 1.6103513183130111e-01 -1.2064281564862045e+00 7.1396416759756332e-02 -1.7835303584841442e-01 -9.8137288849729365e-01 2.3121652869510648e+01 0.0000000000000000e+00 0.0000000000000000e+00 0.0000000000000000e+00 1.0000000000000000e+00</transform>
    </camera>
    <camera id="102" label="DSC_0149.JPG" sensor_id="12" enabled="true">
      <transform>8.9077242315787331e-01 -2.8533980499105532e-01 3.5370282134740966e-01 -5.7525220399910699e+00 -3.3590984282285180e-01 -9.3762673997846879e-01 8.9558215547631770e-02 -4.2719288418311596e-01 3.0608669954145035e-01 -1.9858824780186668e-01 -9.3106049223388621e-01 2.2609946718409407e+01 0.0000000000000000e+00 0.0000000000000000e+00 0.0000000000000000e+00 1.0000000000000000e+00</transform>
    </camera>
    <camera id="103" label="DSC_0151.JPG" sensor_id="12" enabled="true">
      <transform>7.5874993686220582e-01 -3.5947836595227839e-01 5.4320699344161538e-01 -8.0378306249781186e+00 -4.3206549332197614e-01 -9.0181725522392120e-01 6.7117554209377844e-03 5.6615928094847956e-01 4.8746070897256610e-01 -2.3979354159917005e-01 -8.3957198298614655e-01 2.1612572152833923e+01 0.0000000000000000e+00 0.0000000000000000e+00 0.0000000000000000e+00 1.0000000000000000e+00</transform>
    </camera>
    <camera id="104" label="DSC_0152.JPG" sensor_id="12" enabled="true">
      <transform>6.8758866018557740e-01 -3.8773364127407306e-01 6.1390916087687752e-01 -8.8868866957264121e+00 -4.6512078715897154e-01 -8.8444595162286022e-01 -3.7656500243009899e-02 1.0550888173591171e+00 5.5757016395860182e-01 -2.5964972960178778e-01 -7.8847798332033125e-01 2.1022028225233012e+01 0.0000000000000000e+00 0.0000000000000000e+00 0.0000000000000000e+00 1.0000000000000000e+00</transform>
    </camera>
    <camera id="105" label="DSC_0153.JPG" sensor_id="12" enabled="true">
      <transform>6.2462778566376687e-01 -4.0712978876888384e-01 6.6639737730110016e-01 -9.5432197961869161e+00 -4.8835010391859313e-01 -8.6954681864914574e-01 -7.3501742699400630e-02 1.4868214928156578e+00 6.0938846836765792e-01 -2.7952399767131547e-01 -7.4196497851742749e-01 2.0525882800527992e+01 0.0000000000000000e+00 0.0000000000000000e+00 0.0000000000000000e+00 1.0000000000000000e+00</transform>
    </camera>
    <camera id="106" label="DSC_0154.JPG" sensor_id="12" enabled="true">
      <transform>6.2396177213286153e-01 -4.0786491790910501e-01 6.6657176332021284e-01 -9.5181060585656780e+00 -4.8748705649043106e-01 -8.6982439230550734e-01 -7.5907155819792238e-02 1.4744607290705913e+00 6.1076024483516789e-01 -2.7758194337772396e-01 -7.4156603754455475e-01 2.0485257747846887e+01 0.0000000000000000e+00 0.0000000000000000e+00 0.0000000000000000e+00 1.0000000000000000e+00</transform>
    </camera>
    <camera id="107" label="DSC_0155.JPG" sensor_id="12" enabled="true">
      <transform>5.1147949018391503e-01 -4.3781391789359286e-01 7.3939685177843750e-01 -1.0403180965348890e+01 -5.2018667147900433e-01 -8.4264708900925955e-01 -1.3911042448291061e-01 2.2092870141646483e+00 6.8395508473641509e-01 -3.1347225823489300e-01 -6.5874166816766622e-01 1.9524451800711876e+01 0.0000000000000000e+00 0.0000000000000000e+00 0.0000000000000000e+00 1.0000000000000000e+00</transform>
    </camera>
    <camera id="108" label="DSC_0156.JPG" sensor_id="12" enabled="true">
      <transform>5.1327115472036366e-01 -4.3449370832476303e-01 7.4011346370554598e-01 -1.0434761989977433e+01 -5.2051332200705314e-01 -8.4326206382594615e-01 -1.3407077729761907e-01 2.2219079739394449e+00 6.8236251607573406e-01 -3.1642425497771465e-01 -6.5898185674310628e-01 1.9556470432501801e+01 0.0000000000000000e+00 0.0000000000000000e+00 0.0000000000000000e+00 1.0000000000000000e+00</transform>
    </camera>
    <camera id="109" label="DSC_0157.JPG" sensor_id="12" enabled="true">
      <transform>3.9833558949002346e-01 -4.5497793079903870e-01 7.9644449940435935e-01 -1.1112048020161987e+01 -5.4033209765344836e-01 -8.1804781321698050e-01 -1.9707612624653625e-01 2.9581885739690583e+00 7.4119496921596806e-01 -3.5184209210488382e-01 -5.7169673764348050e-01 1.8511743741533952e+01 0.0000000000000000e+00 0.0000000000000000e+00 0.0000000000000000e+00 1.0000000000000000e+00</transform>
    </camera>
    <camera id="110" label="DSC_0158.JPG" sensor_id="12" enabled="true">
      <transform>2.7882493864617930e-01 -4.7097949358727692e-01 8.3691993058429826e-01 -1.1644233163103314e+01 -5.5202391239692439e-01 -7.9171852400009579e-01 -2.6163214423518871e-01 3.7074447237432242e+00 7.8582838694650570e-01 -3.8905024787986192e-01 -4.8074281158814114e-01 1.7472098471385276e+01 0.0000000000000000e+00 0.0000000000000000e+00 0.0000000000000000e+00 1.0000000000000000e+00</transform>
    </camera>
    <camera id="111" label="DSC_0159.JPG" sensor_id="12" enabled="true">
      <transform>1.4205826987562409e-01 -4.8085425692659456e-01 8.6521594504234456e-01 -1.1985607005335359e+01 -5.5422053512615155e-01 -7.6286723907601184e-01 -3.3297623637284590e-01 4.4969635933938621e+00 8.2015793991427477e-01 -4.3221841601222377e-01 -3.7487090371947707e-01 1.6261578138841653e+01 0.0000000000000000e+00 0.0000000000000000e+00 0.0000000000000000e+00 1.0000000000000000e+00</transform>
    </camera>
    <camera id="112" label="DSC_0160.JPG" sensor_id="12" enabled="true">
      <transform>1.1868057662413833e-02 -4.8208441806115332e-01 8.7604438418949993e-01 -1.2125622764902117e+01 -5.4612455944176574e-01 -7.3702062893564757e-01 -3.9818156423651707e-01 5.2309493572913635e+00 8.3761991068852837e-01 -4.7370371160245461e-01 -2.7202514374998477e-01 1.5084474197301173e+01 0.0000000000000000e+00 0.0000000000000000e+00 0.0000000000000000e+00 1.0000000000000000e+00</transform>
    </camera>
    <camera id="113" label="DSC_0161.JPG" sensor_id="12" enabled="true">
      <transform>-1.0499498981140698e-01 -4.7904865121176771e-01 8.7148634061968433e-01 -1.2094038289475712e+01 -5.3051257516506889e-01 -7.1424047146158798e-01 -4.5652706000636534e-01 5.8839225469786269e+00 8.4114948713426052e-01 -5.1026751679733096e-01 -1.7914966255970410e-01 1.4008611523117047e+01 0.0000000000000000e+00 0.0000000000000000e+00 0.0000000000000000e+00 1.0000000000000000e+00</transform>
    </camera>
    <camera id="114" label="DSC_0162.JPG" sensor_id="12" enabled="true">
      <transform>-2.1226312217564203e-01 -4.7213529076668564e-01 8.5558905683564324e-01 -1.1946960304391306e+01 -5.0976279618851239e-01 -6.9347854417341204e-01 -5.0914575554863883e-01 6.4804662921330216e+00 8.3371833288366504e-01 -5.4422033771605982e-01 -9.3477085052434683e-02 1.3016090742256686e+01 0.0000000000000000e+00 0.0000000000000000e+00 0.0000000000000000e+00 1.0000000000000000e+00</transform>
    </camera>
    <camera id="115" label="DSC_0163.JPG" sensor_id="12" enabled="true">
      <transform>-3.2376822670927274e-01 -4.5897609731966604e-01 8.2735426357923691e-01 -1.1663583857655325e+01 -4.8145445984467439e-01 -6.7284951505859647e-01 -5.6167173080108312e-01 7.1076581965799939e+00 8.1447881400881494e-01 -5.8018486034592465e-01 -3.1287946839405611e-03 1.1943310349462214e+01 0.0000000000000000e+00 0.0000000000000000e+00 0.0000000000000000e+00 1.0000000000000000e+00</transform>
    </camera>
    <camera id="116" label="DSC_0164.JPG" sensor_id="12" enabled="true">
      <transform>-3.9942994708818769e-01 -4.4439028007978998e-01 8.0185596982234486e-01 -1.1244557042236456e+01 -4.6428961778241551e-01 -6.5613778999655303e-01 -5.9491037254186252e-01 7.6925335463154472e+00 7.9050039101102665e-01 -6.0991842037197475e-01 5.5755289456417167e-02 1.0950104137381063e+01 0.0000000000000000e+00 0.0000000000000000e+00 0.0000000000000000e+00 1.0000000000000000e+00</transform>
    </camera>
    <camera id="117" label="DSC_0165.JPG" sensor_id="12" enabled="true">
      <transform>-5.0616739513729214e-01 -4.2135066168572638e-01 7.5250128770449853e-01 -1.0661913523758500e+01 -4.2504554673790756e-01 -6.3732813492314810e-01 -6.4276677857031062e-01 8.2489771883323026e+00 7.5042044968017851e-01 -6.4519490724306094e-01 1.4350149953716940e-01 9.9307946354428278e+00 0.0000000000000000e+00 0.0000000000000000e+00 0.0000000000000000e+00 1.0000000000000000e+00</transform>
    </camera>
    <camera id="118" label="DSC_0166.JPG" sensor_id="12" enabled="true">
      <transform>-5.9979915971586362e-01 -3.9666396198704745e-01 6.9490910863571353e-01 -9.9817145276005430e+00 -3.8087940341798709e-01 -6.2223200053137173e-01 -6.8392851787791764e-01 8.7378559597870673e+00 7.0368448047125631e-01 -6.7489631705578679e-01 2.2213309786799540e-01 9.0014101515667484e+00 0.0000000000000000e+00 0.0000000000000000e+00 0.0000000000000000e+00 1.0000000000000000e+00</transform>
    </camera>
    <camera id="119" label="DSC_0167.JPG" sensor_id="12" enabled="true">
      <transform>-6.6207806112965351e-01 -3.7155891775743560e-01 6.5084300073498680e-01 -9.1225173205693686e+00 -3.5173692464953582e-01 -6.1279495365928693e-01 -7.0764643757161605e-01 9.2242466793265088e+00 6.6176565097388185e-01 -6.9744269686092175e-01 2.7502710373066586e-01 8.0822531424209210e+00 0.0000000000000000e+00 0.0000000000000000e+00 0.0000000000000000e+00 1.0000000000000000e+00</transform>
    </camera>
    <camera id="120" label="DSC_0168.JPG" sensor_id="12" enabled="true">
      <transform>-7.3245182265477782e-01 -3.4517237212629709e-01 5.8683077714993714e-01 -8.3457443482829259e+00 -3.0759326953888338e-01 -6.0118568335697287e-01 -7.3753790049121515e-01 9.5276535839095420e+00 6.0737196842138996e-01 -7.2071617690136158e-01 3.3416685103195332e-01 7.4113729955250793e+00 0.0000000000000000e+00 0.0000000000000000e+00 0.0000000000000000e+00 1.0000000000000000e+00</transform>
    </camera>
    <camera id="121" label="DSC_0169.JPG" sensor_id="12" enabled="true">
      <transform>-8.3120440434023868e-01 -2.9556492487106467e-01 4.7089342041628801e-01 -6.9373063776562081e+00 -2.3025238742565823e-01 -5.8792364258921848e-01 -7.7545446582595001e-01 9.9389021040307544e+00 5.0604651593521877e-01 -7.5298550163372113e-01 4.2063019154506676e-01 6.4655941697816353e+00 0.0000000000000000e+00 0.0000000000000000e+00 0.0000000000000000e+00 1.0000000000000000e+00</transform>
    </camera>
    <camera id="122" label="DSC_0170.JPG" sensor_id="12" enabled="true">
      <transform>-9.1459102339359577e-01 -2.3466536633655583e-01 3.2932571380016057e-01 -5.1371840099777684e+00 -1.4105540715586501e-01 -5.7811036350769673e-01 -8.0367392623942469e-01 1.0231679637608567e+01 3.7898104443355524e-01 -7.8148613132104205e-01 4.9563373020096513e-01 5.6222591325371551e+00 0.0000000000000000e+00 0.0000000000000000e+00 0.0000000000000000e+00 1.0000000000000000e+00</transform>
    </camera>
    <camera id="123" label="DSC_0171.JPG" sensor_id="12" enabled="true">
      <transform>-9.1512790865855131e-01 -2.3491462706617727e-01 3.2765229861025730e-01 -5.1428347700599302e+00 -1.3955468103603369e-01 -5.7788606193208825e-01 -8.0409712748246642e-01 1.0235928192486574e+01 3.7823987335440618e-01 -7.8157713465465561e-01 4.9605622744791944e-01 5.6197848343307131e+00 0.0000000000000000e+00 0.0000000000000000e+00 0.0000000000000000e+00 1.0000000000000000e+00</transform>
    </camera>
    <camera id="124" label="DSC_0172.JPG" sensor_id="12" enabled="true">
      <transform>-9.7220577049715828e-01 -1.6609912317012276e-01 1.6500612441404455e-01 -3.2007360586529057e+00 -4.0396817967531515e-02 -5.7519361524603374e-01 -8.1701921769215191e-01 1.0311959402761365e+01 2.3061664491125722e-01 -8.0097652041886602e-01 5.5249667585204609e-01 5.0466198891891016e+00 0.0000000000000000e+00 0.0000000000000000e+00 0.0000000000000000e+00 1.0000000000000000e+00</transform>
    </camera>
    <camera id="125" label="DSC_0173.JPG" sensor_id="12" enabled="true">
      <transform>-9.9580019528853814e-01 -9.1282559119500201e-02 7.0331688380261478e-03 -9.9177225644851608e-01 4.7324304652982978e-02 -5.7897526760885976e-01 -8.1397054595750640e-01 1.0166402312102219e+01 7.8373345293032415e-02 -8.1021918879883636e-01 5.8086356818941121e-01 4.7851297645663573e+00 0.0000000000000000e+00 0.0000000000000000e+00 0.0000000000000000e+00 1.0000000000000000e+00</transform>
    </camera>
    <camera id="126" label="DSC_0174.JPG" sensor_id="12" enabled="true">
      <transform>-9.9237255775993027e-01 -5.2346307895652623e-02 -1.1160900794607628e-01 -1.4387798162741031e-01 1.2110403677313331e-01 -5.8313200260893328e-01 -8.0329999365775318e-01 1.0040580969467937e+01 -2.3032995512207270e-02 -8.1068917075719482e-01 5.8502354613703023e-01 4.7903532738138068e+00 0.0000000000000000e+00 0.0000000000000000e+00 0.0000000000000000e+00 1.0000000000000000e+00</transform>
    </camera>
    <camera id="127" label="DSC_0175.JPG" sensor_id="12" enabled="true">
      <transform>-9.7554302060281950e-01 -9.2353386339315280e-04 -2.1980664693846283e-01 1.5647255602294288e+00 1.7710172152954595e-01 -5.9560899353774477e-01 -7.8350807720675475e-01 9.7013437909769404e+00 -1.3019521951438176e-01 -8.0327397188142358e-01 5.8120575609111469e-01 4.9685664680728321e+00 0.0000000000000000e+00 0.0000000000000000e+00 0.0000000000000000e+00 1.0000000000000000e+00</transform>
    </camera>
    <camera id="128" label="DSC_0177.JPG" sensor_id="12" enabled="true">
      <transform>-8.3866115564128452e-01 1.2324043567282381e-01 -5.3052734239961441e-01 5.0253465129865322e+00 3.4086145663080791e-01 -6.4096717770079514e-01 -6.8773144794592689e-01 8.4387453761173177e+00 -4.2480693662174224e-01 -7.5760997361798887e-01 4.9554635955942772e-01 6.2255269212512419e+00 0.0000000000000000e+00 0.0000000000000000e+00 0.0000000000000000e+00 1.0000000000000000e+00</transform>
    </camera>
    <camera id="129" label="DSC_0178.JPG" sensor_id="12" enabled="true">
      <transform>-7.1338260254508401e-01 1.7779316521188138e-01 -6.7784574409665166e-01 6.6245983665362616e+00 4.1274974489187055e-01 -6.7509541108862403e-01 -6.1146041083522118e-01 7.5014310727511821e+00 -5.6632403310975477e-01 -7.1598587718684958e-01 4.0821723774392393e-01 7.3848278041472968e+00 0.0000000000000000e+00 0.0000000000000000e+00 0.0000000000000000e+00 1.0000000000000000e+00</transform>
    </camera>
    <camera id="130" label="DSC_0179.JPG" sensor_id="12" enabled="true">
      <transform>-5.8381533073476155e-01 2.1591269815016340e-01 -7.8265021968729920e-01 7.6905440783361874e+00 4.6066341294027374e-01 -7.0569662834047664e-01 -5.3831355985810181e-01 6.6690890566439691e+00 -6.6854235436304255e-01 -6.7481403032717069e-01 3.1253343004600431e-01 8.5368325850366382e+00 0.0000000000000000e+00 0.0000000000000000e+00 0.0000000000000000e+00 1.0000000000000000e+00</transform>
    </camera>
    <camera id="131" label="DSC_0180.JPG" sensor_id="12" enabled="true">
      <transform>-4.0154642744750080e-01 2.5265800265457439e-01 -8.8029790429078614e-01 8.7019784544826688e+00 4.9774534229876455e-01 -7.4663743862883380e-01 -4.4134126190246503e-01 5.5244000130416246e+00 -7.6877177421132914e-01 -6.1538318869820907e-01 1.7405025206413771e-01 1.0208147305794084e+01 0.0000000000000000e+00 0.0000000000000000e+00 0.0000000000000000e+00 1.0000000000000000e+00</transform>
    </camera>
    <camera id="0" label="DSC_0182.JPG" sensor_id="7" enabled="true">
      <transform>9.5401324010126198e-01 6.0211871254888839e-02 -2.9365501574377462e-01 2.2268141568224071e+00 -5.6955885240059644e-02 9.9818360280751373e-01 1.9634719828225504e-02 -1.4481313214383965e-01 2.9430386482004101e-01 -2.0064013049355643e-03 9.5570979355962993e-01 4.0948969451114492e-01 0.0000000000000000e+00 0.0000000000000000e+00 0.0000000000000000e+00 1.0000000000000000e+00</transform>
      <orientation>1</orientation>
    </camera>
    <camera id="1" label="DSC_0183.JPG" sensor_id="7" enabled="true">
      <transform>9.9351131628481149e-01 -1.7662810537351862e-02 -1.1235341355714495e-01 8.3907108421040599e-02 1.9661750633836916e-02 9.9966706764434432e-01 1.6708364054289122e-02 -9.1787175923979600e-02 1.1202089080182343e-01 -1.8809013564763551e-02 9.9352782599818834e-01 -1.7025433731275807e-02 0.0000000000000000e+00 0.0000000000000000e+00 0.0000000000000000e+00 1.0000000000000000e+00</transform>
      <orientation>1</orientation>
    </camera>
    <camera id="2" label="DSC_0184.JPG" sensor_id="7" enabled="true">
      <transform>9.9407791542752144e-01 -8.9713618850026253e-02 6.1323442924428484e-02 -1.8698538473791666e+00 8.8300678299969529e-02 9.9577046647030132e-01 2.5380471179310641e-02 -1.4701706932812827e-01 -6.3341047284037805e-02 -1.9815264276580907e-02 9.9779520295029012e-01 -9.3528470342644360e-02 0.0000000000000000e+00 0.0000000000000000e+00 0.0000000000000000e+00 1.0000000000000000e+00</transform>
      <orientation>1</orientation>
    </camera>
    <camera id="3" label="DSC_0185.JPG" sensor_id="7" enabled="true">
      <transform>9.6200893444259450e-01 -1.5442330474945032e-01 2.2514940151570964e-01 -3.7813005925926166e+00 1.4868655430330457e-01 9.8797826068000860e-01 4.2323338633849156e-02 -3.4290649779813126e-01 -2.2897842392250475e-01 -7.2387411863802202e-03 9.7340458289654785e-01 1.3583493105735114e-01 0.0000000000000000e+00 0.0000000000000000e+00 0.0000000000000000e+00 1.0000000000000000e+00</transform>
      <orientation>1</orientation>
    </camera>
    <camera id="4" label="DSC_0186.JPG" sensor_id="7" enabled="true">
      <transform>8.8381125411785866e-01 -2.2867061152968288e-01 4.0815122015897332e-01 -5.9530944548395039e+00 2.1655120881025569e-01 9.7327969373250034e-01 7.6368918617375020e-02 -7.2576932060149679e-01 -4.1470862187496760e-01 2.0889930363959551e-02 9.0971444407129975e-01 8.2776774246777962e-01 0.0000000000000000e+00 0.0000000000000000e+00 0.0000000000000000e+00 1.0000000000000000e+00</transform>
      <orientation>1</orientation>
    </camera>
    <camera id="5" label="DSC_0187.JPG" sensor_id="7" enabled="true">
      <transform>7.7536674985205656e-01 -2.8968570906287444e-01 5.6114935016321477e-01 -7.7682505410994809e+00 2.7121819453719326e-01 9.5521279294108941e-01 1.1836051349022073e-01 -1.1981147762975257e+00 -5.7030438730194222e-01 6.0421106961253385e-02 8.1920827367509730e-01 1.8426709400657884e+00 0.0000000000000000e+00 0.0000000000000000e+00 0.0000000000000000e+00 1.0000000000000000e+00</transform>
      <orientation>1</orientation>
    </camera>
    <camera id="6" label="DSC_0188.JPG" sensor_id="7" enabled="true">
      <transform>6.3345271791768853e-01 -3.4613127682601075e-01 6.9204825941944892e-01 -9.4867672840819299e+00 3.1893919547356975e-01 9.3165885653244440e-01 1.7403897447218630e-01 -1.9225520259900266e+00 -7.0499322248753959e-01 1.1047585368510969e-01 7.0055666580168996e-01 3.3492534737901893e+00 0.0000000000000000e+00 0.0000000000000000e+00 0.0000000000000000e+00 1.0000000000000000e+00</transform>
      <orientation>1</orientation>
    </camera>
    <camera id="7" label="DSC_0189.JPG" sensor_id="7" enabled="true">
      <transform>4.9511850989282580e-01 -3.7889935499466021e-01 7.8185224943472409e-01 -1.0538078544435612e+01 3.4539285456359536e-01 9.1156896480140226e-01 2.2303766145499029e-01 -2.4964428390234348e+00 -7.9722107170967249e-01 1.5961610568965220e-01 5.8220379733092686e-01 4.7353702054457152e+00 0.0000000000000000e+00 0.0000000000000000e+00 0.0000000000000000e+00 1.0000000000000000e+00</transform>
      <orientation>1</orientation>
    </camera>
    <camera id="8" label="DSC_0190.JPG" sensor_id="7" enabled="true">
      <transform>3.1851615554069579e-01 -4.0564856801483901e-01 8.5673607250254480e-01 -1.1422470846633876e+01 3.6608241491025867e-01 8.8632853941677969e-01 2.8355843438132972e-01 -3.1946704273487643e+00 -8.7437470466216505e-01 2.2331806797218218e-01 4.3081076630479331e-01 6.5047088749794026e+00 0.0000000000000000e+00 0.0000000000000000e+00 0.0000000000000000e+00 1.0000000000000000e+00</transform>
      <orientation>1</orientation>
    </camera>
    <camera id="9" label="DSC_0191.JPG" sensor_id="7" enabled="true">
      <transform>1.5780953066620934e-01 -4.1708003025071066e-01 8.9506446717372101e-01 -1.1908216944083355e+01 3.7880955216257600e-01 8.6264396783086150e-01 3.3518458788467032e-01 -3.9161726330508539e+00 -9.1192076148166479e-01 2.8616364746608536e-01 2.9412733917065020e-01 8.3988328641373737e+00 0.0000000000000000e+00 0.0000000000000000e+00 0.0000000000000000e+00 1.0000000000000000e+00</transform>
      <orientation>1</orientation>
    </camera>
    <camera id="10" label="DSC_0192.JPG" sensor_id="7" enabled="true">
      <transform>-1.8712730054853546e-02 -4.1993078713244375e-01 9.0736319506150365e-01 -1.1995614090227699e+01 3.7618160771166548e-01 8.3787956077680081e-01 3.9553159121863074e-01 -4.6022510414027851e+00 -9.2635696777935495e-01 3.4873482139127082e-01 1.4229122459181232e-01 1.0168350286393231e+01 0.0000000000000000e+00 0.0000000000000000e+00 0.0000000000000000e+00 1.0000000000000000e+00</transform>
      <orientation>1</orientation>
    </camera>
    <camera id="11" label="DSC_0193.JPG" sensor_id="7" enabled="true">
      <transform>-2.1000425541902870e-01 -4.0693286482529140e-01 8.8899035778290669e-01 -1.1716277520269072e+01 3.6172004909520022e-01 8.1241040828108457e-01 4.5732694497386339e-01 -5.3000229191744870e+00 -9.0832638340437144e-01 4.1760624042468797e-01 -2.3413867042683417e-02 1.2095853446637646e+01 0.0000000000000000e+00 0.0000000000000000e+00 0.0000000000000000e+00 1.0000000000000000e+00</transform>
      <orientation>1</orientation>
    </camera>
    <camera id="12" label="DSC_0194.JPG" sensor_id="7" enabled="true">
      <transform>-3.9112320695910258e-01 -3.8789565814231819e-01 8.3460145900445493e-01 -1.1119751903722834e+01 3.3203133253258899e-01 7.8629823417566380e-01 5.2104729262214355e-01 -6.0811777707408705e+00 -8.5835763595057524e-01 4.8090752263462277e-01 -1.7874597472046569e-01 1.3907706634633366e+01 0.0000000000000000e+00 0.0000000000000000e+00 0.0000000000000000e+00 1.0000000000000000e+00</transform>
      <orientation>1</orientation>
    </camera>
    <camera id="13" label="DSC_0195.JPG" sensor_id="7" enabled="true">
      <transform>-6.1142585798829152e-01 -3.3345947776023827e-01 7.1760936231012962e-01 -9.6852697796106977e+00 2.7426199357272590e-01 7.6135562324758332e-01 5.8746742363368443e-01 -6.8488235990632900e+00 -7.4225250357597017e-01 5.5600574784902534e-01 -3.7405725403212076e-01 1.6136984296081710e+01 0.0000000000000000e+00 0.0000000000000000e+00 0.0000000000000000e+00 1.0000000000000000e+00</transform>
      <orientation>1</orientation>
    </camera>
    <camera id="14" label="DSC_0196.JPG" sensor_id="7" enabled="true">
      <transform>-7.8340655952777460e-01 -2.6853355460511957e-01 5.6050324935721341e-01 -7.7938048800172774e+00 2.0232279225905797e-01 7.4253036809321449e-01 6.3852497225390825e-01 -7.4624862608914029e+00 -5.8765606456613162e-01 6.1362723416622844e-01 -5.2737270242983891e-01 1.7917730198025904e+01 0.0000000000000000e+00 0.0000000000000000e+00 0.0000000000000000e+00 1.0000000000000000e+00</transform>
      <orientation>1</orientation>
    </camera>
    <camera id="15" label="DSC_0197.JPG" sensor_id="7" enabled="true">
      <transform>-9.0876078998476129e-01 -1.7931266019987618e-01 3.7682993044384949e-01 -5.6068287338542175e+00 1.3483450579043804e-01 7.2838854235468053e-01 6.7176617019218265e-01 -7.8004942496460385e+00 -3.9493478276105409e-01 6.6128443294732708e-01 -6.3775341324606893e-01 1.9124936518798410e+01 0.0000000000000000e+00 0.0000000000000000e+00 0.0000000000000000e+00 1.0000000000000000e+00</transform>
      <orientation>1</orientation>
    </camera>
    <camera id="16" label="DSC_0198.JPG" sensor_id="7" enabled="true">
      <transform>-9.7427142465898198e-01 -1.0462476621541758e-01 1.9962176581557101e-01 -3.5177474811843892e+00 6.3329190739889990e-02 7.2294949593073499e-01 6.8799232549042721e-01 -7.9519830905860251e+00 -2.1629749118560782e-01 6.8293314799317262e-01 -6.9772323358115806e-01 1.9771046408883318e+01 0.0000000000000000e+00 0.0000000000000000e+00 0.0000000000000000e+00 1.0000000000000000e+00</transform>
      <orientation>1</orientation>
    </camera>
    <camera id="17" label="DSC_0199.JPG" sensor_id="7" enabled="true">
      <transform>-9.9890720101299435e-01 -3.7016972874535092e-02 2.8533269766909165e-02 -1.5224481667314453e+00 -7.1516286293254738e-03 7.2436898843083064e-01 6.8937538598911607e-01 -7.9557283478335261e+00 -4.6187205721211280e-02 6.8841797791668724e-01 -7.2384213037703593e-01 2.0038171215609108e+01 0.0000000000000000e+00 0.0000000000000000e+00 0.0000000000000000e+00 1.0000000000000000e+00</transform>
      <orientation>1</orientation>
    </camera>
    <camera id="18" label="DSC_0200.JPG" sensor_id="7" enabled="true">
      <transform>-9.8657962477233441e-01 3.7935705659441585e-02 -1.5881286541146492e-01 6.5246571676135534e-01 -8.1080981425256146e-02 7.3042018396047514e-01 6.7816828981769917e-01 -7.8071060325174404e+00 1.4172691499922349e-01 6.8194371989136016e-01 -7.1754180677193791e-01 1.9914396042931312e+01 0.0000000000000000e+00 0.0000000000000000e+00 0.0000000000000000e+00 1.0000000000000000e+00</transform>
      <orientation>1</orientation>
    </camera>
    <camera id="19" label="DSC_0201.JPG" sensor_id="7" enabled="true">
      <transform>-9.4228271258159546e-01 1.0089672309568745e-01 -3.1925403809258635e-01 2.5067835101386033e+00 -1.4348541549250304e-01 7.3983073804881916e-01 6.5731454767035546e-01 -7.5506947036160339e+00 3.0251483453016681e-01 6.6518443330154109e-01 -6.8265250646466802e-01 1.9474494698888154e+01 0.0000000000000000e+00 0.0000000000000000e+00 0.0000000000000000e+00 1.0000000000000000e+00</transform>
      <orientation>1</orientation>
    </camera>
    <camera id="20" label="DSC_0202.JPG" sensor_id="7" enabled="true">
      <transform>-8.5265444034108284e-01 1.6823373805975578e-01 -4.9464918350794451e-01 4.5626132753219446e+00 -2.0859932995922764e-01 7.5839750911821291e-01 6.1751075918064069e-01 -7.0653057863814706e+00 4.7902685196885986e-01 6.2970677901840266e-01 -6.1155755865745998e-01 1.8578959170092642e+01 0.0000000000000000e+00 0.0000000000000000e+00 0.0000000000000000e+00 1.0000000000000000e+00</transform>
      <orientation>1</orientation>
    </camera>
    <camera id="21" label="DSC_0203.JPG" sensor_id="7" enabled="true">
      <transform>-7.5647060473387673e-01 2.1578459952008550e-01 -6.1740524032722544e-01 6.0430090769096028e+00 -2.4856709810718880e-01 7.7831413968434648e-01 5.7657739957961118e-01 -6.5701801505044193e+00 6.0495175172251048e-01 5.8963048308018451e-01 -5.3513481620101511e-01 1.7573651601274978e+01 0.0000000000000000e+00 0.0000000000000000e+00 0.0000000000000000e+00 1.0000000000000000e+00</transform>
      <orientation>1</orientation>
    </camera>
    <camera id="22" label="DSC_0204.JPG" sensor_id="7" enabled="true">
      <transform>-5.8429199473564430e-01 2.6989820553966593e-01 -7.6534817144506850e-01 7.9587836415925262e+00 -2.9460427374194964e-01 8.0820114566333945e-01 5.0992080761765779e-01 -5.6523146875002821e+00 7.5618197993658920e-01 5.2341748804843569e-01 -3.9271229471999680e-01 1.5487958167680080e+01 0.0000000000000000e+00 0.0000000000000000e+00 0.0000000000000000e+00 1.0000000000000000e+00</transform>
      <orientation>1</orientation>
    </camera>
    <camera id="23" label="DSC_0205.JPG" sensor_id="7" enabled="true">
      <transform>-3.8130139275462038e-01 3.0806510460515835e-01 -8.7161065803947102e-01 9.0076223462945020e+00 -3.2506472948029608e-01 8.3795081645003022e-01 4.3837352892097625e-01 -4.7738671369745820e+00 8.6541444957389568e-01 4.5048231989206955e-01 -2.1937071348147280e-01 1.3419265712738047e+01 0.0000000000000000e+00 0.0000000000000000e+00 0.0000000000000000e+00 1.0000000000000000e+00</transform>
      <orientation>1</orientation>
    </camera>
    <camera id="24" label="DSC_0206.JPG" sensor_id="7" enabled="true">
      <transform>-1.1877545425406458e-01 3.2944947883251829e-01 -9.3667253208563928e-01 9.5350307935661949e+00 -3.3903619455606859e-01 8.7319733491911500e-01 3.5011551389662104e-01 -3.7201308311048935e+00 9.3324533229354034e-01 3.5915102002797866e-01 7.9808874934006457e-03 1.0751167008938417e+01 0.0000000000000000e+00 0.0000000000000000e+00 0.0000000000000000e+00 1.0000000000000000e+00</transform>
      <orientation>1</orientation>
    </camera>
    <camera id="25" label="DSC_0207.JPG" sensor_id="7" enabled="true">
      <transform>9.5034977392155828e-02 3.2532545024912873e-01 -9.4081438365507264e-01 9.4002273190310479e+00 -3.2976717356897745e-01 9.0201785311850469e-01 2.7859900195767368e-01 -2.9090174195715743e+00 9.3926671627839586e-01 2.8377305029844818e-01 1.9300490049714819e-01 8.6040241967932705e+00 0.0000000000000000e+00 0.0000000000000000e+00 0.0000000000000000e+00 1.0000000000000000e+00</transform>
      <orientation>1</orientation>
    </camera>
    <camera id="26" label="DSC_0210.JPG" sensor_id="7" enabled="true">
      <transform>4.1424339053100817e-01 2.8677855141529202e-01 -8.6380580910846005e-01 8.2565941660244366e+00 -2.8715336091419924e-01 9.4177129723231601e-01 1.7495648323237431e-01 -1.7550372740999192e+00 8.6368128422297896e-01 1.7557017445314335e-01 4.7247196014730714e-01 5.4105013802766813e+00 0.0000000000000000e+00 0.0000000000000000e+00 0.0000000000000000e+00 1.0000000000000000e+00</transform>
      <orientation>1</orientation>
    </camera>
    <camera id="27" label="DSC_0211.JPG" sensor_id="7" enabled="true">
      <transform>6.2975599375320590e-01 2.3075166622354526e-01 -7.4172842527907046e-01 6.6689585914424194e+00 -2.2811963552065728e-01 9.6769501950118975e-01 1.0736750496548908e-01 -1.0058311631858157e+00 7.4254213363406818e-01 1.0158748824362876e-01 6.6205072465069925e-01 3.3026149556759830e+00 0.0000000000000000e+00 0.0000000000000000e+00 0.0000000000000000e+00 1.0000000000000000e+00</transform>
      <orientation>1</orientation>
    </camera>
    <camera id="28" label="DSC_0212.JPG" sensor_id="7" enabled="true">
      <transform>8.1822636196952969e-01 1.5022542416745033e-01 -5.5492156428797923e-01 4.3628052981499303e+00 -1.4672156055681085e-01 9.8785767671532310e-01 5.1088102552143258e-02 -4.2930110928269016e-01 5.5585825913256182e-01 3.9617325607792533e-02 8.3033250163160777e-01 1.4901411946260161e+00 0.0000000000000000e+00 0.0000000000000000e+00 0.0000000000000000e+00 1.0000000000000000e+00</transform>
      <orientation>1</orientation>
    </camera>
    <camera id="29" label="DSC_0214.JPG" sensor_id="7" enabled="true">
      <transform>9.7275504169001914e-01 1.6449333271835592e-02 -2.3125105037936833e-01 9.1909754479399264e-01 -1.2181925464635932e-02 9.9972836554762634e-01 1.9869469329743181e-02 -1.4777600481677469e-01 2.3151507414987715e-01 -1.6511043406872653e-02 9.7269119245883651e-01 1.2487701991968503e-01 0.0000000000000000e+00 0.0000000000000000e+00 0.0000000000000000e+00 1.0000000000000000e+00</transform>
      <orientation>1</orientation>
    </camera>
  </cameras>
  <markers next_id="50">
    <marker id="0" label="6"/>
    <marker id="15" label="6"/>
    <marker id="14" label="6"/>
    <marker id="16" label="8"/>
    <marker id="2" label="8"/>
    <marker id="17" label="8"/>
    <marker id="18" label="BL"/>
    <marker id="9" label="BL"/>
    <marker id="20" label="BR"/>
    <marker id="19" label="BR"/>
    <marker id="21" label="Centre6"/>
    <marker id="22" label="Centre6"/>
    <marker id="1" label="Centre6"/>
    <marker id="13" label="FrontR"/>
    <marker id="23" label="FrontR"/>
    <marker id="24" label="FrontR"/>
    <marker id="25" label="Hole"/>
    <marker id="5" label="LWB"/>
    <marker id="4" label="LWT"/>
    <marker id="11" label="LeftDip"/>
    <marker id="26" label="LeftDip"/>
    <marker id="27" label="LeftDip"/>
    <marker id="8" label="LeftSun"/>
    <marker id="28" label="LeftSun"/>
    <marker id="3" label="Middle6"/>
    <marker id="29" label="Middle6"/>
    <marker id="30" label="Middle6"/>
    <marker id="31" label="Notch"/>
    <marker id="33" label="RE"/>
    <marker id="32" label="RE"/>
    <marker id="34" label="RWB"/>
    <marker id="6" label="RWB"/>
    <marker id="35" label="RWT"/>
    <marker id="7" label="RWT"/>
    <marker id="37" label="RightDip"/>
    <marker id="12" label="RightDip"/>
    <marker id="36" label="RightDip"/>
    <marker id="38" label="RightPoint"/>
    <marker id="39" label="RightSun"/>
    <marker id="40" label="RightSun"/>
    <marker id="41" label="Scab"/>
    <marker id="42" label="Toe"/>
    <marker id="43" label="Toe2"/>
    <marker id="44" label="Tongue"/>
    <marker id="45" label="Tongue"/>
    <marker id="46" label="Triangle"/>
    <marker id="47" label="Triangle"/>
    <marker id="10" label="U"/>
    <marker id="48" label="shine"/>
    <marker id="49" label="shine"/>
  </markers>
  <frames next_id="1">
    <frame id="0" path="0/frame.zip"/>
  </frames>
  <transform>
    <rotation>-4.4511135224318998e-01 3.2733333205616560e-01 -8.3350391350565989e-01 4.2967458875367487e-01 -7.3857316053012101e-01 -5.1950883950507065e-01 -7.8565617917992547e-01 -5.8937473331451540e-01 1.8810048337748575e-01</rotation>
    <translation>1.2712074768720798e+01 8.3517994229770274e+00 8.2165711719940155e+00</translation>
    <scale>1.1144444120231802e+00</scale>
  </transform>
  <reference>LOCAL_CS["Local Coordinates (m)",LOCAL_DATUM["Local Datum",0],UNIT["metre",1,AUTHORITY["EPSG","9001"]]]</reference>
  <region>
    <center>-1.6959462323119450e+00 5.5437840563158236e-01 1.1297704471761540e+01</center>
    <size>5.4142041047414153e+00 2.9531327088673915e+00 8.1294085343678795e+00</size>
    <R>-7.2059761964253483e-02 3.8915209297694520e-01 9.1835071690357939e-01 -6.1445240566056292e-01 7.0795343933207078e-01 -3.4820994947852807e-01 -7.8565617917992736e-01 -5.8937473331451440e-01 1.8810048337748342e-01</R>
  </region>
  <settings>
    <property name="accuracy_tiepoints" value="1"/>
    <property name="accuracy_cameras" value="10"/>
    <property name="accuracy_cameras_ypr" value="2"/>
    <property name="accuracy_markers" value="0.0050000000000000001"/>
    <property name="accuracy_scalebars" value="0.001"/>
    <property name="accuracy_projections" value="0.10000000000000001"/>
  </settings>
</chunk>
