<?xml version="1.0" encoding="UTF-8"?>
<point_cloud version="1.2.0">
  <tracks path="tracks.ply" count="8199"/>
  <points path="points.ply" count="6967"/>
  <projections camera_id="0" path="p0.ply" count="581"/>
  <projections camera_id="1" path="p1.ply" count="582"/>
  <projections camera_id="2" path="p2.ply" count="608"/>
  <projections camera_id="3" path="p3.ply" count="621"/>
  <projections camera_id="4" path="p4.ply" count="647"/>
  <projections camera_id="5" path="p5.ply" count="612"/>
  <projections camera_id="6" path="p6.ply" count="582"/>
  <projections camera_id="7" path="p7.ply" count="553"/>
  <projections camera_id="8" path="p8.ply" count="446"/>
  <projections camera_id="9" path="p9.ply" count="329"/>
  <projections camera_id="10" path="p10.ply" count="469"/>
  <projections camera_id="11" path="p11.ply" count="378"/>
  <projections camera_id="12" path="p12.ply" count="486"/>
  <projections camera_id="13" path="p13.ply" count="509"/>
  <projections camera_id="14" path="p14.ply" count="574"/>
  <projections camera_id="15" path="p15.ply" count="575"/>
  <projections camera_id="16" path="p16.ply" count="590"/>
  <projections camera_id="17" path="p17.ply" count="600"/>
  <projections camera_id="18" path="p18.ply" count="580"/>
  <projections camera_id="19" path="p19.ply" count="572"/>
  <projections camera_id="20" path="p20.ply" count="509"/>
  <projections camera_id="21" path="p21.ply" count="474"/>
  <projections camera_id="22" path="p22.ply" count="479"/>
  <projections camera_id="23" path="p23.ply" count="271"/>
  <projections camera_id="24" path="p24.ply" count="172"/>
  <projections camera_id="25" path="p25.ply" count="303"/>
  <projections camera_id="26" path="p26.ply" count="331"/>
  <projections camera_id="28" path="p28.ply" count="187"/>
  <projections camera_id="54" path="p54.ply" count="358"/>
  <projections camera_id="55" path="p55.ply" count="898"/>
  <projections camera_id="56" path="p56.ply" count="884"/>
  <projections camera_id="57" path="p57.ply" count="642"/>
  <projections camera_id="58" path="p58.ply" count="492"/>
  <projections camera_id="59" path="p59.ply" count="473"/>
  <projections camera_id="60" path="p60.ply" count="434"/>
  <projections camera_id="61" path="p61.ply" count="552"/>
  <projections camera_id="62" path="p62.ply" count="602"/>
  <projections camera_id="63" path="p63.ply" count="596"/>
  <projections camera_id="64" path="p64.ply" count="629"/>
  <projections camera_id="65" path="p65.ply" count="611"/>
  <projections camera_id="66" path="p66.ply" count="566"/>
  <projections camera_id="67" path="p67.ply" count="525"/>
  <projections camera_id="68" path="p68.ply" count="481"/>
  <projections camera_id="69" path="p69.ply" count="404"/>
  <projections camera_id="70" path="p70.ply" count="492"/>
  <projections camera_id="71" path="p71.ply" count="555"/>
  <projections camera_id="72" path="p72.ply" count="589"/>
  <projections camera_id="73" path="p73.ply" count="587"/>
  <projections camera_id="74" path="p74.ply" count="583"/>
  <projections camera_id="75" path="p75.ply" count="547"/>
  <projections camera_id="76" path="p76.ply" count="570"/>
  <projections camera_id="77" path="p77.ply" count="592"/>
  <meta>
    <property name="match/duration" value="51.317114"/>
    <property name="match/match_downscale" value="2"/>
    <property name="match/match_filter_mask" value="true"/>
    <property name="match/match_point_limit" value="40000"/>
    <property name="match/match_select_pairs" value="1"/>
    <property name="match/match_tiepoint_limit" value="4000"/>
  </meta>
</point_cloud>
