<?xml version="1.0" encoding="UTF-8"?>
<frame>
  <cameras>
    <camera camera_id="177">
      <photo path="../../../images/DSC_0182.JPG">
        <meta>
          <property name="Exif/DateTime" value="2016:06:21 01:05:15"/>
          <property name="Exif/DateTimeOriginal" value="2016:06:21 01:05:15"/>
          <property name="Exif/ExposureTime" value="0.0333333333333333"/>
          <property name="Exif/FNumber" value="4.5"/>
          <property name="Exif/FocalLength" value="30"/>
          <property name="Exif/FocalLengthIn35mmFilm" value="45"/>
          <property name="Exif/ISOSpeedRatings" value="1000"/>
          <property name="Exif/Make" value="NIKON CORPORATION"/>
          <property name="Exif/Model" value="NIKON D3000"/>
          <property name="Exif/Orientation" value="1"/>
          <property name="Exif/Software" value="Ver.1.00 "/>
          <property name="File/ImageHeight" value="2592"/>
          <property name="File/ImageWidth" value="3872"/>
          <property name="System/FileModifyDate" value="2016:06:21 01:05:16"/>
          <property name="System/FileSize" value="2695387"/>
        </meta>
      </photo>
    </camera>
    <camera camera_id="178">
      <photo path="../../../images/DSC_0183.JPG">
        <meta>
          <property name="Exif/DateTime" value="2016:06:21 01:05:21"/>
          <property name="Exif/DateTimeOriginal" value="2016:06:21 01:05:21"/>
          <property name="Exif/ExposureTime" value="0.0333333333333333"/>
          <property name="Exif/FNumber" value="4.5"/>
          <property name="Exif/FocalLength" value="30"/>
          <property name="Exif/FocalLengthIn35mmFilm" value="45"/>
          <property name="Exif/ISOSpeedRatings" value="1100"/>
          <property name="Exif/Make" value="NIKON CORPORATION"/>
          <property name="Exif/Model" value="NIKON D3000"/>
          <property name="Exif/Orientation" value="1"/>
          <property name="Exif/Software" value="Ver.1.00 "/>
          <property name="File/ImageHeight" value="2592"/>
          <property name="File/ImageWidth" value="3872"/>
          <property name="System/FileModifyDate" value="2016:06:21 01:05:22"/>
          <property name="System/FileSize" value="2744266"/>
        </meta>
      </photo>
    </camera>
    <camera camera_id="179">
      <photo path="../../../images/DSC_0184.JPG">
        <meta>
          <property name="Exif/DateTime" value="2016:06:21 01:05:26"/>
          <property name="Exif/DateTimeOriginal" value="2016:06:21 01:05:26"/>
          <property name="Exif/ExposureTime" value="0.0333333333333333"/>
          <property name="Exif/FNumber" value="4.5"/>
          <property name="Exif/FocalLength" value="30"/>
          <property name="Exif/FocalLengthIn35mmFilm" value="45"/>
          <property name="Exif/ISOSpeedRatings" value="1100"/>
          <property name="Exif/Make" value="NIKON CORPORATION"/>
          <property name="Exif/Model" value="NIKON D3000"/>
          <property name="Exif/Orientation" value="1"/>
          <property name="Exif/Software" value="Ver.1.00 "/>
          <property name="File/ImageHeight" value="2592"/>
          <property name="File/ImageWidth" value="3872"/>
          <property name="System/FileModifyDate" value="2016:06:21 01:05:26"/>
          <property name="System/FileSize" value="2806566"/>
        </meta>
      </photo>
    </camera>
    <camera camera_id="180">
      <photo path="../../../images/DSC_0185.JPG">
        <meta>
          <property name="Exif/DateTime" value="2016:06:21 01:05:30"/>
          <property name="Exif/DateTimeOriginal" value="2016:06:21 01:05:30"/>
          <property name="Exif/ExposureTime" value="0.0333333333333333"/>
          <property name="Exif/FNumber" value="4.5"/>
          <property name="Exif/FocalLength" value="30"/>
          <property name="Exif/FocalLengthIn35mmFilm" value="45"/>
          <property name="Exif/ISOSpeedRatings" value="1100"/>
          <property name="Exif/Make" value="NIKON CORPORATION"/>
          <property name="Exif/Model" value="NIKON D3000"/>
          <property name="Exif/Orientation" value="1"/>
          <property name="Exif/Software" value="Ver.1.00 "/>
          <property name="File/ImageHeight" value="2592"/>
          <property name="File/ImageWidth" value="3872"/>
          <property name="System/FileModifyDate" value="2016:06:21 01:05:30"/>
          <property name="System/FileSize" value="2809325"/>
        </meta>
      </photo>
    </camera>
    <camera camera_id="181">
      <photo path="../../../images/DSC_0186.JPG">
        <meta>
          <property name="Exif/DateTime" value="2016:06:21 01:05:34"/>
          <property name="Exif/DateTimeOriginal" value="2016:06:21 01:05:34"/>
          <property name="Exif/ExposureTime" value="0.0333333333333333"/>
          <property name="Exif/FNumber" value="4.5"/>
          <property name="Exif/FocalLength" value="30"/>
          <property name="Exif/FocalLengthIn35mmFilm" value="45"/>
          <property name="Exif/ISOSpeedRatings" value="1100"/>
          <property name="Exif/Make" value="NIKON CORPORATION"/>
          <property name="Exif/Model" value="NIKON D3000"/>
          <property name="Exif/Orientation" value="1"/>
          <property name="Exif/Software" value="Ver.1.00 "/>
          <property name="File/ImageHeight" value="2592"/>
          <property name="File/ImageWidth" value="3872"/>
          <property name="System/FileModifyDate" value="2016:06:21 01:05:34"/>
          <property name="System/FileSize" value="2745516"/>
        </meta>
      </photo>
    </camera>
    <camera camera_id="182">
      <photo path="../../../images/DSC_0187.JPG">
        <meta>
          <property name="Exif/DateTime" value="2016:06:21 01:05:38"/>
          <property name="Exif/DateTimeOriginal" value="2016:06:21 01:05:38"/>
          <property name="Exif/ExposureTime" value="0.0333333333333333"/>
          <property name="Exif/FNumber" value="4.5"/>
          <property name="Exif/FocalLength" value="30"/>
          <property name="Exif/FocalLengthIn35mmFilm" value="45"/>
          <property name="Exif/ISOSpeedRatings" value="1100"/>
          <property name="Exif/Make" value="NIKON CORPORATION"/>
          <property name="Exif/Model" value="NIKON D3000"/>
          <property name="Exif/Orientation" value="1"/>
          <property name="Exif/Software" value="Ver.1.00 "/>
          <property name="File/ImageHeight" value="2592"/>
          <property name="File/ImageWidth" value="3872"/>
          <property name="System/FileModifyDate" value="2016:06:21 01:05:38"/>
          <property name="System/FileSize" value="2748057"/>
        </meta>
      </photo>
    </camera>
    <camera camera_id="183">
      <photo path="../../../images/DSC_0188.JPG">
        <meta>
          <property name="Exif/DateTime" value="2016:06:21 01:05:43"/>
          <property name="Exif/DateTimeOriginal" value="2016:06:21 01:05:43"/>
          <property name="Exif/ExposureTime" value="0.0333333333333333"/>
          <property name="Exif/FNumber" value="4.5"/>
          <property name="Exif/FocalLength" value="30"/>
          <property name="Exif/FocalLengthIn35mmFilm" value="45"/>
          <property name="Exif/ISOSpeedRatings" value="1250"/>
          <property name="Exif/Make" value="NIKON CORPORATION"/>
          <property name="Exif/Model" value="NIKON D3000"/>
          <property name="Exif/Orientation" value="1"/>
          <property name="Exif/Software" value="Ver.1.00 "/>
          <property name="File/ImageHeight" value="2592"/>
          <property name="File/ImageWidth" value="3872"/>
          <property name="System/FileModifyDate" value="2016:06:21 01:05:44"/>
          <property name="System/FileSize" value="2717582"/>
        </meta>
      </photo>
    </camera>
    <camera camera_id="184">
      <photo path="../../../images/DSC_0189.JPG">
        <meta>
          <property name="Exif/DateTime" value="2016:06:21 01:05:47"/>
          <property name="Exif/DateTimeOriginal" value="2016:06:21 01:05:47"/>
          <property name="Exif/ExposureTime" value="0.0333333333333333"/>
          <property name="Exif/FNumber" value="4.5"/>
          <property name="Exif/FocalLength" value="30"/>
          <property name="Exif/FocalLengthIn35mmFilm" value="45"/>
          <property name="Exif/ISOSpeedRatings" value="1250"/>
          <property name="Exif/Make" value="NIKON CORPORATION"/>
          <property name="Exif/Model" value="NIKON D3000"/>
          <property name="Exif/Orientation" value="1"/>
          <property name="Exif/Software" value="Ver.1.00 "/>
          <property name="File/ImageHeight" value="2592"/>
          <property name="File/ImageWidth" value="3872"/>
          <property name="System/FileModifyDate" value="2016:06:21 01:05:48"/>
          <property name="System/FileSize" value="2768663"/>
        </meta>
      </photo>
    </camera>
    <camera camera_id="185">
      <photo path="../../../images/DSC_0190.JPG">
        <meta>
          <property name="Exif/DateTime" value="2016:06:21 01:05:51"/>
          <property name="Exif/DateTimeOriginal" value="2016:06:21 01:05:51"/>
          <property name="Exif/ExposureTime" value="0.0333333333333333"/>
          <property name="Exif/FNumber" value="4.5"/>
          <property name="Exif/FocalLength" value="30"/>
          <property name="Exif/FocalLengthIn35mmFilm" value="45"/>
          <property name="Exif/ISOSpeedRatings" value="1100"/>
          <property name="Exif/Make" value="NIKON CORPORATION"/>
          <property name="Exif/Model" value="NIKON D3000"/>
          <property name="Exif/Orientation" value="1"/>
          <property name="Exif/Software" value="Ver.1.00 "/>
          <property name="File/ImageHeight" value="2592"/>
          <property name="File/ImageWidth" value="3872"/>
          <property name="System/FileModifyDate" value="2016:06:21 01:05:52"/>
          <property name="System/FileSize" value="2731725"/>
        </meta>
      </photo>
    </camera>
    <camera camera_id="186">
      <photo path="../../../images/DSC_0191.JPG">
        <meta>
          <property name="Exif/DateTime" value="2016:06:21 01:05:56"/>
          <property name="Exif/DateTimeOriginal" value="2016:06:21 01:05:56"/>
          <property name="Exif/ExposureTime" value="0.0333333333333333"/>
          <property name="Exif/FNumber" value="4.5"/>
          <property name="Exif/FocalLength" value="30"/>
          <property name="Exif/FocalLengthIn35mmFilm" value="45"/>
          <property name="Exif/ISOSpeedRatings" value="1100"/>
          <property name="Exif/Make" value="NIKON CORPORATION"/>
          <property name="Exif/Model" value="NIKON D3000"/>
          <property name="Exif/Orientation" value="1"/>
          <property name="Exif/Software" value="Ver.1.00 "/>
          <property name="File/ImageHeight" value="2592"/>
          <property name="File/ImageWidth" value="3872"/>
          <property name="System/FileModifyDate" value="2016:06:21 01:05:56"/>
          <property name="System/FileSize" value="2816839"/>
        </meta>
      </photo>
    </camera>
    <camera camera_id="187">
      <photo path="../../../images/DSC_0192.JPG">
        <meta>
          <property name="Exif/DateTime" value="2016:06:21 01:05:59"/>
          <property name="Exif/DateTimeOriginal" value="2016:06:21 01:05:59"/>
          <property name="Exif/ExposureTime" value="0.0333333333333333"/>
          <property name="Exif/FNumber" value="4.5"/>
          <property name="Exif/FocalLength" value="30"/>
          <property name="Exif/FocalLengthIn35mmFilm" value="45"/>
          <property name="Exif/ISOSpeedRatings" value="1100"/>
          <property name="Exif/Make" value="NIKON CORPORATION"/>
          <property name="Exif/Model" value="NIKON D3000"/>
          <property name="Exif/Orientation" value="1"/>
          <property name="Exif/Software" value="Ver.1.00 "/>
          <property name="File/ImageHeight" value="2592"/>
          <property name="File/ImageWidth" value="3872"/>
          <property name="System/FileModifyDate" value="2016:06:21 01:06:00"/>
          <property name="System/FileSize" value="2753686"/>
        </meta>
      </photo>
    </camera>
    <camera camera_id="188">
      <photo path="../../../images/DSC_0193.JPG">
        <meta>
          <property name="Exif/DateTime" value="2016:06:21 01:06:04"/>
          <property name="Exif/DateTimeOriginal" value="2016:06:21 01:06:04"/>
          <property name="Exif/ExposureTime" value="0.0333333333333333"/>
          <property name="Exif/FNumber" value="4.5"/>
          <property name="Exif/FocalLength" value="30"/>
          <property name="Exif/FocalLengthIn35mmFilm" value="45"/>
          <property name="Exif/ISOSpeedRatings" value="1100"/>
          <property name="Exif/Make" value="NIKON CORPORATION"/>
          <property name="Exif/Model" value="NIKON D3000"/>
          <property name="Exif/Orientation" value="1"/>
          <property name="Exif/Software" value="Ver.1.00 "/>
          <property name="File/ImageHeight" value="2592"/>
          <property name="File/ImageWidth" value="3872"/>
          <property name="System/FileModifyDate" value="2016:06:21 01:06:06"/>
          <property name="System/FileSize" value="2734225"/>
        </meta>
      </photo>
    </camera>
    <camera camera_id="189">
      <photo path="../../../images/DSC_0194.JPG">
        <meta>
          <property name="Exif/DateTime" value="2016:06:21 01:06:09"/>
          <property name="Exif/DateTimeOriginal" value="2016:06:21 01:06:09"/>
          <property name="Exif/ExposureTime" value="0.0333333333333333"/>
          <property name="Exif/FNumber" value="4.5"/>
          <property name="Exif/FocalLength" value="30"/>
          <property name="Exif/FocalLengthIn35mmFilm" value="45"/>
          <property name="Exif/ISOSpeedRatings" value="1100"/>
          <property name="Exif/Make" value="NIKON CORPORATION"/>
          <property name="Exif/Model" value="NIKON D3000"/>
          <property name="Exif/Orientation" value="1"/>
          <property name="Exif/Software" value="Ver.1.00 "/>
          <property name="File/ImageHeight" value="2592"/>
          <property name="File/ImageWidth" value="3872"/>
          <property name="System/FileModifyDate" value="2016:06:21 01:06:10"/>
          <property name="System/FileSize" value="2750946"/>
        </meta>
      </photo>
    </camera>
    <camera camera_id="190">
      <photo path="../../../images/DSC_0195.JPG">
        <meta>
          <property name="Exif/DateTime" value="2016:06:21 01:06:13"/>
          <property name="Exif/DateTimeOriginal" value="2016:06:21 01:06:13"/>
          <property name="Exif/ExposureTime" value="0.0333333333333333"/>
          <property name="Exif/FNumber" value="4.5"/>
          <property name="Exif/FocalLength" value="30"/>
          <property name="Exif/FocalLengthIn35mmFilm" value="45"/>
          <property name="Exif/ISOSpeedRatings" value="1000"/>
          <property name="Exif/Make" value="NIKON CORPORATION"/>
          <property name="Exif/Model" value="NIKON D3000"/>
          <property name="Exif/Orientation" value="1"/>
          <property name="Exif/Software" value="Ver.1.00 "/>
          <property name="File/ImageHeight" value="2592"/>
          <property name="File/ImageWidth" value="3872"/>
          <property name="System/FileModifyDate" value="2016:06:21 01:06:14"/>
          <property name="System/FileSize" value="2745642"/>
        </meta>
      </photo>
    </camera>
    <camera camera_id="191">
      <photo path="../../../images/DSC_0196.JPG">
        <meta>
          <property name="Exif/DateTime" value="2016:06:21 01:06:17"/>
          <property name="Exif/DateTimeOriginal" value="2016:06:21 01:06:17"/>
          <property name="Exif/ExposureTime" value="0.0333333333333333"/>
          <property name="Exif/FNumber" value="4.5"/>
          <property name="Exif/FocalLength" value="30"/>
          <property name="Exif/FocalLengthIn35mmFilm" value="45"/>
          <property name="Exif/ISOSpeedRatings" value="1000"/>
          <property name="Exif/Make" value="NIKON CORPORATION"/>
          <property name="Exif/Model" value="NIKON D3000"/>
          <property name="Exif/Orientation" value="1"/>
          <property name="Exif/Software" value="Ver.1.00 "/>
          <property name="File/ImageHeight" value="2592"/>
          <property name="File/ImageWidth" value="3872"/>
          <property name="System/FileModifyDate" value="2016:06:21 01:06:18"/>
          <property name="System/FileSize" value="2732187"/>
        </meta>
      </photo>
    </camera>
    <camera camera_id="192">
      <photo path="../../../images/DSC_0197.JPG">
        <meta>
          <property name="Exif/DateTime" value="2016:06:21 01:06:21"/>
          <property name="Exif/DateTimeOriginal" value="2016:06:21 01:06:21"/>
          <property name="Exif/ExposureTime" value="0.0333333333333333"/>
          <property name="Exif/FNumber" value="4.5"/>
          <property name="Exif/FocalLength" value="30"/>
          <property name="Exif/FocalLengthIn35mmFilm" value="45"/>
          <property name="Exif/ISOSpeedRatings" value="1000"/>
          <property name="Exif/Make" value="NIKON CORPORATION"/>
          <property name="Exif/Model" value="NIKON D3000"/>
          <property name="Exif/Orientation" value="1"/>
          <property name="Exif/Software" value="Ver.1.00 "/>
          <property name="File/ImageHeight" value="2592"/>
          <property name="File/ImageWidth" value="3872"/>
          <property name="System/FileModifyDate" value="2016:06:21 01:06:22"/>
          <property name="System/FileSize" value="2698089"/>
        </meta>
      </photo>
    </camera>
    <camera camera_id="193">
      <photo path="../../../images/DSC_0198.JPG">
        <meta>
          <property name="Exif/DateTime" value="2016:06:21 01:06:28"/>
          <property name="Exif/DateTimeOriginal" value="2016:06:21 01:06:28"/>
          <property name="Exif/ExposureTime" value="0.0333333333333333"/>
          <property name="Exif/FNumber" value="4.5"/>
          <property name="Exif/FocalLength" value="30"/>
          <property name="Exif/FocalLengthIn35mmFilm" value="45"/>
          <property name="Exif/ISOSpeedRatings" value="1100"/>
          <property name="Exif/Make" value="NIKON CORPORATION"/>
          <property name="Exif/Model" value="NIKON D3000"/>
          <property name="Exif/Orientation" value="1"/>
          <property name="Exif/Software" value="Ver.1.00 "/>
          <property name="File/ImageHeight" value="2592"/>
          <property name="File/ImageWidth" value="3872"/>
          <property name="System/FileModifyDate" value="2016:06:21 01:06:28"/>
          <property name="System/FileSize" value="2745375"/>
        </meta>
      </photo>
    </camera>
    <camera camera_id="194">
      <photo path="../../../images/DSC_0199.JPG">
        <meta>
          <property name="Exif/DateTime" value="2016:06:21 01:06:34"/>
          <property name="Exif/DateTimeOriginal" value="2016:06:21 01:06:34"/>
          <property name="Exif/ExposureTime" value="0.0333333333333333"/>
          <property name="Exif/FNumber" value="4.5"/>
          <property name="Exif/FocalLength" value="30"/>
          <property name="Exif/FocalLengthIn35mmFilm" value="45"/>
          <property name="Exif/ISOSpeedRatings" value="1100"/>
          <property name="Exif/Make" value="NIKON CORPORATION"/>
          <property name="Exif/Model" value="NIKON D3000"/>
          <property name="Exif/Orientation" value="1"/>
          <property name="Exif/Software" value="Ver.1.00 "/>
          <property name="File/ImageHeight" value="2592"/>
          <property name="File/ImageWidth" value="3872"/>
          <property name="System/FileModifyDate" value="2016:06:21 01:06:34"/>
          <property name="System/FileSize" value="2697269"/>
        </meta>
      </photo>
    </camera>
    <camera camera_id="195">
      <photo path="../../../images/DSC_0200.JPG">
        <meta>
          <property name="Exif/DateTime" value="2016:06:21 01:06:38"/>
          <property name="Exif/DateTimeOriginal" value="2016:06:21 01:06:38"/>
          <property name="Exif/ExposureTime" value="0.0333333333333333"/>
          <property name="Exif/FNumber" value="4.5"/>
          <property name="Exif/FocalLength" value="30"/>
          <property name="Exif/FocalLengthIn35mmFilm" value="45"/>
          <property name="Exif/ISOSpeedRatings" value="1100"/>
          <property name="Exif/Make" value="NIKON CORPORATION"/>
          <property name="Exif/Model" value="NIKON D3000"/>
          <property name="Exif/Orientation" value="1"/>
          <property name="Exif/Software" value="Ver.1.00 "/>
          <property name="File/ImageHeight" value="2592"/>
          <property name="File/ImageWidth" value="3872"/>
          <property name="System/FileModifyDate" value="2016:06:21 01:06:40"/>
          <property name="System/FileSize" value="2672665"/>
        </meta>
      </photo>
    </camera>
    <camera camera_id="196">
      <photo path="../../../images/DSC_0201.JPG">
        <meta>
          <property name="Exif/DateTime" value="2016:06:21 01:06:43"/>
          <property name="Exif/DateTimeOriginal" value="2016:06:21 01:06:43"/>
          <property name="Exif/ExposureTime" value="0.0333333333333333"/>
          <property name="Exif/FNumber" value="4.5"/>
          <property name="Exif/FocalLength" value="30"/>
          <property name="Exif/FocalLengthIn35mmFilm" value="45"/>
          <property name="Exif/ISOSpeedRatings" value="1100"/>
          <property name="Exif/Make" value="NIKON CORPORATION"/>
          <property name="Exif/Model" value="NIKON D3000"/>
          <property name="Exif/Orientation" value="1"/>
          <property name="Exif/Software" value="Ver.1.00 "/>
          <property name="File/ImageHeight" value="2592"/>
          <property name="File/ImageWidth" value="3872"/>
          <property name="System/FileModifyDate" value="2016:06:21 01:06:44"/>
          <property name="System/FileSize" value="2685816"/>
        </meta>
      </photo>
    </camera>
    <camera camera_id="197">
      <photo path="../../../images/DSC_0202.JPG">
        <meta>
          <property name="Exif/DateTime" value="2016:06:21 01:06:50"/>
          <property name="Exif/DateTimeOriginal" value="2016:06:21 01:06:50"/>
          <property name="Exif/ExposureTime" value="0.0333333333333333"/>
          <property name="Exif/FNumber" value="4.5"/>
          <property name="Exif/FocalLength" value="30"/>
          <property name="Exif/FocalLengthIn35mmFilm" value="45"/>
          <property name="Exif/ISOSpeedRatings" value="1100"/>
          <property name="Exif/Make" value="NIKON CORPORATION"/>
          <property name="Exif/Model" value="NIKON D3000"/>
          <property name="Exif/Orientation" value="1"/>
          <property name="Exif/Software" value="Ver.1.00 "/>
          <property name="File/ImageHeight" value="2592"/>
          <property name="File/ImageWidth" value="3872"/>
          <property name="System/FileModifyDate" value="2016:06:21 01:06:50"/>
          <property name="System/FileSize" value="2708393"/>
        </meta>
      </photo>
    </camera>
    <camera camera_id="198">
      <photo path="../../../images/DSC_0203.JPG">
        <meta>
          <property name="Exif/DateTime" value="2016:06:21 01:06:56"/>
          <property name="Exif/DateTimeOriginal" value="2016:06:21 01:06:56"/>
          <property name="Exif/ExposureTime" value="0.0333333333333333"/>
          <property name="Exif/FNumber" value="4.5"/>
          <property name="Exif/FocalLength" value="30"/>
          <property name="Exif/FocalLengthIn35mmFilm" value="45"/>
          <property name="Exif/ISOSpeedRatings" value="1100"/>
          <property name="Exif/Make" value="NIKON CORPORATION"/>
          <property name="Exif/Model" value="NIKON D3000"/>
          <property name="Exif/Orientation" value="1"/>
          <property name="Exif/Software" value="Ver.1.00 "/>
          <property name="File/ImageHeight" value="2592"/>
          <property name="File/ImageWidth" value="3872"/>
          <property name="System/FileModifyDate" value="2016:06:21 01:06:56"/>
          <property name="System/FileSize" value="2692532"/>
        </meta>
      </photo>
    </camera>
    <camera camera_id="199">
      <photo path="../../../images/DSC_0204.JPG">
        <meta>
          <property name="Exif/DateTime" value="2016:06:21 01:07:01"/>
          <property name="Exif/DateTimeOriginal" value="2016:06:21 01:07:01"/>
          <property name="Exif/ExposureTime" value="0.0333333333333333"/>
          <property name="Exif/FNumber" value="4.5"/>
          <property name="Exif/FocalLength" value="30"/>
          <property name="Exif/FocalLengthIn35mmFilm" value="45"/>
          <property name="Exif/ISOSpeedRatings" value="1100"/>
          <property name="Exif/Make" value="NIKON CORPORATION"/>
          <property name="Exif/Model" value="NIKON D3000"/>
          <property name="Exif/Orientation" value="1"/>
          <property name="Exif/Software" value="Ver.1.00 "/>
          <property name="File/ImageHeight" value="2592"/>
          <property name="File/ImageWidth" value="3872"/>
          <property name="System/FileModifyDate" value="2016:06:21 01:07:02"/>
          <property name="System/FileSize" value="2747612"/>
        </meta>
      </photo>
    </camera>
    <camera camera_id="200">
      <photo path="../../../images/DSC_0205.JPG">
        <meta>
          <property name="Exif/DateTime" value="2016:06:21 01:07:05"/>
          <property name="Exif/DateTimeOriginal" value="2016:06:21 01:07:05"/>
          <property name="Exif/ExposureTime" value="0.0333333333333333"/>
          <property name="Exif/FNumber" value="4.5"/>
          <property name="Exif/FocalLength" value="30"/>
          <property name="Exif/FocalLengthIn35mmFilm" value="45"/>
          <property name="Exif/ISOSpeedRatings" value="1100"/>
          <property name="Exif/Make" value="NIKON CORPORATION"/>
          <property name="Exif/Model" value="NIKON D3000"/>
          <property name="Exif/Orientation" value="1"/>
          <property name="Exif/Software" value="Ver.1.00 "/>
          <property name="File/ImageHeight" value="2592"/>
          <property name="File/ImageWidth" value="3872"/>
          <property name="System/FileModifyDate" value="2016:06:21 01:07:06"/>
          <property name="System/FileSize" value="2716733"/>
        </meta>
      </photo>
    </camera>
    <camera camera_id="201">
      <photo path="../../../images/DSC_0206.JPG">
        <meta>
          <property name="Exif/DateTime" value="2016:06:21 01:07:11"/>
          <property name="Exif/DateTimeOriginal" value="2016:06:21 01:07:11"/>
          <property name="Exif/ExposureTime" value="0.0333333333333333"/>
          <property name="Exif/FNumber" value="4.5"/>
          <property name="Exif/FocalLength" value="30"/>
          <property name="Exif/FocalLengthIn35mmFilm" value="45"/>
          <property name="Exif/ISOSpeedRatings" value="1100"/>
          <property name="Exif/Make" value="NIKON CORPORATION"/>
          <property name="Exif/Model" value="NIKON D3000"/>
          <property name="Exif/Orientation" value="1"/>
          <property name="Exif/Software" value="Ver.1.00 "/>
          <property name="File/ImageHeight" value="2592"/>
          <property name="File/ImageWidth" value="3872"/>
          <property name="System/FileModifyDate" value="2016:06:21 01:07:12"/>
          <property name="System/FileSize" value="2759433"/>
        </meta>
      </photo>
    </camera>
    <camera camera_id="202">
      <photo path="../../../images/DSC_0207.JPG">
        <meta>
          <property name="Exif/DateTime" value="2016:06:21 01:07:14"/>
          <property name="Exif/DateTimeOriginal" value="2016:06:21 01:07:14"/>
          <property name="Exif/ExposureTime" value="0.0333333333333333"/>
          <property name="Exif/FNumber" value="4.5"/>
          <property name="Exif/FocalLength" value="30"/>
          <property name="Exif/FocalLengthIn35mmFilm" value="45"/>
          <property name="Exif/ISOSpeedRatings" value="1100"/>
          <property name="Exif/Make" value="NIKON CORPORATION"/>
          <property name="Exif/Model" value="NIKON D3000"/>
          <property name="Exif/Orientation" value="1"/>
          <property name="Exif/Software" value="Ver.1.00 "/>
          <property name="File/ImageHeight" value="2592"/>
          <property name="File/ImageWidth" value="3872"/>
          <property name="System/FileModifyDate" value="2016:06:21 01:07:16"/>
          <property name="System/FileSize" value="2758763"/>
        </meta>
      </photo>
    </camera>
    <camera camera_id="205">
      <photo path="../../../images/DSC_0210.JPG">
        <meta>
          <property name="Exif/DateTime" value="2016:06:21 01:07:23"/>
          <property name="Exif/DateTimeOriginal" value="2016:06:21 01:07:23"/>
          <property name="Exif/ExposureTime" value="0.0333333333333333"/>
          <property name="Exif/FNumber" value="4.5"/>
          <property name="Exif/FocalLength" value="30"/>
          <property name="Exif/FocalLengthIn35mmFilm" value="45"/>
          <property name="Exif/ISOSpeedRatings" value="1000"/>
          <property name="Exif/Make" value="NIKON CORPORATION"/>
          <property name="Exif/Model" value="NIKON D3000"/>
          <property name="Exif/Orientation" value="1"/>
          <property name="Exif/Software" value="Ver.1.00 "/>
          <property name="File/ImageHeight" value="2592"/>
          <property name="File/ImageWidth" value="3872"/>
          <property name="System/FileModifyDate" value="2016:06:21 01:07:24"/>
          <property name="System/FileSize" value="2800183"/>
        </meta>
      </photo>
    </camera>
    <camera camera_id="206">
      <photo path="../../../images/DSC_0211.JPG">
        <meta>
          <property name="Exif/DateTime" value="2016:06:21 01:07:28"/>
          <property name="Exif/DateTimeOriginal" value="2016:06:21 01:07:28"/>
          <property name="Exif/ExposureTime" value="0.0333333333333333"/>
          <property name="Exif/FNumber" value="4.5"/>
          <property name="Exif/FocalLength" value="30"/>
          <property name="Exif/FocalLengthIn35mmFilm" value="45"/>
          <property name="Exif/ISOSpeedRatings" value="1000"/>
          <property name="Exif/Make" value="NIKON CORPORATION"/>
          <property name="Exif/Model" value="NIKON D3000"/>
          <property name="Exif/Orientation" value="1"/>
          <property name="Exif/Software" value="Ver.1.00 "/>
          <property name="File/ImageHeight" value="2592"/>
          <property name="File/ImageWidth" value="3872"/>
          <property name="System/FileModifyDate" value="2016:06:21 01:07:28"/>
          <property name="System/FileSize" value="2806705"/>
        </meta>
      </photo>
    </camera>
    <camera camera_id="207">
      <photo path="../../../images/DSC_0212.JPG">
        <meta>
          <property name="Exif/DateTime" value="2016:06:21 01:07:32"/>
          <property name="Exif/DateTimeOriginal" value="2016:06:21 01:07:32"/>
          <property name="Exif/ExposureTime" value="0.0333333333333333"/>
          <property name="Exif/FNumber" value="4.5"/>
          <property name="Exif/FocalLength" value="30"/>
          <property name="Exif/FocalLengthIn35mmFilm" value="45"/>
          <property name="Exif/ISOSpeedRatings" value="1000"/>
          <property name="Exif/Make" value="NIKON CORPORATION"/>
          <property name="Exif/Model" value="NIKON D3000"/>
          <property name="Exif/Orientation" value="1"/>
          <property name="Exif/Software" value="Ver.1.00 "/>
          <property name="File/ImageHeight" value="2592"/>
          <property name="File/ImageWidth" value="3872"/>
          <property name="System/FileModifyDate" value="2016:06:21 01:07:32"/>
          <property name="System/FileSize" value="2810460"/>
        </meta>
      </photo>
    </camera>
    <camera camera_id="209">
      <photo path="../../../images/DSC_0214.JPG">
        <meta>
          <property name="Exif/DateTime" value="2016:06:21 01:07:41"/>
          <property name="Exif/DateTimeOriginal" value="2016:06:21 01:07:41"/>
          <property name="Exif/ExposureTime" value="0.0333333333333333"/>
          <property name="Exif/FNumber" value="4.5"/>
          <property name="Exif/FocalLength" value="30"/>
          <property name="Exif/FocalLengthIn35mmFilm" value="45"/>
          <property name="Exif/ISOSpeedRatings" value="1100"/>
          <property name="Exif/Make" value="NIKON CORPORATION"/>
          <property name="Exif/Model" value="NIKON D3000"/>
          <property name="Exif/Orientation" value="1"/>
          <property name="Exif/Software" value="Ver.1.00 "/>
          <property name="File/ImageHeight" value="2592"/>
          <property name="File/ImageWidth" value="3872"/>
          <property name="System/FileModifyDate" value="2016:06:21 01:07:42"/>
          <property name="System/FileSize" value="2796658"/>
        </meta>
      </photo>
    </camera>
  </cameras>
  <markers>
    <marker marker_id="28">
      <location camera_id="178" pinned="true" x="1618.2223" y="1695.8499"/>
      <location camera_id="179" pinned="true" x="1685.5842" y="1700.6614"/>
    </marker>
    <marker marker_id="29">
      <location camera_id="178" pinned="true" x="1639.3932" y="1746.8525"/>
      <location camera_id="179" pinned="true" x="1705.7928" y="1750.7018"/>
    </marker>
    <marker marker_id="30">
      <location camera_id="178" pinned="true" x="1676.9235" y="1793.0436"/>
      <location camera_id="179" pinned="true" x="1738.5115" y="1794.0059"/>
    </marker>
    <marker marker_id="31">
      <location camera_id="178" pinned="true" x="1600.9006" y="1751.6641"/>
      <location camera_id="179" pinned="true" x="1659.6018" y="1759.3625"/>
    </marker>
    <marker marker_id="32">
      <location camera_id="193" pinned="true" x="1817.1741" y="1047.0398"/>
      <location camera_id="194" pinned="true" x="1702.5634" y="1061.7216"/>
    </marker>
    <marker marker_id="33">
      <location camera_id="194" pinned="true" x="1741.5931" y="1029.1967"/>
      <location camera_id="195" pinned="true" x="1624.5037" y="1053.9156"/>
    </marker>
    <marker marker_id="34">
      <location camera_id="197" pinned="true" x="1439.7621" y="1483.8945"/>
      <location camera_id="198" pinned="true" x="1452.1216" y="1539.1869"/>
    </marker>
    <marker marker_id="35">
      <location camera_id="197" pinned="true" x="1403.9847" y="1452.0201"/>
      <location camera_id="198" pinned="true" x="1414.3927" y="1508.6135"/>
    </marker>
    <marker marker_id="36">
      <location camera_id="177" pinned="true" x="2002.7278" y="1708.9697"/>
      <location camera_id="178" pinned="true" x="2241.7786" y="1682.8049"/>
    </marker>
    <marker marker_id="37">
      <location camera_id="177" pinned="true" x="1188.052" y="1072.6902"/>
      <location camera_id="178" pinned="true" x="1065.5533" y="1121.4519"/>
    </marker>
    <marker marker_id="38">
      <location camera_id="199" pinned="true" x="1942.97" y="1269.8633"/>
      <location camera_id="200" pinned="true" x="1962.2236" y="1283.2338"/>
    </marker>
    <marker marker_id="39">
      <location camera_id="177" pinned="true" x="2787.1882" y="1890.6671"/>
      <location camera_id="178" pinned="true" x="3059.8171" y="1776.084"/>
    </marker>
    <marker marker_id="40">
      <location camera_id="177" pinned="true" x="2824.7241" y="2074.3953"/>
      <location camera_id="178" pinned="true" x="3077.5972" y="1971.6655"/>
    </marker>
    <marker marker_id="41">
      <location camera_id="192" pinned="true" x="2324.6123" y="2048.1689"/>
      <location camera_id="193" pinned="true" x="2569.7563" y="2011.9543"/>
    </marker>
  </markers>
  <masks path="masks/masks.zip"/>
  <thumbnails path="thumbnails/thumbnails.zip"/>
  <point_cloud path="point_cloud/point_cloud.zip"/>
  <depth_maps path="depth_maps/depth_maps.zip"/>
  <dense_cloud path="dense_cloud.1/dense_cloud.zip"/>
</frame>
