<?xml version="1.0" encoding="UTF-8"?>
<thumbnails version="1.2.0">
  <thumbnail camera_id="177" path="c177.jpg"/>
  <thumbnail camera_id="178" path="c178.jpg"/>
  <thumbnail camera_id="179" path="c179.jpg"/>
  <thumbnail camera_id="180" path="c180.jpg"/>
  <thumbnail camera_id="181" path="c181.jpg"/>
  <thumbnail camera_id="182" path="c182.jpg"/>
  <thumbnail camera_id="183" path="c183.jpg"/>
  <thumbnail camera_id="184" path="c184.jpg"/>
  <thumbnail camera_id="185" path="c185.jpg"/>
  <thumbnail camera_id="186" path="c186.jpg"/>
  <thumbnail camera_id="187" path="c187.jpg"/>
  <thumbnail camera_id="188" path="c188.jpg"/>
  <thumbnail camera_id="189" path="c189.jpg"/>
  <thumbnail camera_id="190" path="c190.jpg"/>
  <thumbnail camera_id="191" path="c191.jpg"/>
  <thumbnail camera_id="192" path="c192.jpg"/>
  <thumbnail camera_id="193" path="c193.jpg"/>
  <thumbnail camera_id="194" path="c194.jpg"/>
  <thumbnail camera_id="195" path="c195.jpg"/>
  <thumbnail camera_id="196" path="c196.jpg"/>
  <thumbnail camera_id="197" path="c197.jpg"/>
  <thumbnail camera_id="198" path="c198.jpg"/>
  <thumbnail camera_id="199" path="c199.jpg"/>
  <thumbnail camera_id="200" path="c200.jpg"/>
  <thumbnail camera_id="201" path="c201.jpg"/>
  <thumbnail camera_id="202" path="c202.jpg"/>
  <thumbnail camera_id="205" path="c205.jpg"/>
  <thumbnail camera_id="206" path="c206.jpg"/>
  <thumbnail camera_id="207" path="c207.jpg"/>
  <thumbnail camera_id="209" path="c209.jpg"/>
</thumbnails>
