<?xml version="1.0" encoding="UTF-8"?>
<chunk label="Merged Chunk" enabled="false">
  <sensors next_id="20">
    <sensor id="0" label="NIKON D3000 (48 mm)" type="frame">
      <resolution width="3872" height="2592"/>
      <property name="pixel_width" value="0.0061904649606179677"/>
      <property name="pixel_height" value="0.0061904649606179677"/>
      <property name="focal_length" value="48"/>
      <property name="fixed" value="false"/>
    </sensor>
    <sensor id="1" label="NIKON D3000 (28 mm)" type="frame">
      <resolution width="3872" height="2592"/>
      <property name="pixel_width" value="0.0061904649606179677"/>
      <property name="pixel_height" value="0.0061904649606179677"/>
      <property name="focal_length" value="28"/>
      <property name="fixed" value="false"/>
    </sensor>
    <sensor id="2" label="NIKON D3000 (20 mm)" type="frame">
      <resolution width="3872" height="2592"/>
      <property name="pixel_width" value="0.0061904649606179668"/>
      <property name="pixel_height" value="0.0061904649606179668"/>
      <property name="focal_length" value="20"/>
      <property name="fixed" value="false"/>
    </sensor>
    <sensor id="3" label="NIKON D3000 (24 mm)" type="frame">
      <resolution width="3872" height="2592"/>
      <property name="pixel_width" value="0.0061904649606179677"/>
      <property name="pixel_height" value="0.0061904649606179677"/>
      <property name="focal_length" value="24"/>
      <property name="fixed" value="false"/>
    </sensor>
    <sensor id="4" label="NIKON D3000 (32 mm)" type="frame">
      <resolution width="3872" height="2592"/>
      <property name="pixel_width" value="0.0061904649606179668"/>
      <property name="pixel_height" value="0.0061904649606179668"/>
      <property name="focal_length" value="32"/>
      <property name="fixed" value="false"/>
    </sensor>
    <sensor id="5" label="NIKON D3000 (18 mm)" type="frame">
      <resolution width="3872" height="2592"/>
      <property name="pixel_width" value="0.0061904649606179677"/>
      <property name="pixel_height" value="0.0061904649606179677"/>
      <property name="focal_length" value="18"/>
      <property name="fixed" value="false"/>
    </sensor>
    <sensor id="6" label="NIKON D3000 (29 mm)" type="frame">
      <resolution width="3872" height="2592"/>
      <property name="pixel_width" value="0.0062624471113228268"/>
      <property name="pixel_height" value="0.0062624471113228268"/>
      <property name="focal_length" value="29"/>
      <property name="fixed" value="false"/>
    </sensor>
    <sensor id="7" label="NIKON D3000 (30 mm)" type="frame">
      <resolution width="3872" height="2592"/>
      <property name="pixel_width" value="0.0061904649606179677"/>
      <property name="pixel_height" value="0.0061904649606179677"/>
      <property name="focal_length" value="30"/>
      <property name="fixed" value="false"/>
      <calibration type="frame" class="adjusted">
        <resolution width="3872" height="2592"/>
        <fx>4846.1626373546633</fx>
        <fy>4846.1626373546633</fy>
        <cx>1936</cx>
        <cy>1296</cy>
      </calibration>
    </sensor>
    <sensor id="8" label="NIKON D3000 (26 mm)" type="frame">
      <resolution width="3872" height="2592"/>
      <property name="pixel_width" value="0.0061904649606179677"/>
      <property name="pixel_height" value="0.0061904649606179677"/>
      <property name="focal_length" value="26"/>
      <property name="fixed" value="false"/>
    </sensor>
    <sensor id="9" label="NIKON D3000 (55 mm)" type="frame">
      <resolution width="3872" height="2592"/>
      <property name="pixel_width" value="0.0062282116981827104"/>
      <property name="pixel_height" value="0.0062282116981827104"/>
      <property name="focal_length" value="55"/>
      <property name="fixed" value="false"/>
    </sensor>
    <sensor id="10" label="NIKON D3000 (40 mm)" type="frame">
      <resolution width="3872" height="2592"/>
      <property name="pixel_width" value="0.0061904649606179668"/>
      <property name="pixel_height" value="0.0061904649606179668"/>
      <property name="focal_length" value="40"/>
      <property name="fixed" value="false"/>
    </sensor>
    <sensor id="11" label="NIKON D3000 (30 mm)" type="frame">
      <resolution width="3872" height="2592"/>
      <property name="pixel_width" value="0.0061904649606179677"/>
      <property name="pixel_height" value="0.0061904649606179677"/>
      <property name="focal_length" value="30"/>
      <property name="fixed" value="false"/>
      <calibration type="frame" class="adjusted">
        <resolution width="3872" height="2592"/>
        <fx>4846.1626373546633</fx>
        <fy>4846.1626373546633</fy>
        <cx>1936</cx>
        <cy>1296</cy>
      </calibration>
    </sensor>
    <sensor id="12" label="NIKON D3000 (20 mm)" type="frame">
      <resolution width="3872" height="2592"/>
      <property name="pixel_width" value="0.0061904649606179668"/>
      <property name="pixel_height" value="0.0061904649606179668"/>
      <property name="focal_length" value="20"/>
      <property name="fixed" value="false"/>
    </sensor>
    <sensor id="13" label="NIKON D3000 (24 mm)" type="frame">
      <resolution width="3872" height="2592"/>
      <property name="pixel_width" value="0.0061904649606179677"/>
      <property name="pixel_height" value="0.0061904649606179677"/>
      <property name="focal_length" value="24"/>
      <property name="fixed" value="false"/>
    </sensor>
    <sensor id="14" label="NIKON D3000 (32 mm)" type="frame">
      <resolution width="3872" height="2592"/>
      <property name="pixel_width" value="0.0061904649606179668"/>
      <property name="pixel_height" value="0.0061904649606179668"/>
      <property name="focal_length" value="32"/>
      <property name="fixed" value="false"/>
    </sensor>
    <sensor id="15" label="NIKON D3000 (18 mm)" type="frame">
      <resolution width="3872" height="2592"/>
      <property name="pixel_width" value="0.0061904649606179677"/>
      <property name="pixel_height" value="0.0061904649606179677"/>
      <property name="focal_length" value="18"/>
      <property name="fixed" value="false"/>
    </sensor>
    <sensor id="16" label="NIKON D3000 (29 mm)" type="frame">
      <resolution width="3872" height="2592"/>
      <property name="pixel_width" value="0.0062624471113228268"/>
      <property name="pixel_height" value="0.0062624471113228268"/>
      <property name="focal_length" value="29"/>
      <property name="fixed" value="false"/>
    </sensor>
    <sensor id="17" label="NIKON D5100 (29 mm)" type="frame">
      <resolution width="4928" height="3264"/>
      <property name="pixel_width" value="0.0049366004100330112"/>
      <property name="pixel_height" value="0.0049366004100330112"/>
      <property name="focal_length" value="29"/>
      <property name="fixed" value="false"/>
    </sensor>
    <sensor id="18" label="NIKON D3000 (30 mm)" type="frame">
      <resolution width="3872" height="2592"/>
      <property name="pixel_width" value="0.0061904649606179677"/>
      <property name="pixel_height" value="0.0061904649606179677"/>
      <property name="focal_length" value="30"/>
      <property name="fixed" value="false"/>
      <calibration type="frame" class="adjusted">
        <resolution width="3872" height="2592"/>
        <fx>4846.1626373546633</fx>
        <fy>4846.1626373546633</fy>
        <cx>1936</cx>
        <cy>1296</cy>
      </calibration>
    </sensor>
    <sensor id="19" label="NIKON D3000 (30 mm)" type="frame">
      <resolution width="3872" height="2592"/>
      <property name="pixel_width" value="0.0061904649606179677"/>
      <property name="pixel_height" value="0.0061904649606179677"/>
      <property name="focal_length" value="30"/>
      <property name="fixed" value="false"/>
      <calibration type="frame" class="adjusted">
        <resolution width="3872" height="2592"/>
        <fx>4846.1626373546633</fx>
        <fy>4846.1626373546633</fy>
        <cx>1936</cx>
        <cy>1296</cy>
      </calibration>
    </sensor>
  </sensors>
  <cameras next_id="170" next_group_id="0">
    <camera id="0" label="DSC_0030.JPG" sensor_id="11" enabled="true">
      <transform>8.4464872842241490e-01 -5.2648617597921477e-01 9.6854695689888498e-02 -2.3185486653829277e+00 1.1404872910682065e-01 3.5375485388513428e-01 9.2835897730448336e-01 -1.0131149593690990e+01 -5.2303098661887770e-01 -7.7309107474830574e-01 3.5884366677007523e-01 7.3371552366643371e+00 0.0000000000000000e+00 0.0000000000000000e+00 0.0000000000000000e+00 1.0000000000000000e+00</transform>
    </camera>
    <camera id="1" label="DSC_0031.JPG" sensor_id="11" enabled="true">
      <transform>8.6437109322393813e-01 -5.0266551027326667e-01 -1.3783975499477158e-02 -9.1934176635983755e-01 2.1292355869797766e-01 3.4103010187472005e-01 9.1562111583706218e-01 -9.5978449744618199e+00 -4.5555040484038933e-01 -7.9437135799135805e-01 4.0180589126184157e-01 6.6763082553070143e+00 0.0000000000000000e+00 0.0000000000000000e+00 0.0000000000000000e+00 1.0000000000000000e+00</transform>
    </camera>
    <camera id="2" label="DSC_0032.JPG" sensor_id="11" enabled="true">
      <transform>8.8491267222269698e-01 -4.3907879202449873e-01 -1.5536851976508298e-01 6.6944881039545534e-01 3.3265462047258421e-01 3.6234310959849481e-01 8.7065973514613293e-01 -9.0169278551167675e+00 -3.2599151218693861e-01 -8.2214188880071082e-01 4.6670359829475588e-01 6.1260592883506204e+00 0.0000000000000000e+00 0.0000000000000000e+00 0.0000000000000000e+00 1.0000000000000000e+00</transform>
    </camera>
    <camera id="3" label="DSC_0033.JPG" sensor_id="11" enabled="true">
      <transform>8.8134131859223164e-01 -3.9530264980452795e-01 -2.5879199214740961e-01 1.7730373316578545e+00 4.1287258793748077e-01 3.7803833275721760e-01 8.2862732582020870e-01 -8.4659062499572642e+00 -2.2972528435484280e-01 -8.3715161949533490e-01 4.9639043071399419e-01 5.8970003737757315e+00 0.0000000000000000e+00 0.0000000000000000e+00 0.0000000000000000e+00 1.0000000000000000e+00</transform>
    </camera>
    <camera id="4" label="DSC_0034.JPG" sensor_id="11" enabled="true">
      <transform>8.6081553598882332e-01 -3.4239961743421637e-01 -3.7650911673049481e-01 3.0685533284476127e+00 4.9659646141663710e-01 4.0333090123079607e-01 7.6858059995086303e-01 -7.6998319844214658e+00 -1.1130394201801455e-01 -8.4857921615678067e-01 5.1722794433208497e-01 5.7807139862123655e+00 0.0000000000000000e+00 0.0000000000000000e+00 0.0000000000000000e+00 1.0000000000000000e+00</transform>
    </camera>
    <camera id="5" label="DSC_0036.JPG" sensor_id="11" enabled="true">
      <transform>7.5763006070744310e-01 -2.4241131898661411e-01 -6.0599789070557553e-01 6.0245789595022767e+00 6.3326483098510811e-01 4.9781580509329232e-01 5.9258339331837517e-01 -5.9115481422692939e+00 1.5802640586256209e-01 -8.3271614408902128e-01 5.3067078158089087e-01 5.6109177199919689e+00 0.0000000000000000e+00 0.0000000000000000e+00 0.0000000000000000e+00 1.0000000000000000e+00</transform>
    </camera>
    <camera id="6" label="DSC_0037.JPG" sensor_id="11" enabled="true">
      <transform>7.0714654553386858e-01 -2.1517431694657377e-01 -6.7353082814826803e-01 6.9005306019647268e+00 6.6498008595338165e-01 5.2612777886601414e-01 5.3008588510820376e-01 -5.0146193738444600e+00 2.4030241036025754e-01 -8.2273299048481707e-01 5.1513607711260179e-01 5.9803458636234179e+00 0.0000000000000000e+00 0.0000000000000000e+00 0.0000000000000000e+00 1.0000000000000000e+00</transform>
    </camera>
    <camera id="7" label="DSC_0039.JPG" sensor_id="11" enabled="true">
      <transform>5.1716248893554417e-01 -1.4385676906274658e-01 -8.4371096356087538e-01 8.6272667966569880e+00 7.2075214712558999e-01 6.0483151487078102e-01 3.3866676989773881e-01 -2.6404306987905688e+00 4.6158347289720536e-01 -7.8325223817997713e-01 4.1648124679775345e-01 7.4805373327953308e+00 0.0000000000000000e+00 0.0000000000000000e+00 0.0000000000000000e+00 1.0000000000000000e+00</transform>
    </camera>
    <camera id="8" label="DSC_0040.JPG" sensor_id="11" enabled="true">
      <transform>3.9211606529001219e-01 -1.1585410603566376e-01 -9.1259126527496204e-01 9.2563503043497146e+00 7.2524160550291250e-01 6.4922506951284698e-01 2.2919734458234181e-01 -1.3617664266917642e+00 5.6592367417261891e-01 -7.5172111532849484e-01 3.3859379761042163e-01 8.5411237920998317e+00 0.0000000000000000e+00 0.0000000000000000e+00 0.0000000000000000e+00 1.0000000000000000e+00</transform>
    </camera>
    <camera id="9" label="DSC_0041.JPG" sensor_id="11" enabled="true">
      <transform>2.8853825505901115e-01 -9.8945818653803641e-02 -9.5234206057405113e-01 9.5421503351068377e+00 7.1453072030277021e-01 6.8433075660454901e-01 1.4538660635921763e-01 -3.9836648745410952e-01 6.3733156607146446e-01 -7.2242725622444115e-01 2.6815542946753901e-01 9.4648783817897080e+00 0.0000000000000000e+00 0.0000000000000000e+00 0.0000000000000000e+00 1.0000000000000000e+00</transform>
    </camera>
    <camera id="10" label="DSC_0042.JPG" sensor_id="11" enabled="true">
      <transform>-3.2109588549186482e-02 -8.5557722558643357e-02 -9.9581567091193135e-01 9.6454727613040934e+00 6.3213101647696501e-01 7.7001374755651941e-01 -8.6540202113025100e-02 1.4866551205062459e+00 7.7419593923696139e-01 -6.3226474256006271e-01 2.9358865517192342e-02 1.1655476698843389e+01 0.0000000000000000e+00 0.0000000000000000e+00 0.0000000000000000e+00 1.0000000000000000e+00</transform>
    </camera>
    <camera id="11" label="DSC_0043.JPG" sensor_id="11" enabled="true">
      <transform>-2.0807162641600499e-01 -9.3535599105243228e-02 -9.7363098244695445e-01 9.4884801424017073e+00 5.5392298919595617e-01 8.0914153237774844e-01 -1.9611043475961670e-01 2.3054086728806862e+00 8.0614857211361168e-01 -5.8012160128839585e-01 -1.1654787598996574e-01 1.2780376210809747e+01 0.0000000000000000e+00 0.0000000000000000e+00 0.0000000000000000e+00 1.0000000000000000e+00</transform>
    </camera>
    <camera id="12" label="DSC_0044.JPG" sensor_id="11" enabled="true">
      <transform>-3.4477959049702034e-01 -1.1017279868226257e-01 -9.3219578866632113e-01 9.0254695161833975e+00 4.6960440776801171e-01 8.3963465280333838e-01 -2.7292004326665342e-01 3.2211556535618082e+00 8.1277225234475237e-01 -5.3186051201638829e-01 -2.3775125988331458e-01 1.4194216679842786e+01 0.0000000000000000e+00 0.0000000000000000e+00 0.0000000000000000e+00 1.0000000000000000e+00</transform>
    </camera>
    <camera id="13" label="DSC_0045.JPG" sensor_id="11" enabled="true">
      <transform>-4.4316973893048001e-01 -1.2605248294640745e-01 -8.8753104398625715e-01 8.5224206274468646e+00 3.9692193184179070e-01 8.6013100373408391e-01 -3.2035548448306173e-01 3.7949601826370425e+00 8.0377457195364843e-01 -4.9425239297189250e-01 -3.3115103732630347e-01 1.5288423133044398e+01 0.0000000000000000e+00 0.0000000000000000e+00 0.0000000000000000e+00 1.0000000000000000e+00</transform>
    </camera>
    <camera id="14" label="DSC_0046.JPG" sensor_id="11" enabled="true">
      <transform>-5.9886723564205591e-01 -1.6126114628669924e-01 -7.8444431081673471e-01 7.7973952094339438e+00 2.6445865785304479e-01 8.8474715879730581e-01 -3.8377608482898135e-01 4.3365706270996034e+00 7.5592304658675968e-01 -4.3728401262611355e-01 -4.8719917892028153e-01 1.6551706184151904e+01 0.0000000000000000e+00 0.0000000000000000e+00 0.0000000000000000e+00 1.0000000000000000e+00</transform>
    </camera>
    <camera id="15" label="DSC_0047.JPG" sensor_id="11" enabled="true">
      <transform>-7.3583448437373555e-01 -2.0742240127200598e-01 -6.4461116888942738e-01 6.3266997923702863e+00 1.0009274461418391e-01 9.0815867317340704e-01 -4.0648403020969526e-01 4.7874306269130882e+00 6.6972311747619906e-01 -3.6362586787860907e-01 -6.4749299156631013e-01 1.8524919984973366e+01 0.0000000000000000e+00 0.0000000000000000e+00 0.0000000000000000e+00 1.0000000000000000e+00</transform>
    </camera>
    <camera id="16" label="DSC_0048.JPG" sensor_id="11" enabled="true">
      <transform>-8.2214840740422468e-01 -2.6084556291250571e-01 -5.0599564080291737e-01 4.8009404938252871e+00 -3.8946180067253325e-02 9.1253496760497299e-01 -4.0714018219325770e-01 4.9525385480910726e+00 5.6793942569684841e-01 -3.1502305504049705e-01 -7.6039810858002921e-01 1.9952426557395754e+01 0.0000000000000000e+00 0.0000000000000000e+00 0.0000000000000000e+00 1.0000000000000000e+00</transform>
    </camera>
    <camera id="17" label="DSC_0049.JPG" sensor_id="11" enabled="true">
      <transform>-8.6350913198875812e-01 -3.0106324625245917e-01 -4.0461450879565930e-01 3.6661261794858384e+00 -1.3208579966132430e-01 9.0927603162532522e-01 -3.9467764040990350e-01 4.9050776682424138e+00 4.8672920654081364e-01 -2.8736391573687836e-01 -8.2493433643685743e-01 2.0801742403767669e+01 0.0000000000000000e+00 0.0000000000000000e+00 0.0000000000000000e+00 1.0000000000000000e+00</transform>
    </camera>
    <camera id="18" label="DSC_0050.JPG" sensor_id="11" enabled="true">
      <transform>-8.9706563005213835e-01 -3.5851488678826704e-01 -2.5834150137048473e-01 1.9924369043456076e+00 -2.5701023942658385e-01 8.9886118566115136e-01 -3.5495676601766579e-01 4.5662308494742812e+00 3.5947043301090864e-01 -2.5202310382785542e-01 -8.9847947273597961e-01 2.1791181904298760e+01 0.0000000000000000e+00 0.0000000000000000e+00 0.0000000000000000e+00 1.0000000000000000e+00</transform>
    </camera>
    <camera id="19" label="DSC_0051.JPG" sensor_id="11" enabled="true">
      <transform>-9.0301907266180792e-01 -4.1308300491587363e-01 -1.1797875003016803e-01 3.6020219117513208e-01 -3.6430843415516406e-01 8.8187501922003253e-01 -2.9929219047459193e-01 4.0448602402191591e+00 2.2767502983950835e-01 -2.2728590261021314e-01 -9.4683958475669983e-01 2.2521912138795074e+01 0.0000000000000000e+00 0.0000000000000000e+00 0.0000000000000000e+00 1.0000000000000000e+00</transform>
    </camera>
    <camera id="20" label="DSC_0052.JPG" sensor_id="11" enabled="true">
      <transform>-8.8296682651861536e-01 -4.6895262830537421e-01 2.1284164844477871e-02 -1.2932343108699036e+00 -4.6089436017327512e-01 8.5740088393974312e-01 -2.2899806326651329e-01 3.3252048271410084e+00 8.9140181894097253e-02 -2.1200744473916050e-01 -9.7319415912091201e-01 2.2987505525825775e+01 0.0000000000000000e+00 0.0000000000000000e+00 0.0000000000000000e+00 1.0000000000000000e+00</transform>
    </camera>
    <camera id="21" label="DSC_0053.JPG" sensor_id="11" enabled="true">
      <transform>-8.3653623283534073e-01 -5.2447755805729612e-01 1.5852577786565888e-01 -2.9401568713315767e+00 -5.4485504789584305e-01 8.2680891041714089e-01 -1.3971400229482794e-01 2.3682335035007660e+00 -5.7793666920132290e-02 -2.0324939544578285e-01 -9.7741985621065042e-01 2.3157940276391479e+01 0.0000000000000000e+00 0.0000000000000000e+00 0.0000000000000000e+00 1.0000000000000000e+00</transform>
    </camera>
    <camera id="22" label="DSC_0054.JPG" sensor_id="11" enabled="true">
      <transform>-7.4018141244439195e-01 -5.9015591885900320e-01 3.2225373249585587e-01 -4.9980694672036838e+00 -6.2437216703867693e-01 7.8111861131238913e-01 -3.6210618374665771e-03 8.6689107084275774e-01 -2.4958139694146178e-01 -2.0388650396014413e-01 -9.4664640695650382e-01 2.3122481563420720e+01 0.0000000000000000e+00 0.0000000000000000e+00 0.0000000000000000e+00 1.0000000000000000e+00</transform>
      <orientation>1</orientation>
    </camera>
    <camera id="23" label="DSC_0055.JPG" sensor_id="11" enabled="true">
      <transform>-6.1412035236451734e-01 -6.4339344413572475e-01 4.5705696456224237e-01 -6.7721365307774857e+00 -6.6263569951550161e-01 7.3492786834068013e-01 1.4420457019049146e-01 -8.5090002242129004e-01 -4.2868417575096313e-01 -2.1430329997317507e-01 -8.7766962638644663e-01 2.2590889141951195e+01 0.0000000000000000e+00 0.0000000000000000e+00 0.0000000000000000e+00 1.0000000000000000e+00</transform>
      <orientation>1</orientation>
    </camera>
    <camera id="24" label="DSC_0056.JPG" sensor_id="11" enabled="true">
      <transform>-6.5584998092228619e-01 -6.2805984012974525e-01 4.1880978945153063e-01 -6.2691029859641283e+00 -6.5389341326543349e-01 7.4987557435316865e-01 1.0054863040631623e-01 -3.3805304772111927e-01 -3.7720578814795208e-01 -2.0791214539969444e-01 -9.0249007373099599e-01 2.2808926882254333e+01 0.0000000000000000e+00 0.0000000000000000e+00 0.0000000000000000e+00 1.0000000000000000e+00</transform>
      <orientation>1</orientation>
    </camera>
    <camera id="25" label="DSC_0057.JPG" sensor_id="11" enabled="true">
      <transform>-5.0829360259953704e-01 -6.7235683347550446e-01 5.3812071325602850e-01 -7.9089674240212151e+00 -6.6289379637223911e-01 7.0434839881910316e-01 2.5389987753476162e-01 -2.1850484735601281e+00 -5.4973578043236782e-01 -2.2766119906510049e-01 -8.0371695898037143e-01 2.1866976701909969e+01 0.0000000000000000e+00 0.0000000000000000e+00 0.0000000000000000e+00 1.0000000000000000e+00</transform>
      <orientation>1</orientation>
    </camera>
    <camera id="26" label="DSC_0059.JPG" sensor_id="11" enabled="true">
      <transform>-1.4796237703641141e-01 -7.4573961567015568e-01 6.4959953864043307e-01 -9.3890176651647739e+00 -6.6974728465692657e-01 5.5884853155496927e-01 4.8900602600942294e-01 -4.8551248320347824e+00 -7.2769891416464871e-01 -3.6271303312533870e-01 -5.8214563978836786e-01 1.9195468022338702e+01 0.0000000000000000e+00 0.0000000000000000e+00 0.0000000000000000e+00 1.0000000000000000e+00</transform>
      <orientation>1</orientation>
    </camera>
    <camera id="27" label="DSC_0060.JPG" sensor_id="11" enabled="true">
      <transform>3.4646562710102968e-02 -7.5331961038798423e-01 6.5674133439069493e-01 -9.6470618823337606e+00 -6.0336321006293758e-01 5.0809687916524338e-01 6.1464656358356651e-01 -6.3799083637218841e+00 -7.9671353222781538e-01 -4.1754895040873413e-01 -4.3692152794024941e-01 1.7565725463326089e+01 0.0000000000000000e+00 0.0000000000000000e+00 0.0000000000000000e+00 1.0000000000000000e+00</transform>
      <orientation>1</orientation>
    </camera>
    <camera id="28" label="DSC_0061.JPG" sensor_id="11" enabled="true">
      <transform>1.8568832406237468e-01 -7.5020416225304698e-01 6.3459716454228687e-01 -9.5504132268664872e+00 -5.2961113156969486e-01 4.6758003841410301e-01 7.0772943770492758e-01 -7.5511670330141136e+00 -8.2766653648940858e-01 -4.6750681558119533e-01 -3.1049232158099571e-01 1.6115185119462033e+01 0.0000000000000000e+00 0.0000000000000000e+00 0.0000000000000000e+00 1.0000000000000000e+00</transform>
      <orientation>1</orientation>
    </camera>
    <camera id="29" label="DSC_0062.JPG" sensor_id="11" enabled="true">
      <transform>3.0607584631406959e-01 -7.3949583048834366e-01 5.9955274412972315e-01 -9.2606761019742070e+00 -4.5755402654684962e-01 4.3800150729148635e-01 7.7382103383221057e-01 -8.3904293168423543e+00 -8.3484243369266464e-01 -5.1117570002958990e-01 -2.0429761282346831e-01 1.4888173547005637e+01 0.0000000000000000e+00 0.0000000000000000e+00 0.0000000000000000e+00 1.0000000000000000e+00</transform>
      <orientation>1</orientation>
    </camera>
    <camera id="30" label="DSC_0063.JPG" sensor_id="11" enabled="true">
      <transform>4.1458207644157902e-01 -7.2373804403006647e-01 5.5165654669995745e-01 -8.5762467077496698e+00 -3.8722992945411461e-01 4.0828394619775471e-01 8.2665422094860830e-01 -9.3072683815156001e+00 -8.2351362079102874e-01 -5.5633394908159484e-01 -1.1098582554059444e-01 1.3237774223403305e+01 0.0000000000000000e+00 0.0000000000000000e+00 0.0000000000000000e+00 1.0000000000000000e+00</transform>
      <orientation>1</orientation>
    </camera>
    <camera id="31" label="DSC_0064.JPG" sensor_id="11" enabled="true">
      <transform>5.3196145664266270e-01 -6.9739599801963337e-01 4.8026641626582223e-01 -7.7315323237152507e+00 -2.8867599743469186e-01 3.8383616923818370e-01 8.7711798732533253e-01 -9.9445474141515717e+00 -7.9604219558494649e-01 -6.0523434893498562e-01 2.8645623648037924e-03 1.1831496594193675e+01 0.0000000000000000e+00 0.0000000000000000e+00 0.0000000000000000e+00 1.0000000000000000e+00</transform>
      <orientation>1</orientation>
    </camera>
    <camera id="32" label="DSC_0065.JPG" sensor_id="11" enabled="true">
      <transform>6.6567098009400161e-01 -6.4845631649805391e-01 3.6930549935584045e-01 -6.3356768051321124e+00 -1.4071438253881846e-01 3.7693453836267027e-01 9.1548884009366238e-01 -1.0443245199968244e+01 -7.3285851895670140e-01 -6.6138094876031628e-01 1.5966725340373855e-01 9.8441085027727659e+00 0.0000000000000000e+00 0.0000000000000000e+00 0.0000000000000000e+00 1.0000000000000000e+00</transform>
      <orientation>1</orientation>
    </camera>
    <camera id="33" label="DSC_0065.JPG" sensor_id="11" enabled="true">
      <transform>6.6567098009400183e-01 -6.4845631649805413e-01 3.6930549935584001e-01 -6.3356768051323114e+00 -1.4071438253881863e-01 3.7693453836266955e-01 9.1548884009366294e-01 -1.0443245199968258e+01 -7.3285851895670140e-01 -6.6138094876031661e-01 1.5966725340373794e-01 9.8441085027728885e+00 0.0000000000000000e+00 0.0000000000000000e+00 0.0000000000000000e+00 1.0000000000000000e+00</transform>
    </camera>
    <camera id="34" label="DSC_0066.JPG" sensor_id="11" enabled="true">
      <transform>7.5170660205377082e-01 -6.0544408845713660e-01 2.6148544927219364e-01 -4.5956430426372936e+00 -4.1024601451103426e-02 3.5279601546220596e-01 9.3480048863368115e-01 -1.0696388534508408e+01 -6.5822045433467968e-01 -7.1342303525068340e-01 2.4036099157132379e-01 8.4402777639077300e+00 0.0000000000000000e+00 0.0000000000000000e+00 0.0000000000000000e+00 1.0000000000000000e+00</transform>
    </camera>
    <camera id="35" label="DSC_0067.JPG" sensor_id="11" enabled="true">
      <transform>8.5156071316388449e-01 -5.2145631668275283e-01 5.4107869921787038e-02 -2.1045348126371763e+00 1.6264684575841490e-01 3.6089630252738958e-01 9.1831359697376658e-01 -1.0391085596410088e+01 -4.9838775603003616e-01 -7.7319930717358742e-01 3.9213833786768371e-01 6.7536583499788527e+00 0.0000000000000000e+00 0.0000000000000000e+00 0.0000000000000000e+00 1.0000000000000000e+00</transform>
    </camera>
    <camera id="36" label="DSC_0068.JPG" sensor_id="11" enabled="true">
      <transform>8.8439261964288840e-01 -4.5024605968261383e-01 -1.2299666687138182e-01 6.1928222437093745e-03 3.1359191640212086e-01 3.7801443746706204e-01 8.7107129159082375e-01 -9.7619564560452385e+00 -3.4570190090370451e-01 -8.0893978194099281e-01 4.7550670332270234e-01 5.8719903033926890e+00 0.0000000000000000e+00 0.0000000000000000e+00 0.0000000000000000e+00 1.0000000000000000e+00</transform>
    </camera>
    <camera id="37" label="DSC_0069.JPG" sensor_id="11" enabled="true">
      <transform>8.8338509594381120e-01 -3.9723975802660449e-01 -2.4865909777707312e-01 1.5058067562188582e+00 4.0987571089228259e-01 3.9761935005869709e-01 8.2091458391202010e-01 -9.1016886979969005e+00 -2.2722824182941981e-01 -8.2710303294200516e-01 5.1406993591655081e-01 5.4843368506238352e+00 0.0000000000000000e+00 0.0000000000000000e+00 0.0000000000000000e+00 1.0000000000000000e+00</transform>
    </camera>
    <camera id="68" label="DSC_0070.JPG" sensor_id="18" enabled="true">
      <transform>7.1522385256988752e-01 6.9722802337510070e-01 4.8248566150071448e-02 -1.9317272280031625e+00 2.4690709199993319e-01 -1.8748895301314386e-01 -9.5072855243658883e-01 1.2326329761781134e+01 -6.5382851622977134e-01 6.9189665118317001e-01 -3.0624711500076296e-01 1.4496006782662430e+01 0.0000000000000000e+00 0.0000000000000000e+00 0.0000000000000000e+00 1.0000000000000000e+00</transform>
    </camera>
    <camera id="69" label="DSC_0071.JPG" sensor_id="18" enabled="true">
      <transform>7.4095961239321018e-01 6.5516126588473256e-01 1.4745361469431006e-01 -3.2563501805244677e+00 3.6439652704758485e-01 -2.0781224414851118e-01 -9.0776056438777852e-01 1.1856641285865390e+01 -5.6408689390710187e-01 7.2634550102982953e-01 -3.9271896981934007e-01 1.5750649977793248e+01 0.0000000000000000e+00 0.0000000000000000e+00 0.0000000000000000e+00 1.0000000000000000e+00</transform>
    </camera>
    <camera id="70" label="DSC_0072.JPG" sensor_id="18" enabled="true">
      <transform>7.5032514831881580e-01 6.2247269926477333e-01 2.2257562865321442e-01 -4.3951700042295174e+00 4.4557184443866565e-01 -2.2748654053917261e-01 -8.6586119286929863e-01 1.1290860857434138e+01 -4.8834199414331758e-01 7.4885086134927181e-01 -4.4804518099470897e-01 1.6636104663360076e+01 0.0000000000000000e+00 0.0000000000000000e+00 0.0000000000000000e+00 1.0000000000000000e+00</transform>
    </camera>
    <camera id="71" label="DSC_0073.JPG" sensor_id="18" enabled="true">
      <transform>7.4536146859332941e-01 5.8110286248669918e-01 3.2673497570073512e-01 -5.6656870118734517e+00 5.4902037410616211e-01 -2.5703706413217869e-01 -7.9530407799698855e-01 1.0494015535037834e+01 -3.7817047736797932e-01 7.7217317414688436e-01 -5.1062283456108759e-01 1.7435505242381279e+01 0.0000000000000000e+00 0.0000000000000000e+00 0.0000000000000000e+00 1.0000000000000000e+00</transform>
    </camera>
    <camera id="72" label="DSC_0074.JPG" sensor_id="18" enabled="true">
      <transform>7.2149611950254544e-01 5.3573969421449652e-01 4.3866425610679316e-01 -6.9884482093439750e+00 6.4676998938489771e-01 -2.9521628795202925e-01 -7.0323248229791246e-01 9.4255935241648068e+00 -2.4724872168289913e-01 7.9109438335181104e-01 -5.5949776251151340e-01 1.8072878790821438e+01 0.0000000000000000e+00 0.0000000000000000e+00 0.0000000000000000e+00 1.0000000000000000e+00</transform>
    </camera>
    <camera id="73" label="DSC_0075.JPG" sensor_id="18" enabled="true">
      <transform>6.8077317479409893e-01 4.9467516497434261e-01 5.4022621709647711e-01 -8.2187747730141076e+00 7.2312424485964444e-01 -3.3627762495534302e-01 -6.0333132311406024e-01 8.2583180564723175e+00 -1.1678703257182327e-01 8.0138245558035548e-01 -5.8664039147595981e-01 1.8458535958908151e+01 0.0000000000000000e+00 0.0000000000000000e+00 0.0000000000000000e+00 1.0000000000000000e+00</transform>
    </camera>
    <camera id="74" label="DSC_0076.JPG" sensor_id="18" enabled="true">
      <transform>6.3158036832659881e-01 4.6104238851043877e-01 6.2333470490662324e-01 -9.2406973174792455e+00 7.7530965965018106e-01 -3.7669386369677160e-01 -5.0694838465697711e-01 7.1321026864433339e+00 1.0816642538015175e-03 8.0345606541352810e-01 -5.9536306650031157e-01 1.8616953768105486e+01 0.0000000000000000e+00 0.0000000000000000e+00 0.0000000000000000e+00 1.0000000000000000e+00</transform>
    </camera>
    <camera id="75" label="DSC_0077.JPG" sensor_id="18" enabled="true">
      <transform>5.2852915160747016e-01 4.1466726681247457e-01 7.4074826610351230e-01 -1.0689933483037558e+01 8.2829996282097984e-01 -4.4303032608544729e-01 -3.4299169342621949e-01 5.1914194341747493e+00 1.8594651782663613e-01 7.9484287000821385e-01 -5.7762332406617223e-01 1.8492565070966172e+01 0.0000000000000000e+00 0.0000000000000000e+00 0.0000000000000000e+00 1.0000000000000000e+00</transform>
    </camera>
    <camera id="76" label="DSC_0078.JPG" sensor_id="18" enabled="true">
      <transform>4.1401278832930855e-01 3.8089426068385634e-01 8.2674843409460985e-01 -1.1765319340530969e+01 8.4213593456955915e-01 -5.0504680527976964e-01 -1.8903648373621862e-01 3.3490526902392892e+00 3.4554374369455204e-01 7.7449808692778377e-01 -5.2986058028386751e-01 1.7991245451632171e+01 0.0000000000000000e+00 0.0000000000000000e+00 0.0000000000000000e+00 1.0000000000000000e+00</transform>
    </camera>
    <camera id="77" label="DSC_0079.JPG" sensor_id="18" enabled="true">
      <transform>2.9125166436517380e-01 3.5905452073124577e-01 8.8670870027702520e-01 -1.2569603864057946e+01 8.2399456894381784e-01 -5.6505025788733787e-01 -4.1846820817652397e-02 1.5897467001522863e+00 4.8600968956967072e-01 7.4283110947503284e-01 -4.6043080309692985e-01 1.7233488479034300e+01 0.0000000000000000e+00 0.0000000000000000e+00 0.0000000000000000e+00 1.0000000000000000e+00</transform>
    </camera>
    <camera id="78" label="DSC_0080.JPG" sensor_id="18" enabled="true">
      <transform>1.2945772873737171e-01 3.4324139163431994e-01 9.3028277611653998e-01 -1.3133773838110400e+01 7.6392259366520765e-01 -6.3266264158389995e-01 1.2712298309866593e-01 -4.5982872703540600e-01 6.3218902818538636e-01 6.9420697851074431e-01 -3.4411292278698247e-01 1.5892303294023296e+01 0.0000000000000000e+00 0.0000000000000000e+00 0.0000000000000000e+00 1.0000000000000000e+00</transform>
    </camera>
    <camera id="79" label="DSC_0081.JPG" sensor_id="18" enabled="true">
      <transform>1.1160943597982587e-02 3.3922963685948471e-01 9.4063738327486468e-01 -1.3378157806476139e+01 6.9561808286076787e-01 -6.7840162243634872e-01 2.3640372559001607e-01 -1.8187708588199047e+00 7.1832507692208014e-01 6.5168588457316756e-01 -2.4354587188654142e-01 1.4735086392605890e+01 0.0000000000000000e+00 0.0000000000000000e+00 0.0000000000000000e+00 1.0000000000000000e+00</transform>
    </camera>
    <camera id="80" label="DSC_0082.JPG" sensor_id="18" enabled="true">
      <transform>-2.4423346759762488e-01 3.5555480208481222e-01 9.0218113260013932e-01 -1.2995871999535780e+01 4.9277004201858626e-01 -7.5577539341516387e-01 4.3125542361477043e-01 -4.2272232684158269e+00 8.3518123721395987e-01 5.4989484214946438e-01 9.3788902955018738e-03 1.1772033275058153e+01 0.0000000000000000e+00 0.0000000000000000e+00 0.0000000000000000e+00 1.0000000000000000e+00</transform>
    </camera>
    <camera id="81" label="DSC_0083.JPG" sensor_id="18" enabled="true">
      <transform>-3.5859078076599948e-01 3.7552009132059205e-01 8.5463285272929035e-01 -1.2462386235761308e+01 3.7043294424522655e-01 -7.8310828345025651e-01 4.9952062040460898e-01 -5.1063383935276025e+00 8.5685009527188805e-01 4.9570765316481324e-01 1.4171039773562522e-01 1.0202194302866085e+01 0.0000000000000000e+00 0.0000000000000000e+00 0.0000000000000000e+00 1.0000000000000000e+00</transform>
    </camera>
    <camera id="82" label="DSC_0084.JPG" sensor_id="18" enabled="true">
      <transform>-4.5928326592183966e-01 4.0169014884348336e-01 7.9227766973850067e-01 -1.1766072073939373e+01 2.4385493053902668e-01 -8.0063127899596220e-01 5.4728815805304631e-01 -5.7426151679067434e+00 8.5416254571128036e-01 4.4456110875265498e-01 2.6976242527200567e-01 8.6533248634115196e+00 0.0000000000000000e+00 0.0000000000000000e+00 0.0000000000000000e+00 1.0000000000000000e+00</transform>
    </camera>
    <camera id="83" label="DSC_0085.JPG" sensor_id="18" enabled="true">
      <transform>-5.4348824842207044e-01 4.3245566732077584e-01 7.1944605053419564e-01 -1.0937206179900800e+01 1.1393271241535857e-01 -8.1114352610501372e-01 5.7364232505944335e-01 -6.1256141139690872e+00 8.3164888075965637e-01 3.9373630244119889e-01 3.9157612704446632e-01 7.1860678319765654e+00 0.0000000000000000e+00 0.0000000000000000e+00 0.0000000000000000e+00 1.0000000000000000e+00</transform>
    </camera>
    <camera id="84" label="DSC_0086.JPG" sensor_id="18" enabled="true">
      <transform>-6.0012478221766408e-01 4.6599837221197532e-01 6.5015056937911742e-01 -9.8026653756240414e+00 -1.3737153899218701e-03 -8.1338251582555765e-01 5.8172759592038770e-01 -6.2559047835610944e+00 7.9990521855669172e-01 3.4821602496880544e-01 4.8877115430505447e-01 5.5251986368959152e+00 0.0000000000000000e+00 0.0000000000000000e+00 0.0000000000000000e+00 1.0000000000000000e+00</transform>
    </camera>
    <camera id="85" label="DSC_0087.JPG" sensor_id="18" enabled="true">
      <transform>-6.6018313977923526e-01 5.0447828307345066e-01 5.5647091914896518e-01 -8.6593939161570894e+00 -1.3595649977573582e-01 -8.0889319353731404e-01 5.7202065663552371e-01 -6.1174500882866933e+00 7.3869753764308776e-01 3.0198255472174007e-01 6.0260474983505574e-01 4.1798617719301179e+00 0.0000000000000000e+00 0.0000000000000000e+00 0.0000000000000000e+00 1.0000000000000000e+00</transform>
    </camera>
    <camera id="86" label="DSC_0088.JPG" sensor_id="18" enabled="true">
      <transform>-7.0677971409772944e-01 5.5140330765796364e-01 4.4318938169115557e-01 -7.2832916094844737e+00 -2.8150927363056488e-01 -7.9395501382447820e-01 5.3887657666943012e-01 -5.6931051570897448e+00 6.4901075846238743e-01 2.5610511187172669e-01 7.1637644229360775e-01 2.8123715515311805e+00 0.0000000000000000e+00 0.0000000000000000e+00 0.0000000000000000e+00 1.0000000000000000e+00</transform>
    </camera>
    <camera id="87" label="DSC_0089.JPG" sensor_id="18" enabled="true">
      <transform>-7.2807546488793762e-01 5.9803227638503620e-01 3.3505747839728206e-01 -5.8215778638050608e+00 -4.0773649907047449e-01 -7.7072275296704595e-01 4.8962984527564357e-01 -4.9998889928073549e+00 5.5105087310879608e-01 2.1987231399298410e-01 8.0498391337057340e-01 1.6534205267958590e+00 0.0000000000000000e+00 0.0000000000000000e+00 0.0000000000000000e+00 1.0000000000000000e+00</transform>
    </camera>
    <camera id="88" label="DSC_0090.JPG" sensor_id="18" enabled="true">
      <transform>-7.3211730114492002e-01 6.3486558216163558e-01 2.4688043654944819e-01 -4.7306376312984426e+00 -5.0084557800000762e-01 -7.4734954540494480e-01 4.3660321114355161e-01 -4.2953094445890141e+00 4.6169033384089481e-01 1.9599578967312004e-01 8.6511715164380665e-01 9.2729002345635170e-01 0.0000000000000000e+00 0.0000000000000000e+00 0.0000000000000000e+00 1.0000000000000000e+00</transform>
    </camera>
    <camera id="89" label="DSC_0091.JPG" sensor_id="18" enabled="true">
      <transform>-7.1606356065452670e-01 6.8797696540554265e-01 1.1807062367135072e-01 -3.1937951677637511e+00 -6.1943144554528240e-01 -7.0425290984262656e-01 3.4688978544759042e-01 -3.1630867903915334e+00 3.2180376220989543e-01 1.7525847782510862e-01 9.3044441240623477e-01 1.8773859440743568e-01 0.0000000000000000e+00 0.0000000000000000e+00 0.0000000000000000e+00 1.0000000000000000e+00</transform>
    </camera>
    <camera id="90" label="DSC_0092.JPG" sensor_id="18" enabled="true">
      <transform>-6.9181238359248909e-01 7.2101835178105544e-01 3.9091716552347860e-02 -2.2503584493998066e+00 -6.8529271223999733e-01 -6.7266573010766462e-01 2.7909624520847787e-01 -2.3095938610983620e+00 2.2752917276434495e-01 1.6629297018711522e-01 9.5946710397361734e-01 -1.3127199193758621e-01 0.0000000000000000e+00 0.0000000000000000e+00 0.0000000000000000e+00 1.0000000000000000e+00</transform>
    </camera>
    <camera id="91" label="DSC_0093.JPG" sensor_id="18" enabled="true">
      <transform>-6.2690233734238254e-01 7.7362633028306504e-01 -9.2172449937145018e-02 -7.1027971918322574e-01 -7.7750052085611654e-01 -6.1365154368078689e-01 1.3756715816885490e-01 -5.9757549800595378e-01 4.9863809552872118e-02 1.5790530083231896e-01 9.8619446179033554e-01 -3.8293550752693406e-01 0.0000000000000000e+00 0.0000000000000000e+00 0.0000000000000000e+00 1.0000000000000000e+00</transform>
    </camera>
    <camera id="92" label="DSC_0094.JPG" sensor_id="18" enabled="true">
      <transform>-5.0959975511835132e-01 8.2848312119319323e-01 -2.3221500270503792e-01 9.2467567824294195e-01 -8.4414645899914975e-01 -5.3364248627022437e-01 -5.1404791668967088e-02 1.7138847853387400e+00 -1.6650779363895502e-01 1.6982760301352032e-01 9.7130517341985201e-01 -1.3028742021858353e-01 0.0000000000000000e+00 0.0000000000000000e+00 0.0000000000000000e+00 1.0000000000000000e+00</transform>
    </camera>
    <camera id="93" label="DSC_0095.JPG" sensor_id="18" enabled="true">
      <transform>-3.3744628950514866e-01 8.7365167382085773e-01 -3.5051783767623196e-01 2.2603545678847627e+00 -8.5668208600573070e-01 -4.3934565624211097e-01 -2.7031684715914206e-01 4.3527056968208431e+00 -3.9016125540099128e-01 2.0906493529810949e-01 8.9669729988035585e-01 8.5949269998376554e-01 0.0000000000000000e+00 0.0000000000000000e+00 0.0000000000000000e+00 1.0000000000000000e+00</transform>
    </camera>
    <camera id="94" label="DSC_0096.JPG" sensor_id="18" enabled="true">
      <transform>-2.3752587150330903e-01 8.8966136839098797e-01 -3.8997962762081384e-01 2.7094709293762174e+00 -8.3667166974677909e-01 -3.9134531424998142e-01 -3.8318319647098326e-01 5.7191933587374493e+00 -4.9351998683916587e-01 2.3526898352153941e-01 8.3730909942685550e-01 1.6312426349648037e+00 0.0000000000000000e+00 0.0000000000000000e+00 0.0000000000000000e+00 1.0000000000000000e+00</transform>
    </camera>
    <camera id="95" label="DSC_0098.JPG" sensor_id="18" enabled="true">
      <transform>-7.5378929506586867e-02 9.0009879941877902e-01 -4.2911556517016924e-01 3.0886182731602361e+00 -7.6857369203713111e-01 -3.2662170108987576e-01 -5.5010248525667405e-01 7.6830602192493496e+00 -6.3530504239684293e-01 2.8834079777587585e-01 7.1641265164925538e-01 3.1448836240126141e+00 0.0000000000000000e+00 0.0000000000000000e+00 0.0000000000000000e+00 1.0000000000000000e+00</transform>
    </camera>
    <camera id="96" label="DSC_0099.JPG" sensor_id="18" enabled="true">
      <transform>2.0390044257929463e-01 8.8831457357416355e-01 -4.1148733624708239e-01 2.9646625601973788e+00 -5.5865985630621418e-01 -2.3958423068240639e-01 -7.9403939534524315e-01 9.9236273268649207e+00 -8.0394264376750635e-01 3.9178644027591264e-01 4.4741436135649565e-01 5.7108714699701357e+00 0.0000000000000000e+00 0.0000000000000000e+00 0.0000000000000000e+00 1.0000000000000000e+00</transform>
    </camera>
    <camera id="97" label="DSC_0100.JPG" sensor_id="18" enabled="true">
      <transform>3.4558814595003451e-01 8.6616800060936872e-01 -3.6100114694995966e-01 2.4291074448817818e+00 -4.1589741382351730e-01 -2.0347799777667661e-01 -8.8635548489063065e-01 1.1109273099491340e+01 -8.4118854875332660e-01 4.5645339207980851e-01 2.8991744739685632e-01 7.5760856872213171e+00 0.0000000000000000e+00 0.0000000000000000e+00 0.0000000000000000e+00 1.0000000000000000e+00</transform>
    </camera>
    <camera id="98" label="DSC_0101.JPG" sensor_id="18" enabled="true">
      <transform>3.4356312993865384e-01 8.6626767358098067e-01 -3.6269090622091837e-01 2.4224618505324997e+00 -4.1826250891495276e-01 -2.0463939073269505e-01 -8.8497412018472055e-01 1.1123261917592053e+01 -8.4084531834513088e-01 4.5574448704196824e-01 2.9202074095503644e-01 7.5859386667556494e+00 0.0000000000000000e+00 0.0000000000000000e+00 0.0000000000000000e+00 1.0000000000000000e+00</transform>
    </camera>
    <camera id="99" label="DSC_0102.JPG" sensor_id="18" enabled="true">
      <transform>4.2939740823733652e-01 8.4616517352038101e-01 -3.1563010775317563e-01 1.9258422026019399e+00 -3.1412801667501394e-01 -1.8773000208672028e-01 -9.3063474868303842e-01 1.1696766464370430e+01 -8.4672395439061487e-01 4.9876040885152789e-01 1.8519341139299877e-01 8.8088936517963283e+00 0.0000000000000000e+00 0.0000000000000000e+00 0.0000000000000000e+00 1.0000000000000000e+00</transform>
    </camera>
    <camera id="100" label="DSC_0103.JPG" sensor_id="18" enabled="true">
      <transform>5.1594794909738173e-01 8.1956310581975100e-01 -2.4922686332193161e-01 1.1702672500395601e+00 -1.9001618306716916e-01 -1.7419697691447508e-01 -9.6620353104635348e-01 1.2187945804336893e+01 -8.3527933291491729e-01 5.4586786754025129e-01 6.5853680172556106e-02 1.0259521657402734e+01 0.0000000000000000e+00 0.0000000000000000e+00 0.0000000000000000e+00 1.0000000000000000e+00</transform>
    </camera>
    <camera id="101" label="DSC_0104.JPG" sensor_id="18" enabled="true">
      <transform>5.9344955009293265e-01 7.8661423896842131e-01 -1.7045723964275417e-01 2.6726778850589739e-01 -6.0384351989436924e-02 -1.6767233603321161e-01 -9.8399172647130606e-01 1.2454901312337721e+01 -8.0260286663412284e-01 5.9424239732730055e-01 -5.2005881296168233e-02 1.1685377622512627e+01 0.0000000000000000e+00 0.0000000000000000e+00 0.0000000000000000e+00 1.0000000000000000e+00</transform>
    </camera>
    <camera id="102" label="DSC_0105.JPG" sensor_id="18" enabled="true">
      <transform>6.5981715225757687e-01 7.4746600849522760e-01 -7.7044738502470789e-02 -7.9889668290319404e-01 7.5949848119145902e-02 -1.6834532785020853e-01 -9.8279777734877105e-01 1.2510498944338812e+01 -7.4757805355519946e-01 6.4261529450770016e-01 -1.6784706463742946e-01 1.3111929463662076e+01 0.0000000000000000e+00 0.0000000000000000e+00 0.0000000000000000e+00 1.0000000000000000e+00</transform>
    </camera>
    <camera id="103" label="DSC_0106.JPG" sensor_id="18" enabled="true">
      <transform>7.2104282145637333e-01 6.9042986087025215e-01 5.8342581747097777e-02 -2.3903305510792894e+00 2.5606384042865782e-01 -1.8728061323774292e-01 -9.4834449517578878e-01 1.2188299347242660e+01 -6.4383892337381976e-01 6.9873641605685555e-01 -3.1183146349408264e-01 1.4875219384303218e+01 0.0000000000000000e+00 0.0000000000000000e+00 0.0000000000000000e+00 1.0000000000000000e+00</transform>
    </camera>
    <camera id="104" label="DSC_0107.JPG" sensor_id="18" enabled="true">
      <transform>7.4970311815829704e-01 6.3795694866220976e-01 1.7594364517461081e-01 -3.9339797899313709e+00 3.9379469865937911e-01 -2.1638950772779458e-01 -8.9336516400243160e-01 1.1521966837007039e+01 -5.3185615530093799e-01 7.3904432383918994e-01 -4.1345195303635834e-01 1.6272370604179244e+01 0.0000000000000000e+00 0.0000000000000000e+00 0.0000000000000000e+00 1.0000000000000000e+00</transform>
    </camera>
    <camera id="105" label="DSC_0108.JPG" sensor_id="18" enabled="true">
      <transform>7.5196921598226640e-01 5.9561584139134971e-01 2.8246073656119064e-01 -5.2148884425145745e+00 5.0484531692017476e-01 -2.4481696191095612e-01 -8.2776558345008400e-01 1.0779202956947058e+01 -4.2387911507738152e-01 7.6505321687080319e-01 -4.8478868711723450e-01 1.7159188574135776e+01 0.0000000000000000e+00 0.0000000000000000e+00 0.0000000000000000e+00 1.0000000000000000e+00</transform>
    </camera>
    <camera id="106" label="DSC_0109.JPG" sensor_id="18" enabled="true">
      <transform>7.3150181310594897e-01 5.4307653323061733e-01 4.1227779042403401e-01 -6.7785454413157780e+00 6.2352146447508594e-01 -2.8812261498314401e-01 -7.2677805558101383e-01 9.6094296651706834e+00 -2.7590955177658050e-01 7.8870351703887398e-01 -5.4938209057900422e-01 1.7977893580159400e+01 0.0000000000000000e+00 0.0000000000000000e+00 0.0000000000000000e+00 1.0000000000000000e+00</transform>
    </camera>
    <camera id="107" label="DSC_0110.JPG" sensor_id="18" enabled="true">
      <transform>6.8056903137314251e-01 4.9111706232316527e-01 5.4371851599047716e-01 -8.3740872352696112e+00 7.2466061258399006e-01 -3.4166737269622988e-01 -5.9843997443707908e-01 8.0997273892457571e+00 -1.0813320537752899e-01 8.0129110660852831e-01 -5.8842142412123422e-01 1.8495744773921430e+01 0.0000000000000000e+00 0.0000000000000000e+00 0.0000000000000000e+00 1.0000000000000000e+00</transform>
    </camera>
    <camera id="108" label="DSC_0111.JPG" sensor_id="18" enabled="true">
      <transform>6.1199869513884597e-01 4.4857954689083146e-01 6.5133247060127908e-01 -9.6838653482356474e+00 7.8955902457922844e-01 -3.9375625078512155e-01 -4.7069370260620846e-01 6.5885320779861569e+00 4.5322663799109320e-02 8.0232936196979654e-01 -5.9515834117257582e-01 1.8626120144031315e+01 0.0000000000000000e+00 0.0000000000000000e+00 0.0000000000000000e+00 1.0000000000000000e+00</transform>
    </camera>
    <camera id="109" label="DSC_0112.JPG" sensor_id="18" enabled="true">
      <transform>4.9852132792293702e-01 4.0252181543605142e-01 7.6775821304888514e-01 -1.1112986412370837e+01 8.3454566934837660e-01 -4.6247135277142143e-01 -2.9942240002652049e-01 4.5421355011721731e+00 2.3454213134919266e-01 7.8999774427768910e-01 -5.6647467080032909e-01 1.8342034559095215e+01 0.0000000000000000e+00 0.0000000000000000e+00 0.0000000000000000e+00 1.0000000000000000e+00</transform>
    </camera>
    <camera id="110" label="DSC_0114.JPG" sensor_id="18" enabled="true">
      <transform>1.7520668068153378e-01 3.4648571154988389e-01 9.2154775825039592e-01 -1.3039527320789061e+01 7.8439506065450648e-01 -6.1481360465653601e-01 8.2028168028122073e-02 -4.0102683906026115e-02 5.9500168727943326e-01 7.0848562668624926e-01 -3.7950113163681121e-01 1.6204092942236493e+01 0.0000000000000000e+00 0.0000000000000000e+00 0.0000000000000000e+00 1.0000000000000000e+00</transform>
    </camera>
    <camera id="111" label="DSC_0115.JPG" sensor_id="18" enabled="true">
      <transform>-5.5186856512577931e-02 3.4185265310073376e-01 9.3813174684382683e-01 -1.3349165556231188e+01 6.4936617698550214e-01 -7.0143102736944285e-01 2.9379939079358491e-01 -2.6191497501415757e+00 7.5847081621872192e-01 6.2540489077991501e-01 -1.8327777697546643e-01 1.3936256110072801e+01 0.0000000000000000e+00 0.0000000000000000e+00 0.0000000000000000e+00 1.0000000000000000e+00</transform>
    </camera>
    <camera id="112" label="DSC_0116.JPG" sensor_id="18" enabled="true">
      <transform>-2.6983749251980305e-01 3.6127908686285276e-01 8.9256100577280917e-01 -1.2830426189229820e+01 4.6460453031265653e-01 -7.6305670619689692e-01 4.4931847674105108e-01 -4.5285779746051116e+00 8.4340403013240406e-01 5.3593085796909090e-01 3.8049407786889478e-02 1.1328684735810764e+01 0.0000000000000000e+00 0.0000000000000000e+00 0.0000000000000000e+00 1.0000000000000000e+00</transform>
    </camera>
    <camera id="113" label="DSC_0117.JPG" sensor_id="18" enabled="true">
      <transform>-4.3374170319518712e-01 3.9672147070617719e-01 8.0899951148938631e-01 -1.1845951695122334e+01 2.7466152376505198e-01 -7.9690811357207036e-01 5.3805065364337568e-01 -5.6818548347730928e+00 8.5815452120955327e-01 4.5557604546741892e-01 2.3668815881634186e-01 8.8756803078233872e+00 0.0000000000000000e+00 0.0000000000000000e+00 0.0000000000000000e+00 1.0000000000000000e+00</transform>
    </camera>
    <camera id="114" label="DSC_0118.JPG" sensor_id="18" enabled="true">
      <transform>-5.2741421830743673e-01 4.3056152599245912e-01 7.3242816348239947e-01 -1.0944710180380458e+01 1.3244260660725662e-01 -8.0987296121226526e-01 5.7145843475475278e-01 -6.1338876951452352e+00 8.3922178134402059e-01 3.9839999878554416e-01 3.7011382395885661e-01 7.2296633780331971e+00 0.0000000000000000e+00 0.0000000000000000e+00 0.0000000000000000e+00 1.0000000000000000e+00</transform>
    </camera>
    <camera id="115" label="DSC_0119.JPG" sensor_id="18" enabled="true">
      <transform>-5.9063151177703466e-01 4.5900590550902121e-01 6.6367762957916399e-01 -1.0121552979733735e+01 2.1639772002486818e-02 -8.1315540358487581e-01 5.8164422965279905e-01 -6.2576740118178993e+00 8.0665118704657890e-01 3.5789924326346545e-01 4.7034242218598954e-01 6.0293335382632653e+00 0.0000000000000000e+00 0.0000000000000000e+00 0.0000000000000000e+00 1.0000000000000000e+00</transform>
    </camera>
    <camera id="116" label="DSC_0120.JPG" sensor_id="18" enabled="true">
      <transform>-6.4083374570975726e-01 4.8905203851077184e-01 5.9174336835156915e-01 -9.2392475734064021e+00 -8.4764843425757380e-02 -8.1118448108807428e-01 5.7861443030819626e-01 -6.2414492602808647e+00 7.6298560384754910e-01 3.2063661872956772e-01 5.6128880894870969e-01 4.8840944067576890e+00 0.0000000000000000e+00 0.0000000000000000e+00 0.0000000000000000e+00 1.0000000000000000e+00</transform>
    </camera>
    <camera id="117" label="DSC_0121.JPG" sensor_id="18" enabled="true">
      <transform>-6.6551082816717377e-01 5.1549985359563855e-01 5.3977332143698775e-01 -8.2636162430242344e+00 -1.5986460812799236e-01 -8.0484566545097957e-01 5.7154768993746541e-01 -6.0589348757348223e+00 7.2906696857032682e-01 2.9408052595784873e-01 6.1804368744614557e-01 3.7841553263702163e+00 0.0000000000000000e+00 0.0000000000000000e+00 0.0000000000000000e+00 1.0000000000000000e+00</transform>
    </camera>
    <camera id="118" label="DSC_0122.JPG" sensor_id="18" enabled="true">
      <transform>-7.0612095627864502e-01 5.5934026254450619e-01 4.3420233279057224e-01 -6.9742442960044464e+00 -2.9392037023115192e-01 -7.8940836070652498e-01 5.3892973197794491e-01 -5.6003192086460540e+00 6.4420804952073873e-01 2.5292866730222557e-01 7.2181928360872016e-01 2.5651173287609907e+00 0.0000000000000000e+00 0.0000000000000000e+00 0.0000000000000000e+00 1.0000000000000000e+00</transform>
    </camera>
    <camera id="119" label="DSC_0123.JPG" sensor_id="18" enabled="true">
      <transform>-7.2971485947275028e-01 6.1229511693536154e-01 3.0432041279180766e-01 -5.4023250488801118e+00 -4.4231614516633477e-01 -7.6212152636072761e-01 4.7278663980995561e-01 -4.7515302449419803e+00 5.2141408840753256e-01 2.1039360454801551e-01 8.2695941833649578e-01 1.3714103557306423e+00 0.0000000000000000e+00 0.0000000000000000e+00 0.0000000000000000e+00 1.0000000000000000e+00</transform>
    </camera>
    <camera id="120" label="DSC_0124.JPG" sensor_id="19" enabled="true">
      <transform>-8.7717687479272399e-01 -3.0954988364898478e-01 3.6706893066802826e-01 -5.9313217823918762e+00 -1.5215022640774989e-01 -5.4588072008611566e-01 -8.2393236860942320e-01 1.0800094865743965e+01 4.5542402103198310e-01 -7.7858404104577172e-01 4.3173585917305524e-01 6.1939883591441038e+00 0.0000000000000000e+00 0.0000000000000000e+00 0.0000000000000000e+00 1.0000000000000000e+00</transform>
    </camera>
    <camera id="121" label="DSC_0125.JPG" sensor_id="19" enabled="true">
      <transform>-9.3206486604588856e-01 -2.6162773711816195e-01 2.5061127798502980e-01 -4.5127356960315801e+00 -7.2668478039564846e-02 -5.4267331963155119e-01 -8.3679445532310126e-01 1.0920346126909319e+01 3.5492869394044946e-01 -7.9815825205939106e-01 4.8679464549974705e-01 5.6003961148904420e+00 0.0000000000000000e+00 0.0000000000000000e+00 0.0000000000000000e+00 1.0000000000000000e+00</transform>
    </camera>
    <camera id="122" label="DSC_0126.JPG" sensor_id="19" enabled="true">
      <transform>-9.7048883784224693e-01 -2.0930821711417746e-01 1.1975594295102508e-01 -2.9332696571095624e+00 1.3267704829447988e-02 -5.4220546301894956e-01 -8.4014118092197154e-01 1.0900871130082797e+01 2.4078077920000895e-01 -8.1375875179373069e-01 5.2898138932002658e-01 5.1422706499077755e+00 0.0000000000000000e+00 0.0000000000000000e+00 0.0000000000000000e+00 1.0000000000000000e+00</transform>
    </camera>
    <camera id="123" label="DSC_0127.JPG" sensor_id="19" enabled="true">
      <transform>-9.8755878883387005e-01 -1.5716839332602350e-01 -5.0729415821568064e-03 -1.4133802890390661e+00 9.1346672649267074e-02 -5.4711526588572279e-01 -8.3205809366335870e-01 1.0773151972152112e+01 1.2799774995243962e-01 -8.2216967955167941e-01 5.5466529910658868e-01 4.8750715527914821e+00 0.0000000000000000e+00 0.0000000000000000e+00 0.0000000000000000e+00 1.0000000000000000e+00</transform>
    </camera>
    <camera id="124" label="DSC_0128.JPG" sensor_id="19" enabled="true">
      <transform>-9.8853094185356027e-01 -1.1123087649594673e-01 -1.0214827023526318e-01 2.1623512033743975e-01 1.4712189458303312e-01 -5.5664561886224639e-01 -8.1761898408474176e-01 1.0497676798599260e+01 3.4084089138655321e-02 -8.2326991146003248e-01 5.6662591517876926e-01 4.7775649406602971e+00 0.0000000000000000e+00 0.0000000000000000e+00 0.0000000000000000e+00 1.0000000000000000e+00</transform>
    </camera>
    <camera id="125" label="DSC_0129.JPG" sensor_id="19" enabled="true">
      <transform>-9.7563513219109566e-01 -7.0273792644291511e-02 -2.0784052276168491e-01 1.4343908136349883e+00 2.1054130668212284e-01 -5.6634072163475468e-01 -7.9682529151553017e-01 1.0214267107952567e+01 -6.1712616336107765e-02 -8.2116976386470319e-01 5.6733744094616201e-01 4.8585425771750543e+00 0.0000000000000000e+00 0.0000000000000000e+00 0.0000000000000000e+00 1.0000000000000000e+00</transform>
    </camera>
    <camera id="126" label="DSC_0131.JPG" sensor_id="19" enabled="true">
      <transform>-8.9200471198508113e-01 2.7607241365827789e-02 -4.5118226252877175e-01 4.3073825366557896e+00 3.4599855340668362e-01 -6.0060664520229678e-01 -7.2080278771611639e-01 9.1937118199411607e+00 -2.9088244160982785e-01 -7.9906789321246741e-01 5.2619189199387484e-01 5.5367717709927433e+00 0.0000000000000000e+00 0.0000000000000000e+00 0.0000000000000000e+00 1.0000000000000000e+00</transform>
    </camera>
    <camera id="127" label="DSC_0133.JPG" sensor_id="19" enabled="true">
      <transform>-6.7322765476654767e-01 1.3561483727494564e-01 -7.2689279867696033e-01 7.4715086033110154e+00 4.8082784287267322e-01 -6.6653286371460940e-01 -5.6968283027208544e-01 7.2495037912953126e+00 -5.6175538304136075e-01 -7.3303653217236853e-01 3.8352096699497640e-01 7.4545300273228365e+00 0.0000000000000000e+00 0.0000000000000000e+00 0.0000000000000000e+00 1.0000000000000000e+00</transform>
    </camera>
    <camera id="128" label="DSC_0134.JPG" sensor_id="19" enabled="true">
      <transform>-6.7373312016124709e-01 1.3601753088188967e-01 -7.2634903048781219e-01 7.4323289664192922e+00 4.8094245289339793e-01 -6.6554890463734939e-01 -5.7073550138475360e-01 7.2231553928160492e+00 -5.6105083531055566e-01 -7.3385549451429377e-01 3.8298573520238255e-01 7.4748495873464815e+00 0.0000000000000000e+00 0.0000000000000000e+00 0.0000000000000000e+00 1.0000000000000000e+00</transform>
    </camera>
    <camera id="129" label="DSC_0135.JPG" sensor_id="19" enabled="true">
      <transform>-4.8075189674667934e-01 1.8650155524184842e-01 -8.5679331443869367e-01 8.8760810291251016e+00 5.3037517823445179e-01 -7.1626271832077237e-01 -4.5350842181431589e-01 5.8088401088932473e+00 -6.9826913442256910e-01 -6.7244694083333423e-01 2.4542886479924608e-01 9.2342072417222330e+00 0.0000000000000000e+00 0.0000000000000000e+00 0.0000000000000000e+00 1.0000000000000000e+00</transform>
    </camera>
    <camera id="130" label="DSC_0136.JPG" sensor_id="19" enabled="true">
      <transform>-3.0101068209249349e-01 2.1242620322948239e-01 -9.2965997948051882e-01 9.6193701002784859e+00 5.5021276168116895e-01 -7.5755424271679606e-01 -3.5125131490851813e-01 4.5454676204116051e+00 -7.7888284494485649e-01 -6.1724118262093330e-01 1.1115231138990667e-01 1.0920731072555316e+01 0.0000000000000000e+00 0.0000000000000000e+00 0.0000000000000000e+00 1.0000000000000000e+00</transform>
    </camera>
    <camera id="131" label="DSC_0137.JPG" sensor_id="19" enabled="true">
      <transform>-3.0588344101901810e-02 2.2650831128354218e-01 -9.7352880703376321e-01 9.9419544011624872e+00 5.4493187039156665e-01 -8.1272625429922296e-01 -2.0621661476298114e-01 3.1369638749043265e+00 -8.3792219796151290e-01 -5.3681469846887853e-01 -9.8571647399820939e-02 1.2932820400469225e+01 0.0000000000000000e+00 0.0000000000000000e+00 0.0000000000000000e+00 1.0000000000000000e+00</transform>
    </camera>
    <camera id="132" label="DSC_0138.JPG" sensor_id="19" enabled="true">
      <transform>2.0428387840848783e-01 2.1340636135484520e-01 -9.5536685202893212e-01 9.7487952982717196e+00 5.0530235484287567e-01 -8.5886362298892327e-01 -8.3802191478417110e-02 1.8376645325296028e+00 -8.3841375657406225e-01 -4.6562968337470273e-01 -2.8328672885919537e-01 1.4897077899016477e+01 0.0000000000000000e+00 0.0000000000000000e+00 0.0000000000000000e+00 1.0000000000000000e+00</transform>
    </camera>
    <camera id="133" label="DSC_0139.JPG" sensor_id="19" enabled="true">
      <transform>4.0556546839135399e-01 1.8941346370192189e-01 -8.9422546967582117e-01 9.1037804266398350e+00 4.3977949671087369e-01 -8.9805833539857804e-01 9.2314946712767632e-03 7.3219844204888496e-01 -8.0131806738724731e-01 -3.9700600246038587e-01 -4.4752160717577816e-01 1.6792793432567890e+01 0.0000000000000000e+00 0.0000000000000000e+00 0.0000000000000000e+00 1.0000000000000000e+00</transform>
    </camera>
    <camera id="134" label="DSC_0140.JPG" sensor_id="19" enabled="true">
      <transform>6.4732247394999187e-01 1.2665740827854116e-01 -7.5161926242441679e-01 7.4593744111736751e+00 3.2149781939693362e-01 -9.3945676365688180e-01 1.1857546686542852e-01 -6.1078686929434234e-01 -6.9109533846082194e-01 -3.1840051844728617e-01 -6.4885155699144414e-01 1.9257076538157733e+01 0.0000000000000000e+00 0.0000000000000000e+00 0.0000000000000000e+00 1.0000000000000000e+00</transform>
    </camera>
    <camera id="135" label="DSC_0141.JPG" sensor_id="19" enabled="true">
      <transform>8.1869473530965464e-01 3.6640255666623919e-02 -5.7305882947646747e-01 5.3565612910238807e+00 1.8597887675082986e-01 -9.6109062067943540e-01 2.0424660644553458e-01 -1.6855994163525487e+00 -5.4327781822816423e-01 -2.7379245882000092e-01 -7.9365414489848396e-01 2.1055356520604882e+01 0.0000000000000000e+00 0.0000000000000000e+00 0.0000000000000000e+00 1.0000000000000000e+00</transform>
    </camera>
    <camera id="136" label="DSC_0142.JPG" sensor_id="19" enabled="true">
      <transform>8.9631926722030197e-01 -2.1625152143222345e-02 -4.4288161398328907e-01 3.8266239432360729e+00 9.1212480796910245e-02 -9.6845684410004951e-01 2.3188709421320894e-01 -2.0438190013309825e+00 -4.3392632388060293e-01 -2.4824120107378397e-01 -8.6607404506364882e-01 2.1956277151338679e+01 0.0000000000000000e+00 0.0000000000000000e+00 0.0000000000000000e+00 1.0000000000000000e+00</transform>
    </camera>
    <camera id="137" label="DSC_0143.JPG" sensor_id="19" enabled="true">
      <transform>9.4626625783192120e-01 -7.7703494626061714e-02 -3.1391453647716105e-01 2.3253436204246514e+00 1.9318120034725328e-03 -9.6932832298722216e-01 2.4576181631238583e-01 -2.2471404388463281e+00 -3.2338280317783830e-01 -2.3316253810952828e-01 -9.1709257625997953e-01 2.2593858843437683e+01 0.0000000000000000e+00 0.0000000000000000e+00 0.0000000000000000e+00 1.0000000000000000e+00</transform>
    </camera>
    <camera id="138" label="DSC_0145.JPG" sensor_id="19" enabled="true">
      <transform>9.7516357207680204e-01 -1.2651469991373449e-01 -1.8179669523989880e-01 9.8230569110376997e-01 -8.1434537995117517e-02 -9.6811374859551957e-01 2.3690543641261752e-01 -2.1950575298541519e+00 -2.0597190030665033e-01 -2.1621702173064156e-01 -9.5437192739413623e-01 2.3021369031675871e+01 0.0000000000000000e+00 0.0000000000000000e+00 0.0000000000000000e+00 1.0000000000000000e+00</transform>
    </camera>
    <camera id="139" label="DSC_0147.JPG" sensor_id="19" enabled="true">
      <transform>9.6826628970335593e-01 -2.3587292797692075e-01 8.2609648780826245e-02 -2.6007799498943864e+00 -2.4760400258945439e-01 -9.5027245298629093e-01 1.8887700494527915e-01 -1.6370907263742271e+00 3.3950701403337370e-02 -2.0333771647928944e-01 -9.7851986332992213e-01 2.3500331344981817e+01 0.0000000000000000e+00 0.0000000000000000e+00 0.0000000000000000e+00 1.0000000000000000e+00</transform>
    </camera>
    <camera id="140" label="DSC_0149.JPG" sensor_id="19" enabled="true">
      <transform>8.8279231040186190e-01 -3.3500771471464852e-01 3.2931378315675153e-01 -5.6048455694154828e+00 -3.8665510687004656e-01 -9.1630014909141622e-01 1.0436409874262939e-01 -6.7283664582067182e-01 2.6678749038636751e-01 -2.1946267987226689e-01 -9.3843516937326399e-01 2.3092059798418227e+01 0.0000000000000000e+00 0.0000000000000000e+00 0.0000000000000000e+00 1.0000000000000000e+00</transform>
    </camera>
    <camera id="141" label="DSC_0151.JPG" sensor_id="19" enabled="true">
      <transform>7.5191497528797069e-01 -4.0858645315339309e-01 5.1737895225571429e-01 -7.9540324641247988e+00 -4.8266040118711190e-01 -8.7575213534853213e-01 9.8556866012630973e-03 4.9960684655657239e-01 4.4906882219052657e-01 -2.5712897100874543e-01 -8.5569964660761477e-01 2.2166804526213937e+01 0.0000000000000000e+00 0.0000000000000000e+00 0.0000000000000000e+00 1.0000000000000000e+00</transform>
    </camera>
    <camera id="142" label="DSC_0152.JPG" sensor_id="19" enabled="true">
      <transform>6.8142140619564451e-01 -4.3657820819123366e-01 5.8742176952414893e-01 -8.8278438606955767e+00 -5.1473732302588537e-01 -8.5644163954690122e-01 -3.9410738820288574e-02 1.0669810477032158e+00 5.2029833313445828e-01 -2.7551258806585871e-01 -8.0832076452034607e-01 2.1599106068409480e+01 0.0000000000000000e+00 0.0000000000000000e+00 0.0000000000000000e+00 1.0000000000000000e+00</transform>
    </camera>
    <camera id="143" label="DSC_0153.JPG" sensor_id="19" enabled="true">
      <transform>6.1902681161691397e-01 -4.5584158029894023e-01 6.3954222704209474e-01 -9.5019266505150988e+00 -5.3676814684242768e-01 -8.4000666257247747e-01 -7.9175522538180026e-02 1.5626398808793152e+00 5.7331122702659809e-01 -2.9427412476195169e-01 -7.6466788637999161e-01 2.1120980672350463e+01 0.0000000000000000e+00 0.0000000000000000e+00 0.0000000000000000e+00 1.0000000000000000e+00</transform>
    </camera>
    <camera id="144" label="DSC_0154.JPG" sensor_id="19" enabled="true">
      <transform>6.1844378893854257e-01 -4.5653011378557762e-01 6.3961514610761550e-01 -9.4777933951065130e+00 -5.3592185793512970e-01 -8.4031509334191645e-01 -8.1598444158727024e-02 1.5500549499638474e+00 5.7473040820083410e-01 -2.9231968648842954e-01 -7.6435211701192318e-01 2.1077652826884986e+01 0.0000000000000000e+00 0.0000000000000000e+00 0.0000000000000000e+00 1.0000000000000000e+00</transform>
    </camera>
    <camera id="145" label="DSC_0155.JPG" sensor_id="19" enabled="true">
      <transform>5.0680348568359035e-01 -4.8623449899501442e-01 7.1184706144369925e-01 -1.0388469933873171e+01 -5.6584433166187342e-01 -8.1059854030065015e-01 -1.5083169026627985e-01 2.3866527076511534e+00 6.5036176027276571e-01 -3.2635259834958030e-01 -6.8594720082917982e-01 2.0135699059090086e+01 0.0000000000000000e+00 0.0000000000000000e+00 0.0000000000000000e+00 1.0000000000000000e+00</transform>
    </camera>
    <camera id="146" label="DSC_0156.JPG" sensor_id="19" enabled="true">
      <transform>5.0852899439245758e-01 -4.8303736184616897e-01 7.1279251463724635e-01 -1.0419556506854507e+01 -5.6619952414355645e-01 -8.1126636691850207e-01 -1.4582517192331521e-01 2.4001154516404650e+00 6.4870360005306427e-01 -3.2942645456542718e-01 -6.8604799417434825e-01 2.0170330826298351e+01 0.0000000000000000e+00 0.0000000000000000e+00 0.0000000000000000e+00 1.0000000000000000e+00</transform>
    </camera>
    <camera id="147" label="DSC_0157.JPG" sensor_id="19" enabled="true">
      <transform>3.9461277776541948e-01 -5.0336991880207893e-01 7.6869986371108978e-01 -1.1117612247714309e+01 -5.8266720948498374e-01 -7.8396139218882643e-01 -2.1425092426484238e-01 3.2312151154730042e+00 7.1047848568077110e-01 -3.6335005215707006e-01 -6.0265832855956847e-01 1.9134652606073608e+01 0.0000000000000000e+00 0.0000000000000000e+00 0.0000000000000000e+00 1.0000000000000000e+00</transform>
    </camera>
    <camera id="148" label="DSC_0158.JPG" sensor_id="19" enabled="true">
      <transform>2.7608333515574612e-01 -5.1922828004287369e-01 8.0881393735085882e-01 -1.1664619106469981e+01 -5.9033403186268452e-01 -7.5568955065689192e-01 -2.8361776011514461e-01 4.0686434310983444e+00 7.5847460265590094e-01 -3.9916825554107371e-01 -5.1515141550253873e-01 1.8099907011138217e+01 0.0000000000000000e+00 0.0000000000000000e+00 0.0000000000000000e+00 1.0000000000000000e+00</transform>
    </camera>
    <camera id="149" label="DSC_0159.JPG" sensor_id="19" enabled="true">
      <transform>1.4046130415398572e-01 -5.2903028154521836e-01 8.3689759423931220e-01 -1.2017408708490002e+01 -5.8738070829517586e-01 -7.2498198002608716e-01 -3.5970130964469904e-01 4.9445953729351704e+00 7.9702856006420442e-01 -4.4105338661622484e-01 -4.1257409588622973e-01 1.6883193758143282e+01 0.0000000000000000e+00 0.0000000000000000e+00 0.0000000000000000e+00 1.0000000000000000e+00</transform>
    </camera>
    <camera id="150" label="DSC_0160.JPG" sensor_id="19" enabled="true">
      <transform>1.1381691982409015e-02 -5.3029190631443168e-01 8.4773872813799400e-01 -1.2163352110391436e+01 -5.7388840398055485e-01 -6.9772875997070183e-01 -4.2875013386166805e-01 5.7522644266361480e+00 8.1885441738093423e-01 -4.8162752372258877e-01 -3.1226970959184974e-01 1.5692641984874374e+01 0.0000000000000000e+00 0.0000000000000000e+00 0.0000000000000000e+00 1.0000000000000000e+00</transform>
    </camera>
    <camera id="151" label="DSC_0161.JPG" sensor_id="19" enabled="true">
      <transform>-1.0445759351709838e-01 -5.2729031887142930e-01 8.4323990108455071e-01 -1.2132388928049210e+01 -5.5303855822644987e-01 -6.7389859082159664e-01 -4.8990717733411088e-01 6.4643284301116708e+00 8.2658149281932636e-01 -5.1751870392588972e-01 -2.2121805264363270e-01 1.4598653407724562e+01 0.0000000000000000e+00 0.0000000000000000e+00 0.0000000000000000e+00 1.0000000000000000e+00</transform>
    </camera>
    <camera id="152" label="DSC_0162.JPG" sensor_id="19" enabled="true">
      <transform>-2.1080537150053913e-01 -5.2043352292326051e-01 8.2747208023244101e-01 -1.1981978796475744e+01 -5.2713335556440233e-01 -6.5234954581348203e-01 -5.4458286378507825e-01 7.1095450883504281e+00 8.2322021403627643e-01 -5.5098912720182391e-01 -1.3681908093332296e-01 1.3585343548661207e+01 0.0000000000000000e+00 0.0000000000000000e+00 0.0000000000000000e+00 1.0000000000000000e+00</transform>
    </camera>
    <camera id="153" label="DSC_0163.JPG" sensor_id="19" enabled="true">
      <transform>-3.2138351566749090e-01 -5.0740751899992909e-01 7.9953126613006220e-01 -1.1691439021313091e+01 -4.9309055428471499e-01 -6.3115331116870588e-01 -5.9875471027455918e-01 7.7827800676190906e+00 8.0843944803083190e-01 -5.8667120899454006e-01 -4.7355584723330457e-02 1.2485422250662072e+01 0.0000000000000000e+00 0.0000000000000000e+00 0.0000000000000000e+00 1.0000000000000000e+00</transform>
    </camera>
    <camera id="154" label="DSC_0164.JPG" sensor_id="19" enabled="true">
      <transform>-3.9684154775787073e-01 -4.9295376403769442e-01 7.7428248882058959e-01 -1.1260008025085757e+01 -4.7166476132833757e-01 -6.1414278047821291e-01 -6.3274086173375255e-01 8.4029495385267481e+00 7.8743199001197539e-01 -6.1629962819034578e-01 1.1208452088550813e-02 1.1462084144067852e+01 0.0000000000000000e+00 0.0000000000000000e+00 0.0000000000000000e+00 1.0000000000000000e+00</transform>
    </camera>
    <camera id="155" label="DSC_0165.JPG" sensor_id="19" enabled="true">
      <transform>-5.0277267231379086e-01 -4.7012767708719810e-01 7.2539617259194611e-01 -1.0661350167831905e+01 -4.2622429086375530e-01 -5.9524105244505532e-01 -6.8119082742047521e-01 8.9867726135213353e+00 7.5203224256153944e-01 -6.5166560191611911e-01 9.8891098826758062e-02 1.0405381158077674e+01 0.0000000000000000e+00 0.0000000000000000e+00 0.0000000000000000e+00 1.0000000000000000e+00</transform>
    </camera>
    <camera id="156" label="DSC_0166.JPG" sensor_id="19" enabled="true">
      <transform>-5.9558746619234926e-01 -4.4566389562754760e-01 6.6832571568708599e-01 -9.9621586448774462e+00 -3.7624994456790140e-01 -5.8030972150693216e-01 -7.2227183687113128e-01 9.4928456260910714e+00 7.0972639046834696e-01 -6.8163356670474007e-01 1.7794418061332218e-01 9.4363957728618715e+00 0.0000000000000000e+00 0.0000000000000000e+00 0.0000000000000000e+00 1.0000000000000000e+00</transform>
    </camera>
    <camera id="157" label="DSC_0167.JPG" sensor_id="19" enabled="true">
      <transform>-6.5766036744112710e-01 -4.2083320529723356e-01 6.2480577335397447e-01 -9.0774105088103738e+00 -3.4288031300279898e-01 -5.7128762124635180e-01 -7.4569668415904022e-01 9.9874371397353343e+00 6.7075772977454706e-01 -7.0464875443723107e-01 2.3141780574915638e-01 8.4720467796306664e+00 0.0000000000000000e+00 0.0000000000000000e+00 0.0000000000000000e+00 1.0000000000000000e+00</transform>
    </camera>
    <camera id="158" label="DSC_0168.JPG" sensor_id="19" enabled="true">
      <transform>-7.2748527770621019e-01 -3.9464268406903114e-01 5.6126849424451841e-01 -8.2791895759057841e+00 -2.9374253294241881e-01 -5.6013144451327990e-01 -7.7457607063995870e-01 1.0287851530730570e+01 6.2006491197397240e-01 -7.2836111701425765e-01 2.9156403783809171e-01 7.7615489474578432e+00 0.0000000000000000e+00 0.0000000000000000e+00 0.0000000000000000e+00 1.0000000000000000e+00</transform>
    </camera>
    <camera id="159" label="DSC_0169.JPG" sensor_id="19" enabled="true">
      <transform>-8.2549617420206256e-01 -3.4546079034336730e-01 4.4633273318578615e-01 -6.8301846732658174e+00 -2.0857989198768190e-01 -5.4809269024536555e-01 -8.0999310587066409e-01 1.0679329326808979e+01 5.2445256700312293e-01 -7.6174224330473750e-01 3.8039224456986687e-01 6.7490801142506953e+00 0.0000000000000000e+00 0.0000000000000000e+00 0.0000000000000000e+00 1.0000000000000000e+00</transform>
    </camera>
    <camera id="160" label="DSC_0170.JPG" sensor_id="19" enabled="true">
      <transform>-9.0838260646264413e-01 -2.8505320686122038e-01 3.0591781499982512e-01 -4.9781598206987328e+00 -1.1142438002544841e-01 -5.4014355750534693e-01 -8.3416397957560640e-01 1.0925861590841134e+01 4.0302065432441220e-01 -7.9182675285923665e-01 4.5889513578193508e-01 5.8259463474287134e+00 0.0000000000000000e+00 0.0000000000000000e+00 0.0000000000000000e+00 1.0000000000000000e+00</transform>
    </camera>
    <camera id="161" label="DSC_0171.JPG" sensor_id="19" enabled="true">
      <transform>-9.0887034947159862e-01 -2.8529426281665843e-01 3.0423982555752588e-01 -4.9838812903589798e+00 -1.0987649947218514e-01 -5.3990508821430572e-01 -8.3452360696629901e-01 1.0930616830349468e+01 4.0234542710849003e-01 -7.9190256933804826e-01 4.5935659128903827e-01 5.8237097767523087e+00 0.0000000000000000e+00 0.0000000000000000e+00 0.0000000000000000e+00 1.0000000000000000e+00</transform>
    </camera>
    <camera id="162" label="DSC_0172.JPG" sensor_id="19" enabled="true">
      <transform>-9.6563969015782947e-01 -2.1704404856042306e-01 1.4294009156423451e-01 -2.9869735286506485e+00 -3.2980583532805086e-03 -5.3973512877681928e-01 -8.4182843476290858e-01 1.0936532296749954e+01 2.5986364040201809e-01 -8.1337437367350773e-01 5.2047383858195939e-01 5.1686180152742569e+00 0.0000000000000000e+00 0.0000000000000000e+00 0.0000000000000000e+00 1.0000000000000000e+00</transform>
    </camera>
    <camera id="163" label="DSC_0173.JPG" sensor_id="19" enabled="true">
      <transform>-9.8965539973147132e-01 -1.4280085711870993e-01 -1.3787856559433119e-02 -7.1479591596788072e-01 9.0475295235455944e-02 -5.4664589184364298e-01 -8.3246170475435410e-01 1.0689407989310485e+01 1.1133916981188063e-01 -8.2509768157269114e-01 5.5391100831177897e-01 4.8203092450972971e+00 0.0000000000000000e+00 0.0000000000000000e+00 0.0000000000000000e+00 1.0000000000000000e+00</transform>
    </camera>
    <camera id="164" label="DSC_0174.JPG" sensor_id="19" enabled="true">
      <transform>-9.8581580175408845e-01 -1.0413525382632194e-01 -1.3161707306604004e-01 1.5724749112555481e-01 1.6737979197544994e-01 -5.5257315511623806e-01 -8.1648448453301348e-01 1.0518445169101176e+01 1.2296757710832842e-02 -8.2693334504989768e-01 5.6216548506146047e-01 4.7936900759975511e+00 0.0000000000000000e+00 0.0000000000000000e+00 0.0000000000000000e+00 1.0000000000000000e+00</transform>
    </camera>
    <camera id="165" label="DSC_0175.JPG" sensor_id="19" enabled="true">
      <transform>-9.6960559916590494e-01 -5.3156675415099150e-02 -2.3882912285762037e-01 1.9155710639910413e+00 2.2610708567387966e-01 -5.6764674364364076e-01 -7.9161402226011368e-01 1.0079367960163035e+01 -9.3491004242073295e-02 -8.2155434530503502e-01 5.6241256194738776e-01 4.9109357756813452e+00 0.0000000000000000e+00 0.0000000000000000e+00 0.0000000000000000e+00 1.0000000000000000e+00</transform>
    </camera>
    <camera id="166" label="DSC_0177.JPG" sensor_id="19" enabled="true">
      <transform>-8.3410628898002948e-01 7.0054208731535172e-02 -5.4713719168318453e-01 5.4768004754838513e+00 3.9318230480222177e-01 -6.2018126284206598e-01 -6.7880989710671780e-01 8.5629599165233206e+00 -3.8687772470688475e-01 -7.8132426626760965e-01 4.8975301639398228e-01 6.0575886030064616e+00 0.0000000000000000e+00 0.0000000000000000e+00 0.0000000000000000e+00 1.0000000000000000e+00</transform>
    </camera>
    <camera id="167" label="DSC_0178.JPG" sensor_id="19" enabled="true">
      <transform>-7.0990369366224937e-01 1.2416947083258528e-01 -6.9326667901886863e-01 7.1233486143740175e+00 4.6393291265131148e-01 -6.5816286288358161e-01 -5.9294847877345824e-01 7.4756742696825942e+00 -5.2990848104513844e-01 -7.4256554487401538e-01 4.0962594312664180e-01 7.1750085400724384e+00 0.0000000000000000e+00 0.0000000000000000e+00 0.0000000000000000e+00 1.0000000000000000e+00</transform>
    </camera>
    <camera id="168" label="DSC_0179.JPG" sensor_id="19" enabled="true">
      <transform>-5.8136346457681021e-01 1.6202959461684457e-01 -7.9734743526492213e-01 8.2225370985319639e+00 5.0923176376287449e-01 -6.9185123848785712e-01 -5.1188365336057606e-01 6.5228097117230561e+00 -6.3458611143815635e-01 -7.0362509496969994e-01 3.1970641673053835e-01 8.3058763290957760e+00 0.0000000000000000e+00 0.0000000000000000e+00 0.0000000000000000e+00 1.0000000000000000e+00</transform>
    </camera>
    <camera id="169" label="DSC_0180.JPG" sensor_id="19" enabled="true">
      <transform>-4.0065384849141472e-01 1.9858110749711122e-01 -8.9445069033135594e-01 9.2662574471531158e+00 5.4122278086393494e-01 -7.3641176636550321e-01 -4.0592562352276873e-01 5.2310515382887157e+00 -7.3929317267436445e-01 -6.4673275323247725e-01 1.8756958904207288e-01 9.9661870847005076e+00 0.0000000000000000e+00 0.0000000000000000e+00 0.0000000000000000e+00 1.0000000000000000e+00</transform>
    </camera>
    <camera id="38" label="DSC_0182.JPG" sensor_id="7" enabled="true">
      <transform>9.5401324010126243e-01 6.0211871254888583e-02 -2.9365501574377328e-01 2.2268141568224071e+00 -5.6955885240059290e-02 9.9818360280751373e-01 1.9634719828225781e-02 -1.4481313214383942e-01 2.9430386482003967e-01 -2.0064013049360275e-03 9.5570979355963037e-01 4.0948969451114881e-01 0.0000000000000000e+00 0.0000000000000000e+00 0.0000000000000000e+00 1.0000000000000000e+00</transform>
      <orientation>1</orientation>
    </camera>
    <camera id="39" label="DSC_0183.JPG" sensor_id="7" enabled="true">
      <transform>9.9351131628481171e-01 -1.7662810537351640e-02 -1.1235341355714301e-01 8.3907108421041460e-02 1.9661750633836624e-02 9.9966706764434432e-01 1.6708364054288841e-02 -9.1787175923979572e-02 1.1202089080182148e-01 -1.8809013564763208e-02 9.9352782599818856e-01 -1.7025433731272233e-02 0.0000000000000000e+00 0.0000000000000000e+00 0.0000000000000000e+00 1.0000000000000000e+00</transform>
      <orientation>1</orientation>
    </camera>
    <camera id="40" label="DSC_0184.JPG" sensor_id="7" enabled="true">
      <transform>9.9407791542752111e-01 -8.9713618850029569e-02 6.1323442924430482e-02 -1.8698538473791648e+00 8.8300678299972735e-02 9.9577046647030099e-01 2.5380471179311834e-02 -1.4701706932812844e-01 -6.3341047284039956e-02 -1.9815264276581711e-02 9.9779520295028989e-01 -9.3528470342641057e-02 0.0000000000000000e+00 0.0000000000000000e+00 0.0000000000000000e+00 1.0000000000000000e+00</transform>
      <orientation>1</orientation>
    </camera>
    <camera id="41" label="DSC_0185.JPG" sensor_id="7" enabled="true">
      <transform>9.6200893444259472e-01 -1.5442330474945007e-01 2.2514940151570886e-01 -3.7813005925926140e+00 1.4868655430330427e-01 9.8797826068000860e-01 4.2323338633849281e-02 -3.4290649779813159e-01 -2.2897842392250403e-01 -7.2387411863805533e-03 9.7340458289654797e-01 1.3583493105735420e-01 0.0000000000000000e+00 0.0000000000000000e+00 0.0000000000000000e+00 1.0000000000000000e+00</transform>
      <orientation>1</orientation>
    </camera>
    <camera id="42" label="DSC_0186.JPG" sensor_id="7" enabled="true">
      <transform>8.8381125411785932e-01 -2.2867061152968246e-01 4.0815122015897198e-01 -5.9530944548395013e+00 2.1655120881025511e-01 9.7327969373250056e-01 7.6368918617375256e-02 -7.2576932060149735e-01 -4.1470862187496638e-01 2.0889930363958809e-02 9.0971444407130031e-01 8.2776774246778251e-01 0.0000000000000000e+00 0.0000000000000000e+00 0.0000000000000000e+00 1.0000000000000000e+00</transform>
      <orientation>1</orientation>
    </camera>
    <camera id="43" label="DSC_0187.JPG" sensor_id="7" enabled="true">
      <transform>7.7536674985205634e-01 -2.8968570906287472e-01 5.6114935016321499e-01 -7.7682505410994764e+00 2.7121819453719354e-01 9.5521279294108929e-01 1.1836051349022096e-01 -1.1981147762975264e+00 -5.7030438730194244e-01 6.0421106961253426e-02 8.1920827367509719e-01 1.8426709400657910e+00 0.0000000000000000e+00 0.0000000000000000e+00 0.0000000000000000e+00 1.0000000000000000e+00</transform>
      <orientation>1</orientation>
    </camera>
    <camera id="44" label="DSC_0188.JPG" sensor_id="7" enabled="true">
      <transform>6.3345271791768798e-01 -3.4613127682601125e-01 6.9204825941944914e-01 -9.4867672840819246e+00 3.1893919547356980e-01 9.3165885653244418e-01 1.7403897447218708e-01 -1.9225520259900271e+00 -7.0499322248754004e-01 1.1047585368510943e-01 7.0055666580168963e-01 3.3492534737901916e+00 0.0000000000000000e+00 0.0000000000000000e+00 0.0000000000000000e+00 1.0000000000000000e+00</transform>
      <orientation>1</orientation>
    </camera>
    <camera id="45" label="DSC_0189.JPG" sensor_id="7" enabled="true">
      <transform>4.9511850989282680e-01 -3.7889935499466032e-01 7.8185224943472353e-01 -1.0538078544435608e+01 3.4539285456359525e-01 9.1156896480140237e-01 2.2303766145499024e-01 -2.4964428390234352e+00 -7.9722107170967194e-01 1.5961610568965176e-01 5.8220379733092775e-01 4.7353702054457179e+00 0.0000000000000000e+00 0.0000000000000000e+00 0.0000000000000000e+00 1.0000000000000000e+00</transform>
      <orientation>1</orientation>
    </camera>
    <camera id="46" label="DSC_0190.JPG" sensor_id="7" enabled="true">
      <transform>3.1851615554069707e-01 -4.0564856801484034e-01 8.5673607250254369e-01 -1.1422470846633871e+01 3.6608241491025978e-01 8.8632853941677914e-01 2.8355843438133022e-01 -3.1946704273487643e+00 -8.7437470466216416e-01 2.2331806797218232e-01 4.3081076630479526e-01 6.5047088749794053e+00 0.0000000000000000e+00 0.0000000000000000e+00 0.0000000000000000e+00 1.0000000000000000e+00</transform>
      <orientation>1</orientation>
    </camera>
    <camera id="47" label="DSC_0191.JPG" sensor_id="7" enabled="true">
      <transform>1.5780953066620848e-01 -4.1708003025071089e-01 8.9506446717372101e-01 -1.1908216944083350e+01 3.7880955216257634e-01 8.6264396783086128e-01 3.3518458788467076e-01 -3.9161726330508544e+00 -9.1192076148166479e-01 2.8616364746608591e-01 2.9412733917064965e-01 8.3988328641373755e+00 0.0000000000000000e+00 0.0000000000000000e+00 0.0000000000000000e+00 1.0000000000000000e+00</transform>
      <orientation>1</orientation>
    </camera>
    <camera id="48" label="DSC_0192.JPG" sensor_id="7" enabled="true">
      <transform>-1.8712730054853556e-02 -4.1993078713244392e-01 9.0736319506150342e-01 -1.1995614090227695e+01 3.7618160771166598e-01 8.3787956077680026e-01 3.9553159121863074e-01 -4.6022510414027860e+00 -9.2635696777935450e-01 3.4873482139127127e-01 1.4229122459181259e-01 1.0168350286393233e+01 0.0000000000000000e+00 0.0000000000000000e+00 0.0000000000000000e+00 1.0000000000000000e+00</transform>
      <orientation>1</orientation>
    </camera>
    <camera id="49" label="DSC_0193.JPG" sensor_id="7" enabled="true">
      <transform>-2.1000425541902851e-01 -4.0693286482529173e-01 8.8899035778290669e-01 -1.1716277520269069e+01 3.6172004909520034e-01 8.1241040828108479e-01 4.5732694497386372e-01 -5.3000229191744888e+00 -9.0832638340437166e-01 4.1760624042468797e-01 -2.3413867042683056e-02 1.2095853446637649e+01 0.0000000000000000e+00 0.0000000000000000e+00 0.0000000000000000e+00 1.0000000000000000e+00</transform>
      <orientation>1</orientation>
    </camera>
    <camera id="50" label="DSC_0194.JPG" sensor_id="7" enabled="true">
      <transform>-3.9112320695910274e-01 -3.8789565814231847e-01 8.3460145900445482e-01 -1.1119751903722829e+01 3.3203133253258860e-01 7.8629823417566425e-01 5.2104729262214400e-01 -6.0811777707408705e+00 -8.5835763595057535e-01 4.8090752263462277e-01 -1.7874597472046586e-01 1.3907706634633369e+01 0.0000000000000000e+00 0.0000000000000000e+00 0.0000000000000000e+00 1.0000000000000000e+00</transform>
      <orientation>1</orientation>
    </camera>
    <camera id="51" label="DSC_0195.JPG" sensor_id="7" enabled="true">
      <transform>-6.1142585798829185e-01 -3.3345947776023810e-01 7.1760936231012928e-01 -9.6852697796106941e+00 2.7426199357272607e-01 7.6135562324758255e-01 5.8746742363368454e-01 -6.8488235990632909e+00 -7.4225250357596984e-01 5.5600574784902568e-01 -3.7405725403212087e-01 1.6136984296081714e+01 0.0000000000000000e+00 0.0000000000000000e+00 0.0000000000000000e+00 1.0000000000000000e+00</transform>
      <orientation>1</orientation>
    </camera>
    <camera id="52" label="DSC_0196.JPG" sensor_id="7" enabled="true">
      <transform>-7.8340655952777516e-01 -2.6853355460511924e-01 5.6050324935721263e-01 -7.7938048800172730e+00 2.0232279225905828e-01 7.4253036809321282e-01 6.3852497225390847e-01 -7.4624862608914020e+00 -5.8765606456613062e-01 6.1362723416622911e-01 -5.2737270242983891e-01 1.7917730198025907e+01 0.0000000000000000e+00 0.0000000000000000e+00 0.0000000000000000e+00 1.0000000000000000e+00</transform>
      <orientation>1</orientation>
    </camera>
    <camera id="53" label="DSC_0197.JPG" sensor_id="7" enabled="true">
      <transform>-9.0876078998476384e-01 -1.7931266019987396e-01 3.7682993044384416e-01 -5.6068287338542149e+00 1.3483450579043577e-01 7.2838854235468020e-01 6.7176617019218288e-01 -7.8004942496460377e+00 -3.9493478276104887e-01 6.6128443294732753e-01 -6.3775341324607160e-01 1.9124936518798414e+01 0.0000000000000000e+00 0.0000000000000000e+00 0.0000000000000000e+00 1.0000000000000000e+00</transform>
      <orientation>1</orientation>
    </camera>
    <camera id="54" label="DSC_0198.JPG" sensor_id="7" enabled="true">
      <transform>-9.7427142465898142e-01 -1.0462476621541465e-01 1.9962176581557550e-01 -3.5177474811843865e+00 6.3329190739895277e-02 7.2294949593073565e-01 6.8799232549042699e-01 -7.9519830905860243e+00 -2.1629749118560898e-01 6.8293314799317328e-01 -6.9772323358115718e-01 1.9771046408883322e+01 0.0000000000000000e+00 0.0000000000000000e+00 0.0000000000000000e+00 1.0000000000000000e+00</transform>
      <orientation>1</orientation>
    </camera>
    <camera id="55" label="DSC_0199.JPG" sensor_id="7" enabled="true">
      <transform>-9.9890720101299535e-01 -3.7016972874521950e-02 2.8533269766891495e-02 -1.5224481667314436e+00 -7.1516286293281713e-03 7.2436898843083175e-01 6.8937538598911574e-01 -7.9557283478335252e+00 -4.6187205721189409e-02 6.8841797791668757e-01 -7.2384213037703726e-01 2.0038171215609111e+01 0.0000000000000000e+00 0.0000000000000000e+00 0.0000000000000000e+00 1.0000000000000000e+00</transform>
      <orientation>1</orientation>
    </camera>
    <camera id="56" label="DSC_0200.JPG" sensor_id="7" enabled="true">
      <transform>-9.8657962477233585e-01 3.7935705659434903e-02 -1.5881286541145720e-01 6.5246571676135601e-01 -8.1080981425255688e-02 7.3042018396047514e-01 6.7816828981769928e-01 -7.8071060325174395e+00 1.4172691499921333e-01 6.8194371989136049e-01 -7.1754180677193957e-01 1.9914396042931315e+01 0.0000000000000000e+00 0.0000000000000000e+00 0.0000000000000000e+00 1.0000000000000000e+00</transform>
      <orientation>1</orientation>
    </camera>
    <camera id="57" label="DSC_0201.JPG" sensor_id="7" enabled="true">
      <transform>-9.4228271258159557e-01 1.0089672309568824e-01 -3.1925403809258568e-01 2.5067835101386033e+00 -1.4348541549250191e-01 7.3983073804881949e-01 6.5731454767035558e-01 -7.5506947036160330e+00 3.0251483453016681e-01 6.6518443330154076e-01 -6.8265250646466824e-01 1.9474494698888158e+01 0.0000000000000000e+00 0.0000000000000000e+00 0.0000000000000000e+00 1.0000000000000000e+00</transform>
      <orientation>1</orientation>
    </camera>
    <camera id="58" label="DSC_0202.JPG" sensor_id="7" enabled="true">
      <transform>-8.5265444034108362e-01 1.6823373805975642e-01 -4.9464918350794312e-01 4.5626132753219437e+00 -2.0859932995922612e-01 7.5839750911821335e-01 6.1751075918064102e-01 -7.0653057863814697e+00 4.7902685196885925e-01 6.2970677901840233e-01 -6.1155755865746075e-01 1.8578959170092645e+01 0.0000000000000000e+00 0.0000000000000000e+00 0.0000000000000000e+00 1.0000000000000000e+00</transform>
      <orientation>1</orientation>
    </camera>
    <camera id="59" label="DSC_0203.JPG" sensor_id="7" enabled="true">
      <transform>-7.5647060473387739e-01 2.1578459952008627e-01 -6.1740524032722455e-01 6.0430090769096001e+00 -2.4856709810718736e-01 7.7831413968434648e-01 5.7657739957961152e-01 -6.5701801505044184e+00 6.0495175172251026e-01 5.8963048308018395e-01 -5.3513481620101588e-01 1.7573651601274982e+01 0.0000000000000000e+00 0.0000000000000000e+00 0.0000000000000000e+00 1.0000000000000000e+00</transform>
      <orientation>1</orientation>
    </camera>
    <camera id="60" label="DSC_0204.JPG" sensor_id="7" enabled="true">
      <transform>-5.8429199473564464e-01 2.6989820553966670e-01 -7.6534817144506806e-01 7.9587836415925235e+00 -2.9460427374194853e-01 8.0820114566333934e-01 5.0992080761765834e-01 -5.6523146875002821e+00 7.5618197993658942e-01 5.2341748804843513e-01 -3.9271229471999719e-01 1.5487958167680086e+01 0.0000000000000000e+00 0.0000000000000000e+00 0.0000000000000000e+00 1.0000000000000000e+00</transform>
      <orientation>1</orientation>
    </camera>
    <camera id="61" label="DSC_0205.JPG" sensor_id="7" enabled="true">
      <transform>-3.8130139275461977e-01 3.0806510460515796e-01 -8.7161065803947135e-01 9.0076223462945002e+00 -3.2506472948029536e-01 8.3795081645003089e-01 4.3837352892097531e-01 -4.7738671369745802e+00 8.6541444957389624e-01 4.5048231989206838e-01 -2.1937071348147294e-01 1.3419265712738053e+01 0.0000000000000000e+00 0.0000000000000000e+00 0.0000000000000000e+00 1.0000000000000000e+00</transform>
      <orientation>1</orientation>
    </camera>
    <camera id="62" label="DSC_0206.JPG" sensor_id="7" enabled="true">
      <transform>-1.1877545425406456e-01 3.2944947883251791e-01 -9.3667253208563950e-01 9.5350307935661931e+00 -3.3903619455606909e-01 8.7319733491911500e-01 3.5011551389662071e-01 -3.7201308311048922e+00 9.3324533229354012e-01 3.5915102002797911e-01 7.9808874934007012e-03 1.0751167008938422e+01 0.0000000000000000e+00 0.0000000000000000e+00 0.0000000000000000e+00 1.0000000000000000e+00</transform>
      <orientation>1</orientation>
    </camera>
    <camera id="63" label="DSC_0207.JPG" sensor_id="7" enabled="true">
      <transform>9.5034977392155842e-02 3.2532545024912884e-01 -9.4081438365507264e-01 9.4002273190310444e+00 -3.2976717356897822e-01 9.0201785311850458e-01 2.7859900195767356e-01 -2.9090174195715739e+00 9.3926671627839564e-01 2.8377305029844896e-01 1.9300490049714847e-01 8.6040241967932758e+00 0.0000000000000000e+00 0.0000000000000000e+00 0.0000000000000000e+00 1.0000000000000000e+00</transform>
      <orientation>1</orientation>
    </camera>
    <camera id="64" label="DSC_0210.JPG" sensor_id="7" enabled="true">
      <transform>4.1424339053100800e-01 2.8677855141529146e-01 -8.6380580910846061e-01 8.2565941660244331e+00 -2.8715336091419902e-01 9.4177129723231645e-01 1.7495648323237389e-01 -1.7550372740999181e+00 8.6368128422297952e-01 1.7557017445314343e-01 4.7247196014730680e-01 5.4105013802766857e+00 0.0000000000000000e+00 0.0000000000000000e+00 0.0000000000000000e+00 1.0000000000000000e+00</transform>
      <orientation>1</orientation>
    </camera>
    <camera id="65" label="DSC_0211.JPG" sensor_id="7" enabled="true">
      <transform>6.2975599375320601e-01 2.3075166622354495e-01 -7.4172842527907046e-01 6.6689585914424168e+00 -2.2811963552065675e-01 9.6769501950118997e-01 1.0736750496548920e-01 -1.0058311631858148e+00 7.4254213363406840e-01 1.0158748824362833e-01 6.6205072465069925e-01 3.3026149556759874e+00 0.0000000000000000e+00 0.0000000000000000e+00 0.0000000000000000e+00 1.0000000000000000e+00</transform>
      <orientation>1</orientation>
    </camera>
    <camera id="66" label="DSC_0212.JPG" sensor_id="7" enabled="true">
      <transform>8.1822636196952969e-01 1.5022542416745002e-01 -5.5492156428797923e-01 4.3628052981499295e+00 -1.4672156055681082e-01 9.8785767671532310e-01 5.1088102552142793e-02 -4.2930110928268966e-01 5.5585825913256182e-01 3.9617325607792873e-02 8.3033250163160777e-01 1.4901411946260203e+00 0.0000000000000000e+00 0.0000000000000000e+00 0.0000000000000000e+00 1.0000000000000000e+00</transform>
      <orientation>1</orientation>
    </camera>
    <camera id="67" label="DSC_0214.JPG" sensor_id="7" enabled="true">
      <transform>9.7275504169001936e-01 1.6449333271835596e-02 -2.3125105037936741e-01 9.1909754479399308e-01 -1.2181925464635927e-02 9.9972836554762634e-01 1.9869469329743282e-02 -1.4777600481677453e-01 2.3151507414987624e-01 -1.6511043406872768e-02 9.7269119245883673e-01 1.2487701991968872e-01 0.0000000000000000e+00 0.0000000000000000e+00 0.0000000000000000e+00 1.0000000000000000e+00</transform>
      <orientation>1</orientation>
    </camera>
  </cameras>
  <markers next_id="74">
    <marker id="25" label="2up"/>
    <marker id="0" label="6"/>
    <marker id="37" label="6"/>
    <marker id="36" label="6"/>
    <marker id="39" label="8"/>
    <marker id="38" label="8"/>
    <marker id="1" label="8"/>
    <marker id="40" label="BL"/>
    <marker id="2" label="BL"/>
    <marker id="3" label="BL"/>
    <marker id="42" label="BR"/>
    <marker id="41" label="BR"/>
    <marker id="73" label="Bottom"/>
    <marker id="35" label="Bottom"/>
    <marker id="44" label="Centre6"/>
    <marker id="4" label="Centre6"/>
    <marker id="43" label="Centre6"/>
    <marker id="21" label="FrontR"/>
    <marker id="45" label="FrontR"/>
    <marker id="46" label="FrontR"/>
    <marker id="47" label="Hole"/>
    <marker id="23" label="LK"/>
    <marker id="6" label="LWB"/>
    <marker id="5" label="LWB"/>
    <marker id="8" label="LWT"/>
    <marker id="7" label="LWT"/>
    <marker id="20" label="LeftDip"/>
    <marker id="49" label="LeftDip"/>
    <marker id="48" label="LeftDip"/>
    <marker id="9" label="LeftSun"/>
    <marker id="50" label="LeftSun"/>
    <marker id="51" label="Middle6"/>
    <marker id="52" label="Middle6"/>
    <marker id="10" label="Middle6"/>
    <marker id="24" label="Not"/>
    <marker id="53" label="Notch"/>
    <marker id="55" label="RE"/>
    <marker id="54" label="RE"/>
    <marker id="11" label="RWB"/>
    <marker id="12" label="RWB"/>
    <marker id="56" label="RWB"/>
    <marker id="57" label="RWT"/>
    <marker id="14" label="RWT"/>
    <marker id="13" label="RWT"/>
    <marker id="58" label="RightDip"/>
    <marker id="59" label="RightDip"/>
    <marker id="19" label="RightDip"/>
    <marker id="60" label="RightPoint"/>
    <marker id="22" label="RightPoint"/>
    <marker id="61" label="RightSun"/>
    <marker id="62" label="RightSun"/>
    <marker id="29" label="Rubbish"/>
    <marker id="63" label="Scab"/>
    <marker id="17" label="Toe"/>
    <marker id="64" label="Toe"/>
    <marker id="65" label="Toe2"/>
    <marker id="18" label="Toe2"/>
    <marker id="67" label="Tongue"/>
    <marker id="66" label="Tongue"/>
    <marker id="69" label="Triangle"/>
    <marker id="68" label="Triangle"/>
    <marker id="15" label="U"/>
    <marker id="16" label="U"/>
    <marker id="26" label="frLeft"/>
    <marker id="72" label="frLeft"/>
    <marker id="30" label="hole"/>
    <marker id="31" label="leftLow"/>
    <marker id="33" label="leftToe"/>
    <marker id="34" label="rightToe"/>
    <marker id="70" label="shine"/>
    <marker id="71" label="shine"/>
    <marker id="32" label="slash"/>
    <marker id="27" label="topDip"/>
    <marker id="28" label="triangle"/>
  </markers>
  <frames next_id="1">
    <frame id="0" path="0/frame.zip"/>
  </frames>
  <transform>
    <rotation>-4.5784809456120301e-01 3.6937515265274895e-01 -8.0866378607517653e-01 3.8359801674121718e-01 -7.3849373808677232e-01 -5.5450839521041118e-01 -8.0201476536213512e-01 -5.6408243671415970e-01 1.9642637483733028e-01</rotation>
    <translation>1.2010247795489169e+01 8.3912268197438049e+00 8.1691674851060867e+00</translation>
    <scale>1.0745223084801310e+00</scale>
  </transform>
  <reference>LOCAL_CS["Local Coordinates (m)",LOCAL_DATUM["Local Datum",0],UNIT["metre",1,AUTHORITY["EPSG","9001"]]]</reference>
  <region>
    <center>-1.6408891309104692e+00 5.0893683744030160e-01 1.1317105774628466e+01</center>
    <size>5.5627996524174996e+00 2.9886442263921102e+00 8.3780387004216514e+00</size>
    <R>-4.0600889973241461e-02 3.7957788356352706e-01 9.2426846643321903e-01 -5.9592271636051919e-01 7.3330187160544569e-01 -3.2732931617172778e-01 -8.0201476536213534e-01 -5.6408243671415981e-01 1.9642637483732914e-01</R>
  </region>
  <settings>
    <property name="accuracy_tiepoints" value="1"/>
    <property name="accuracy_cameras" value="10"/>
    <property name="accuracy_cameras_ypr" value="2"/>
    <property name="accuracy_markers" value="0.0050000000000000001"/>
    <property name="accuracy_scalebars" value="0.001"/>
    <property name="accuracy_projections" value="0.10000000000000001"/>
  </settings>
</chunk>
