<?xml version="1.0" encoding="UTF-8"?>
<frame>
  <cameras>
    <camera camera_id="0">
      <photo path="../../../images/DSC_0124.JPG">
        <meta>
          <property name="Exif/DateTime" value="2016:06:21 00:59:51"/>
          <property name="Exif/DateTimeOriginal" value="2016:06:21 00:59:51"/>
          <property name="Exif/ExposureTime" value="0.0333333333333333"/>
          <property name="Exif/FNumber" value="4.5"/>
          <property name="Exif/FocalLength" value="30"/>
          <property name="Exif/FocalLengthIn35mmFilm" value="45"/>
          <property name="Exif/ISOSpeedRatings" value="1100"/>
          <property name="Exif/Make" value="NIKON CORPORATION"/>
          <property name="Exif/Model" value="NIKON D3000"/>
          <property name="Exif/Orientation" value="1"/>
          <property name="Exif/Software" value="Ver.1.00 "/>
          <property name="File/ImageHeight" value="2592"/>
          <property name="File/ImageWidth" value="3872"/>
          <property name="System/FileModifyDate" value="2016:06:21 00:59:52"/>
          <property name="System/FileSize" value="2703979"/>
        </meta>
      </photo>
    </camera>
    <camera camera_id="1">
      <photo path="../../../images/DSC_0125.JPG">
        <meta>
          <property name="Exif/DateTime" value="2016:06:21 00:59:56"/>
          <property name="Exif/DateTimeOriginal" value="2016:06:21 00:59:56"/>
          <property name="Exif/ExposureTime" value="0.0333333333333333"/>
          <property name="Exif/FNumber" value="4.5"/>
          <property name="Exif/FocalLength" value="30"/>
          <property name="Exif/FocalLengthIn35mmFilm" value="45"/>
          <property name="Exif/ISOSpeedRatings" value="1100"/>
          <property name="Exif/Make" value="NIKON CORPORATION"/>
          <property name="Exif/Model" value="NIKON D3000"/>
          <property name="Exif/Orientation" value="1"/>
          <property name="Exif/Software" value="Ver.1.00 "/>
          <property name="File/ImageHeight" value="2592"/>
          <property name="File/ImageWidth" value="3872"/>
          <property name="System/FileModifyDate" value="2016:06:21 00:59:56"/>
          <property name="System/FileSize" value="2736318"/>
        </meta>
      </photo>
    </camera>
    <camera camera_id="2">
      <photo path="../../../images/DSC_0126.JPG">
        <meta>
          <property name="Exif/DateTime" value="2016:06:21 00:59:59"/>
          <property name="Exif/DateTimeOriginal" value="2016:06:21 00:59:59"/>
          <property name="Exif/ExposureTime" value="0.0333333333333333"/>
          <property name="Exif/FNumber" value="4.5"/>
          <property name="Exif/FocalLength" value="30"/>
          <property name="Exif/FocalLengthIn35mmFilm" value="45"/>
          <property name="Exif/ISOSpeedRatings" value="1100"/>
          <property name="Exif/Make" value="NIKON CORPORATION"/>
          <property name="Exif/Model" value="NIKON D3000"/>
          <property name="Exif/Orientation" value="1"/>
          <property name="Exif/Software" value="Ver.1.00 "/>
          <property name="File/ImageHeight" value="2592"/>
          <property name="File/ImageWidth" value="3872"/>
          <property name="System/FileModifyDate" value="2016:06:21 01:00:00"/>
          <property name="System/FileSize" value="2755733"/>
        </meta>
      </photo>
    </camera>
    <camera camera_id="3">
      <photo path="../../../images/DSC_0127.JPG">
        <meta>
          <property name="Exif/DateTime" value="2016:06:21 01:00:03"/>
          <property name="Exif/DateTimeOriginal" value="2016:06:21 01:00:03"/>
          <property name="Exif/ExposureTime" value="0.0333333333333333"/>
          <property name="Exif/FNumber" value="4.5"/>
          <property name="Exif/FocalLength" value="30"/>
          <property name="Exif/FocalLengthIn35mmFilm" value="45"/>
          <property name="Exif/ISOSpeedRatings" value="1250"/>
          <property name="Exif/Make" value="NIKON CORPORATION"/>
          <property name="Exif/Model" value="NIKON D3000"/>
          <property name="Exif/Orientation" value="1"/>
          <property name="Exif/Software" value="Ver.1.00 "/>
          <property name="File/ImageHeight" value="2592"/>
          <property name="File/ImageWidth" value="3872"/>
          <property name="System/FileModifyDate" value="2016:06:21 01:00:04"/>
          <property name="System/FileSize" value="2839312"/>
        </meta>
      </photo>
    </camera>
    <camera camera_id="4">
      <photo path="../../../images/DSC_0128.JPG">
        <meta>
          <property name="Exif/DateTime" value="2016:06:21 01:00:07"/>
          <property name="Exif/DateTimeOriginal" value="2016:06:21 01:00:07"/>
          <property name="Exif/ExposureTime" value="0.0333333333333333"/>
          <property name="Exif/FNumber" value="4.5"/>
          <property name="Exif/FocalLength" value="30"/>
          <property name="Exif/FocalLengthIn35mmFilm" value="45"/>
          <property name="Exif/ISOSpeedRatings" value="1100"/>
          <property name="Exif/Make" value="NIKON CORPORATION"/>
          <property name="Exif/Model" value="NIKON D3000"/>
          <property name="Exif/Orientation" value="1"/>
          <property name="Exif/Software" value="Ver.1.00 "/>
          <property name="File/ImageHeight" value="2592"/>
          <property name="File/ImageWidth" value="3872"/>
          <property name="System/FileModifyDate" value="2016:06:21 01:00:08"/>
          <property name="System/FileSize" value="2779960"/>
        </meta>
      </photo>
    </camera>
    <camera camera_id="5">
      <photo path="../../../images/DSC_0129.JPG">
        <meta>
          <property name="Exif/DateTime" value="2016:06:21 01:00:16"/>
          <property name="Exif/DateTimeOriginal" value="2016:06:21 01:00:16"/>
          <property name="Exif/ExposureTime" value="0.0333333333333333"/>
          <property name="Exif/FNumber" value="4.5"/>
          <property name="Exif/FocalLength" value="30"/>
          <property name="Exif/FocalLengthIn35mmFilm" value="45"/>
          <property name="Exif/ISOSpeedRatings" value="1250"/>
          <property name="Exif/Make" value="NIKON CORPORATION"/>
          <property name="Exif/Model" value="NIKON D3000"/>
          <property name="Exif/Orientation" value="1"/>
          <property name="Exif/Software" value="Ver.1.00 "/>
          <property name="File/ImageHeight" value="2592"/>
          <property name="File/ImageWidth" value="3872"/>
          <property name="System/FileModifyDate" value="2016:06:21 01:00:18"/>
          <property name="System/FileSize" value="2734826"/>
        </meta>
      </photo>
    </camera>
    <camera camera_id="7">
      <photo path="../../../images/DSC_0131.JPG">
        <meta>
          <property name="Exif/DateTime" value="2016:06:21 01:00:31"/>
          <property name="Exif/DateTimeOriginal" value="2016:06:21 01:00:31"/>
          <property name="Exif/ExposureTime" value="0.0333333333333333"/>
          <property name="Exif/FNumber" value="4.5"/>
          <property name="Exif/FocalLength" value="30"/>
          <property name="Exif/FocalLengthIn35mmFilm" value="45"/>
          <property name="Exif/ISOSpeedRatings" value="1000"/>
          <property name="Exif/Make" value="NIKON CORPORATION"/>
          <property name="Exif/Model" value="NIKON D3000"/>
          <property name="Exif/Orientation" value="1"/>
          <property name="Exif/Software" value="Ver.1.00 "/>
          <property name="File/ImageHeight" value="2592"/>
          <property name="File/ImageWidth" value="3872"/>
          <property name="System/FileModifyDate" value="2016:06:21 01:00:32"/>
          <property name="System/FileSize" value="2785232"/>
        </meta>
      </photo>
    </camera>
    <camera camera_id="9">
      <photo path="../../../images/DSC_0133.JPG">
        <meta>
          <property name="Exif/DateTime" value="2016:06:21 01:00:40"/>
          <property name="Exif/DateTimeOriginal" value="2016:06:21 01:00:40"/>
          <property name="Exif/ExposureTime" value="0.0333333333333333"/>
          <property name="Exif/FNumber" value="4.5"/>
          <property name="Exif/FocalLength" value="30"/>
          <property name="Exif/FocalLengthIn35mmFilm" value="45"/>
          <property name="Exif/ISOSpeedRatings" value="1000"/>
          <property name="Exif/Make" value="NIKON CORPORATION"/>
          <property name="Exif/Model" value="NIKON D3000"/>
          <property name="Exif/Orientation" value="1"/>
          <property name="Exif/Software" value="Ver.1.00 "/>
          <property name="File/ImageHeight" value="2592"/>
          <property name="File/ImageWidth" value="3872"/>
          <property name="System/FileModifyDate" value="2016:06:21 01:00:40"/>
          <property name="System/FileSize" value="2768340"/>
        </meta>
      </photo>
    </camera>
    <camera camera_id="10">
      <photo path="../../../images/DSC_0134.JPG">
        <meta>
          <property name="Exif/DateTime" value="2016:06:21 01:00:42"/>
          <property name="Exif/DateTimeOriginal" value="2016:06:21 01:00:42"/>
          <property name="Exif/ExposureTime" value="0.0333333333333333"/>
          <property name="Exif/FNumber" value="4.5"/>
          <property name="Exif/FocalLength" value="30"/>
          <property name="Exif/FocalLengthIn35mmFilm" value="45"/>
          <property name="Exif/ISOSpeedRatings" value="1000"/>
          <property name="Exif/Make" value="NIKON CORPORATION"/>
          <property name="Exif/Model" value="NIKON D3000"/>
          <property name="Exif/Orientation" value="1"/>
          <property name="Exif/Software" value="Ver.1.00 "/>
          <property name="File/ImageHeight" value="2592"/>
          <property name="File/ImageWidth" value="3872"/>
          <property name="System/FileModifyDate" value="2016:06:21 01:00:44"/>
          <property name="System/FileSize" value="2785688"/>
        </meta>
      </photo>
    </camera>
    <camera camera_id="11">
      <photo path="../../../images/DSC_0135.JPG">
        <meta>
          <property name="Exif/DateTime" value="2016:06:21 01:00:46"/>
          <property name="Exif/DateTimeOriginal" value="2016:06:21 01:00:46"/>
          <property name="Exif/ExposureTime" value="0.0333333333333333"/>
          <property name="Exif/FNumber" value="4.5"/>
          <property name="Exif/FocalLength" value="30"/>
          <property name="Exif/FocalLengthIn35mmFilm" value="45"/>
          <property name="Exif/ISOSpeedRatings" value="900"/>
          <property name="Exif/Make" value="NIKON CORPORATION"/>
          <property name="Exif/Model" value="NIKON D3000"/>
          <property name="Exif/Orientation" value="1"/>
          <property name="Exif/Software" value="Ver.1.00 "/>
          <property name="File/ImageHeight" value="2592"/>
          <property name="File/ImageWidth" value="3872"/>
          <property name="System/FileModifyDate" value="2016:06:21 01:00:46"/>
          <property name="System/FileSize" value="2741454"/>
        </meta>
      </photo>
    </camera>
    <camera camera_id="12">
      <photo path="../../../images/DSC_0136.JPG">
        <meta>
          <property name="Exif/DateTime" value="2016:06:21 01:00:50"/>
          <property name="Exif/DateTimeOriginal" value="2016:06:21 01:00:50"/>
          <property name="Exif/ExposureTime" value="0.0333333333333333"/>
          <property name="Exif/FNumber" value="4.5"/>
          <property name="Exif/FocalLength" value="30"/>
          <property name="Exif/FocalLengthIn35mmFilm" value="45"/>
          <property name="Exif/ISOSpeedRatings" value="1000"/>
          <property name="Exif/Make" value="NIKON CORPORATION"/>
          <property name="Exif/Model" value="NIKON D3000"/>
          <property name="Exif/Orientation" value="1"/>
          <property name="Exif/Software" value="Ver.1.00 "/>
          <property name="File/ImageHeight" value="2592"/>
          <property name="File/ImageWidth" value="3872"/>
          <property name="System/FileModifyDate" value="2016:06:21 01:00:52"/>
          <property name="System/FileSize" value="2756377"/>
        </meta>
      </photo>
    </camera>
    <camera camera_id="13">
      <photo path="../../../images/DSC_0137.JPG">
        <meta>
          <property name="Exif/DateTime" value="2016:06:21 01:00:56"/>
          <property name="Exif/DateTimeOriginal" value="2016:06:21 01:00:56"/>
          <property name="Exif/ExposureTime" value="0.0333333333333333"/>
          <property name="Exif/FNumber" value="4.5"/>
          <property name="Exif/FocalLength" value="30"/>
          <property name="Exif/FocalLengthIn35mmFilm" value="45"/>
          <property name="Exif/ISOSpeedRatings" value="1000"/>
          <property name="Exif/Make" value="NIKON CORPORATION"/>
          <property name="Exif/Model" value="NIKON D3000"/>
          <property name="Exif/Orientation" value="1"/>
          <property name="Exif/Software" value="Ver.1.00 "/>
          <property name="File/ImageHeight" value="2592"/>
          <property name="File/ImageWidth" value="3872"/>
          <property name="System/FileModifyDate" value="2016:06:21 01:00:56"/>
          <property name="System/FileSize" value="2747084"/>
        </meta>
      </photo>
    </camera>
    <camera camera_id="14">
      <photo path="../../../images/DSC_0138.JPG">
        <meta>
          <property name="Exif/DateTime" value="2016:06:21 01:01:01"/>
          <property name="Exif/DateTimeOriginal" value="2016:06:21 01:01:01"/>
          <property name="Exif/ExposureTime" value="0.0333333333333333"/>
          <property name="Exif/FNumber" value="4.5"/>
          <property name="Exif/FocalLength" value="30"/>
          <property name="Exif/FocalLengthIn35mmFilm" value="45"/>
          <property name="Exif/ISOSpeedRatings" value="1100"/>
          <property name="Exif/Make" value="NIKON CORPORATION"/>
          <property name="Exif/Model" value="NIKON D3000"/>
          <property name="Exif/Orientation" value="1"/>
          <property name="Exif/Software" value="Ver.1.00 "/>
          <property name="File/ImageHeight" value="2592"/>
          <property name="File/ImageWidth" value="3872"/>
          <property name="System/FileModifyDate" value="2016:06:21 01:01:02"/>
          <property name="System/FileSize" value="2730153"/>
        </meta>
      </photo>
    </camera>
    <camera camera_id="15">
      <photo path="../../../images/DSC_0139.JPG">
        <meta>
          <property name="Exif/DateTime" value="2016:06:21 01:01:06"/>
          <property name="Exif/DateTimeOriginal" value="2016:06:21 01:01:06"/>
          <property name="Exif/ExposureTime" value="0.0333333333333333"/>
          <property name="Exif/FNumber" value="4.5"/>
          <property name="Exif/FocalLength" value="30"/>
          <property name="Exif/FocalLengthIn35mmFilm" value="45"/>
          <property name="Exif/ISOSpeedRatings" value="1100"/>
          <property name="Exif/Make" value="NIKON CORPORATION"/>
          <property name="Exif/Model" value="NIKON D3000"/>
          <property name="Exif/Orientation" value="1"/>
          <property name="Exif/Software" value="Ver.1.00 "/>
          <property name="File/ImageHeight" value="2592"/>
          <property name="File/ImageWidth" value="3872"/>
          <property name="System/FileModifyDate" value="2016:06:21 01:01:06"/>
          <property name="System/FileSize" value="2767472"/>
        </meta>
      </photo>
    </camera>
    <camera camera_id="16">
      <photo path="../../../images/DSC_0140.JPG">
        <meta>
          <property name="Exif/DateTime" value="2016:06:21 01:01:10"/>
          <property name="Exif/DateTimeOriginal" value="2016:06:21 01:01:10"/>
          <property name="Exif/ExposureTime" value="0.0333333333333333"/>
          <property name="Exif/FNumber" value="4.5"/>
          <property name="Exif/FocalLength" value="30"/>
          <property name="Exif/FocalLengthIn35mmFilm" value="45"/>
          <property name="Exif/ISOSpeedRatings" value="1250"/>
          <property name="Exif/Make" value="NIKON CORPORATION"/>
          <property name="Exif/Model" value="NIKON D3000"/>
          <property name="Exif/Orientation" value="1"/>
          <property name="Exif/Software" value="Ver.1.00 "/>
          <property name="File/ImageHeight" value="2592"/>
          <property name="File/ImageWidth" value="3872"/>
          <property name="System/FileModifyDate" value="2016:06:21 01:01:12"/>
          <property name="System/FileSize" value="2732243"/>
        </meta>
      </photo>
    </camera>
    <camera camera_id="17">
      <photo path="../../../images/DSC_0141.JPG">
        <meta>
          <property name="Exif/DateTime" value="2016:06:21 01:01:14"/>
          <property name="Exif/DateTimeOriginal" value="2016:06:21 01:01:14"/>
          <property name="Exif/ExposureTime" value="0.0333333333333333"/>
          <property name="Exif/FNumber" value="4.5"/>
          <property name="Exif/FocalLength" value="30"/>
          <property name="Exif/FocalLengthIn35mmFilm" value="45"/>
          <property name="Exif/ISOSpeedRatings" value="1100"/>
          <property name="Exif/Make" value="NIKON CORPORATION"/>
          <property name="Exif/Model" value="NIKON D3000"/>
          <property name="Exif/Orientation" value="1"/>
          <property name="Exif/Software" value="Ver.1.00 "/>
          <property name="File/ImageHeight" value="2592"/>
          <property name="File/ImageWidth" value="3872"/>
          <property name="System/FileModifyDate" value="2016:06:21 01:01:14"/>
          <property name="System/FileSize" value="2714159"/>
        </meta>
      </photo>
    </camera>
    <camera camera_id="18">
      <photo path="../../../images/DSC_0142.JPG">
        <meta>
          <property name="Exif/DateTime" value="2016:06:21 01:01:18"/>
          <property name="Exif/DateTimeOriginal" value="2016:06:21 01:01:18"/>
          <property name="Exif/ExposureTime" value="0.0333333333333333"/>
          <property name="Exif/FNumber" value="4.5"/>
          <property name="Exif/FocalLength" value="30"/>
          <property name="Exif/FocalLengthIn35mmFilm" value="45"/>
          <property name="Exif/ISOSpeedRatings" value="1100"/>
          <property name="Exif/Make" value="NIKON CORPORATION"/>
          <property name="Exif/Model" value="NIKON D3000"/>
          <property name="Exif/Orientation" value="1"/>
          <property name="Exif/Software" value="Ver.1.00 "/>
          <property name="File/ImageHeight" value="2592"/>
          <property name="File/ImageWidth" value="3872"/>
          <property name="System/FileModifyDate" value="2016:06:21 01:01:18"/>
          <property name="System/FileSize" value="2750255"/>
        </meta>
      </photo>
    </camera>
    <camera camera_id="19">
      <photo path="../../../images/DSC_0143.JPG">
        <meta>
          <property name="Exif/DateTime" value="2016:06:21 01:01:21"/>
          <property name="Exif/DateTimeOriginal" value="2016:06:21 01:01:21"/>
          <property name="Exif/ExposureTime" value="0.0333333333333333"/>
          <property name="Exif/FNumber" value="4.5"/>
          <property name="Exif/FocalLength" value="30"/>
          <property name="Exif/FocalLengthIn35mmFilm" value="45"/>
          <property name="Exif/ISOSpeedRatings" value="1100"/>
          <property name="Exif/Make" value="NIKON CORPORATION"/>
          <property name="Exif/Model" value="NIKON D3000"/>
          <property name="Exif/Orientation" value="1"/>
          <property name="Exif/Software" value="Ver.1.00 "/>
          <property name="File/ImageHeight" value="2592"/>
          <property name="File/ImageWidth" value="3872"/>
          <property name="System/FileModifyDate" value="2016:06:21 01:01:22"/>
          <property name="System/FileSize" value="2776157"/>
        </meta>
      </photo>
    </camera>
    <camera camera_id="21">
      <photo path="../../../images/DSC_0145.JPG">
        <meta>
          <property name="Exif/DateTime" value="2016:06:21 01:01:32"/>
          <property name="Exif/DateTimeOriginal" value="2016:06:21 01:01:32"/>
          <property name="Exif/ExposureTime" value="0.0333333333333333"/>
          <property name="Exif/FNumber" value="4.5"/>
          <property name="Exif/FocalLength" value="30"/>
          <property name="Exif/FocalLengthIn35mmFilm" value="45"/>
          <property name="Exif/ISOSpeedRatings" value="1100"/>
          <property name="Exif/Make" value="NIKON CORPORATION"/>
          <property name="Exif/Model" value="NIKON D3000"/>
          <property name="Exif/Orientation" value="1"/>
          <property name="Exif/Software" value="Ver.1.00 "/>
          <property name="File/ImageHeight" value="2592"/>
          <property name="File/ImageWidth" value="3872"/>
          <property name="System/FileModifyDate" value="2016:06:21 01:01:34"/>
          <property name="System/FileSize" value="2755674"/>
        </meta>
      </photo>
    </camera>
    <camera camera_id="23">
      <photo path="../../../images/DSC_0147.JPG">
        <meta>
          <property name="Exif/DateTime" value="2016:06:21 01:01:41"/>
          <property name="Exif/DateTimeOriginal" value="2016:06:21 01:01:41"/>
          <property name="Exif/ExposureTime" value="0.0333333333333333"/>
          <property name="Exif/FNumber" value="4.5"/>
          <property name="Exif/FocalLength" value="30"/>
          <property name="Exif/FocalLengthIn35mmFilm" value="45"/>
          <property name="Exif/ISOSpeedRatings" value="1100"/>
          <property name="Exif/Make" value="NIKON CORPORATION"/>
          <property name="Exif/Model" value="NIKON D3000"/>
          <property name="Exif/Orientation" value="1"/>
          <property name="Exif/Software" value="Ver.1.00 "/>
          <property name="File/ImageHeight" value="2592"/>
          <property name="File/ImageWidth" value="3872"/>
          <property name="System/FileModifyDate" value="2016:06:21 01:01:42"/>
          <property name="System/FileSize" value="2745600"/>
        </meta>
      </photo>
    </camera>
    <camera camera_id="25">
      <photo path="../../../images/DSC_0149.JPG">
        <meta>
          <property name="Exif/DateTime" value="2016:06:21 01:01:48"/>
          <property name="Exif/DateTimeOriginal" value="2016:06:21 01:01:48"/>
          <property name="Exif/ExposureTime" value="0.0333333333333333"/>
          <property name="Exif/FNumber" value="4.5"/>
          <property name="Exif/FocalLength" value="30"/>
          <property name="Exif/FocalLengthIn35mmFilm" value="45"/>
          <property name="Exif/ISOSpeedRatings" value="1000"/>
          <property name="Exif/Make" value="NIKON CORPORATION"/>
          <property name="Exif/Model" value="NIKON D3000"/>
          <property name="Exif/Orientation" value="1"/>
          <property name="Exif/Software" value="Ver.1.00 "/>
          <property name="File/ImageHeight" value="2592"/>
          <property name="File/ImageWidth" value="3872"/>
          <property name="System/FileModifyDate" value="2016:06:21 01:01:50"/>
          <property name="System/FileSize" value="2711114"/>
        </meta>
      </photo>
    </camera>
    <camera camera_id="27">
      <photo path="../../../images/DSC_0151.JPG">
        <meta>
          <property name="Exif/DateTime" value="2016:06:21 01:01:57"/>
          <property name="Exif/DateTimeOriginal" value="2016:06:21 01:01:57"/>
          <property name="Exif/ExposureTime" value="0.0333333333333333"/>
          <property name="Exif/FNumber" value="4.5"/>
          <property name="Exif/FocalLength" value="30"/>
          <property name="Exif/FocalLengthIn35mmFilm" value="45"/>
          <property name="Exif/ISOSpeedRatings" value="1000"/>
          <property name="Exif/Make" value="NIKON CORPORATION"/>
          <property name="Exif/Model" value="NIKON D3000"/>
          <property name="Exif/Orientation" value="1"/>
          <property name="Exif/Software" value="Ver.1.00 "/>
          <property name="File/ImageHeight" value="2592"/>
          <property name="File/ImageWidth" value="3872"/>
          <property name="System/FileModifyDate" value="2016:06:21 01:01:58"/>
          <property name="System/FileSize" value="2704406"/>
        </meta>
      </photo>
    </camera>
    <camera camera_id="28">
      <photo path="../../../images/DSC_0152.JPG">
        <meta>
          <property name="Exif/DateTime" value="2016:06:21 01:02:00"/>
          <property name="Exif/DateTimeOriginal" value="2016:06:21 01:02:00"/>
          <property name="Exif/ExposureTime" value="0.0333333333333333"/>
          <property name="Exif/FNumber" value="4.5"/>
          <property name="Exif/FocalLength" value="30"/>
          <property name="Exif/FocalLengthIn35mmFilm" value="45"/>
          <property name="Exif/ISOSpeedRatings" value="1000"/>
          <property name="Exif/Make" value="NIKON CORPORATION"/>
          <property name="Exif/Model" value="NIKON D3000"/>
          <property name="Exif/Orientation" value="1"/>
          <property name="Exif/Software" value="Ver.1.00 "/>
          <property name="File/ImageHeight" value="2592"/>
          <property name="File/ImageWidth" value="3872"/>
          <property name="System/FileModifyDate" value="2016:06:21 01:02:02"/>
          <property name="System/FileSize" value="2720937"/>
        </meta>
      </photo>
    </camera>
    <camera camera_id="29">
      <photo path="../../../images/DSC_0153.JPG">
        <meta>
          <property name="Exif/DateTime" value="2016:06:21 01:02:05"/>
          <property name="Exif/DateTimeOriginal" value="2016:06:21 01:02:05"/>
          <property name="Exif/ExposureTime" value="0.0333333333333333"/>
          <property name="Exif/FNumber" value="4.5"/>
          <property name="Exif/FocalLength" value="30"/>
          <property name="Exif/FocalLengthIn35mmFilm" value="45"/>
          <property name="Exif/ISOSpeedRatings" value="1000"/>
          <property name="Exif/Make" value="NIKON CORPORATION"/>
          <property name="Exif/Model" value="NIKON D3000"/>
          <property name="Exif/Orientation" value="1"/>
          <property name="Exif/Software" value="Ver.1.00 "/>
          <property name="File/ImageHeight" value="2592"/>
          <property name="File/ImageWidth" value="3872"/>
          <property name="System/FileModifyDate" value="2016:06:21 01:02:06"/>
          <property name="System/FileSize" value="2740924"/>
        </meta>
      </photo>
    </camera>
    <camera camera_id="30">
      <photo path="../../../images/DSC_0154.JPG">
        <meta>
          <property name="Exif/DateTime" value="2016:06:21 01:02:07"/>
          <property name="Exif/DateTimeOriginal" value="2016:06:21 01:02:07"/>
          <property name="Exif/ExposureTime" value="0.0333333333333333"/>
          <property name="Exif/FNumber" value="4.5"/>
          <property name="Exif/FocalLength" value="30"/>
          <property name="Exif/FocalLengthIn35mmFilm" value="45"/>
          <property name="Exif/ISOSpeedRatings" value="1000"/>
          <property name="Exif/Make" value="NIKON CORPORATION"/>
          <property name="Exif/Model" value="NIKON D3000"/>
          <property name="Exif/Orientation" value="1"/>
          <property name="Exif/Software" value="Ver.1.00 "/>
          <property name="File/ImageHeight" value="2592"/>
          <property name="File/ImageWidth" value="3872"/>
          <property name="System/FileModifyDate" value="2016:06:21 01:02:08"/>
          <property name="System/FileSize" value="2685181"/>
        </meta>
      </photo>
    </camera>
    <camera camera_id="31">
      <photo path="../../../images/DSC_0155.JPG">
        <meta>
          <property name="Exif/DateTime" value="2016:06:21 01:02:11"/>
          <property name="Exif/DateTimeOriginal" value="2016:06:21 01:02:11"/>
          <property name="Exif/ExposureTime" value="0.0333333333333333"/>
          <property name="Exif/FNumber" value="4.5"/>
          <property name="Exif/FocalLength" value="30"/>
          <property name="Exif/FocalLengthIn35mmFilm" value="45"/>
          <property name="Exif/ISOSpeedRatings" value="1000"/>
          <property name="Exif/Make" value="NIKON CORPORATION"/>
          <property name="Exif/Model" value="NIKON D3000"/>
          <property name="Exif/Orientation" value="1"/>
          <property name="Exif/Software" value="Ver.1.00 "/>
          <property name="File/ImageHeight" value="2592"/>
          <property name="File/ImageWidth" value="3872"/>
          <property name="System/FileModifyDate" value="2016:06:21 01:02:12"/>
          <property name="System/FileSize" value="2708194"/>
        </meta>
      </photo>
    </camera>
    <camera camera_id="32">
      <photo path="../../../images/DSC_0156.JPG">
        <meta>
          <property name="Exif/DateTime" value="2016:06:21 01:02:15"/>
          <property name="Exif/DateTimeOriginal" value="2016:06:21 01:02:15"/>
          <property name="Exif/ExposureTime" value="0.0333333333333333"/>
          <property name="Exif/FNumber" value="4.5"/>
          <property name="Exif/FocalLength" value="30"/>
          <property name="Exif/FocalLengthIn35mmFilm" value="45"/>
          <property name="Exif/ISOSpeedRatings" value="1000"/>
          <property name="Exif/Make" value="NIKON CORPORATION"/>
          <property name="Exif/Model" value="NIKON D3000"/>
          <property name="Exif/Orientation" value="1"/>
          <property name="Exif/Software" value="Ver.1.00 "/>
          <property name="File/ImageHeight" value="2592"/>
          <property name="File/ImageWidth" value="3872"/>
          <property name="System/FileModifyDate" value="2016:06:21 01:02:16"/>
          <property name="System/FileSize" value="2745468"/>
        </meta>
      </photo>
    </camera>
    <camera camera_id="33">
      <photo path="../../../images/DSC_0157.JPG">
        <meta>
          <property name="Exif/DateTime" value="2016:06:21 01:02:23"/>
          <property name="Exif/DateTimeOriginal" value="2016:06:21 01:02:23"/>
          <property name="Exif/ExposureTime" value="0.0333333333333333"/>
          <property name="Exif/FNumber" value="4.5"/>
          <property name="Exif/FocalLength" value="30"/>
          <property name="Exif/FocalLengthIn35mmFilm" value="45"/>
          <property name="Exif/ISOSpeedRatings" value="1100"/>
          <property name="Exif/Make" value="NIKON CORPORATION"/>
          <property name="Exif/Model" value="NIKON D3000"/>
          <property name="Exif/Orientation" value="1"/>
          <property name="Exif/Software" value="Ver.1.00 "/>
          <property name="File/ImageHeight" value="2592"/>
          <property name="File/ImageWidth" value="3872"/>
          <property name="System/FileModifyDate" value="2016:06:21 01:02:24"/>
          <property name="System/FileSize" value="2700751"/>
        </meta>
      </photo>
    </camera>
    <camera camera_id="34">
      <photo path="../../../images/DSC_0158.JPG">
        <meta>
          <property name="Exif/DateTime" value="2016:06:21 01:02:27"/>
          <property name="Exif/DateTimeOriginal" value="2016:06:21 01:02:27"/>
          <property name="Exif/ExposureTime" value="0.0333333333333333"/>
          <property name="Exif/FNumber" value="4.5"/>
          <property name="Exif/FocalLength" value="30"/>
          <property name="Exif/FocalLengthIn35mmFilm" value="45"/>
          <property name="Exif/ISOSpeedRatings" value="1100"/>
          <property name="Exif/Make" value="NIKON CORPORATION"/>
          <property name="Exif/Model" value="NIKON D3000"/>
          <property name="Exif/Orientation" value="1"/>
          <property name="Exif/Software" value="Ver.1.00 "/>
          <property name="File/ImageHeight" value="2592"/>
          <property name="File/ImageWidth" value="3872"/>
          <property name="System/FileModifyDate" value="2016:06:21 01:02:28"/>
          <property name="System/FileSize" value="2703759"/>
        </meta>
      </photo>
    </camera>
    <camera camera_id="35">
      <photo path="../../../images/DSC_0159.JPG">
        <meta>
          <property name="Exif/DateTime" value="2016:06:21 01:02:37"/>
          <property name="Exif/DateTimeOriginal" value="2016:06:21 01:02:37"/>
          <property name="Exif/ExposureTime" value="0.0333333333333333"/>
          <property name="Exif/FNumber" value="4.5"/>
          <property name="Exif/FocalLength" value="30"/>
          <property name="Exif/FocalLengthIn35mmFilm" value="45"/>
          <property name="Exif/ISOSpeedRatings" value="1100"/>
          <property name="Exif/Make" value="NIKON CORPORATION"/>
          <property name="Exif/Model" value="NIKON D3000"/>
          <property name="Exif/Orientation" value="1"/>
          <property name="Exif/Software" value="Ver.1.00 "/>
          <property name="File/ImageHeight" value="2592"/>
          <property name="File/ImageWidth" value="3872"/>
          <property name="System/FileModifyDate" value="2016:06:21 01:02:38"/>
          <property name="System/FileSize" value="2696248"/>
        </meta>
      </photo>
    </camera>
    <camera camera_id="36">
      <photo path="../../../images/DSC_0160.JPG">
        <meta>
          <property name="Exif/DateTime" value="2016:06:21 01:02:40"/>
          <property name="Exif/DateTimeOriginal" value="2016:06:21 01:02:40"/>
          <property name="Exif/ExposureTime" value="0.0333333333333333"/>
          <property name="Exif/FNumber" value="4.5"/>
          <property name="Exif/FocalLength" value="30"/>
          <property name="Exif/FocalLengthIn35mmFilm" value="45"/>
          <property name="Exif/ISOSpeedRatings" value="1100"/>
          <property name="Exif/Make" value="NIKON CORPORATION"/>
          <property name="Exif/Model" value="NIKON D3000"/>
          <property name="Exif/Orientation" value="1"/>
          <property name="Exif/Software" value="Ver.1.00 "/>
          <property name="File/ImageHeight" value="2592"/>
          <property name="File/ImageWidth" value="3872"/>
          <property name="System/FileModifyDate" value="2016:06:21 01:02:42"/>
          <property name="System/FileSize" value="2712379"/>
        </meta>
      </photo>
    </camera>
    <camera camera_id="37">
      <photo path="../../../images/DSC_0161.JPG">
        <meta>
          <property name="Exif/DateTime" value="2016:06:21 01:02:44"/>
          <property name="Exif/DateTimeOriginal" value="2016:06:21 01:02:44"/>
          <property name="Exif/ExposureTime" value="0.0333333333333333"/>
          <property name="Exif/FNumber" value="4.5"/>
          <property name="Exif/FocalLength" value="30"/>
          <property name="Exif/FocalLengthIn35mmFilm" value="45"/>
          <property name="Exif/ISOSpeedRatings" value="1250"/>
          <property name="Exif/Make" value="NIKON CORPORATION"/>
          <property name="Exif/Model" value="NIKON D3000"/>
          <property name="Exif/Orientation" value="1"/>
          <property name="Exif/Software" value="Ver.1.00 "/>
          <property name="File/ImageHeight" value="2592"/>
          <property name="File/ImageWidth" value="3872"/>
          <property name="System/FileModifyDate" value="2016:06:21 01:02:44"/>
          <property name="System/FileSize" value="2716299"/>
        </meta>
      </photo>
    </camera>
    <camera camera_id="38">
      <photo path="../../../images/DSC_0162.JPG">
        <meta>
          <property name="Exif/DateTime" value="2016:06:21 01:02:48"/>
          <property name="Exif/DateTimeOriginal" value="2016:06:21 01:02:48"/>
          <property name="Exif/ExposureTime" value="0.0333333333333333"/>
          <property name="Exif/FNumber" value="4.5"/>
          <property name="Exif/FocalLength" value="30"/>
          <property name="Exif/FocalLengthIn35mmFilm" value="45"/>
          <property name="Exif/ISOSpeedRatings" value="1100"/>
          <property name="Exif/Make" value="NIKON CORPORATION"/>
          <property name="Exif/Model" value="NIKON D3000"/>
          <property name="Exif/Orientation" value="1"/>
          <property name="Exif/Software" value="Ver.1.00 "/>
          <property name="File/ImageHeight" value="2592"/>
          <property name="File/ImageWidth" value="3872"/>
          <property name="System/FileModifyDate" value="2016:06:21 01:02:48"/>
          <property name="System/FileSize" value="2725047"/>
        </meta>
      </photo>
    </camera>
    <camera camera_id="39">
      <photo path="../../../images/DSC_0163.JPG">
        <meta>
          <property name="Exif/DateTime" value="2016:06:21 01:02:53"/>
          <property name="Exif/DateTimeOriginal" value="2016:06:21 01:02:53"/>
          <property name="Exif/ExposureTime" value="0.0333333333333333"/>
          <property name="Exif/FNumber" value="4.5"/>
          <property name="Exif/FocalLength" value="30"/>
          <property name="Exif/FocalLengthIn35mmFilm" value="45"/>
          <property name="Exif/ISOSpeedRatings" value="1100"/>
          <property name="Exif/Make" value="NIKON CORPORATION"/>
          <property name="Exif/Model" value="NIKON D3000"/>
          <property name="Exif/Orientation" value="1"/>
          <property name="Exif/Software" value="Ver.1.00 "/>
          <property name="File/ImageHeight" value="2592"/>
          <property name="File/ImageWidth" value="3872"/>
          <property name="System/FileModifyDate" value="2016:06:21 01:02:54"/>
          <property name="System/FileSize" value="2732572"/>
        </meta>
      </photo>
    </camera>
    <camera camera_id="40">
      <photo path="../../../images/DSC_0164.JPG">
        <meta>
          <property name="Exif/DateTime" value="2016:06:21 01:03:00"/>
          <property name="Exif/DateTimeOriginal" value="2016:06:21 01:03:00"/>
          <property name="Exif/ExposureTime" value="0.0333333333333333"/>
          <property name="Exif/FNumber" value="4.5"/>
          <property name="Exif/FocalLength" value="30"/>
          <property name="Exif/FocalLengthIn35mmFilm" value="45"/>
          <property name="Exif/ISOSpeedRatings" value="1100"/>
          <property name="Exif/Make" value="NIKON CORPORATION"/>
          <property name="Exif/Model" value="NIKON D3000"/>
          <property name="Exif/Orientation" value="1"/>
          <property name="Exif/Software" value="Ver.1.00 "/>
          <property name="File/ImageHeight" value="2592"/>
          <property name="File/ImageWidth" value="3872"/>
          <property name="System/FileModifyDate" value="2016:06:21 01:03:02"/>
          <property name="System/FileSize" value="2703399"/>
        </meta>
      </photo>
    </camera>
    <camera camera_id="41">
      <photo path="../../../images/DSC_0165.JPG">
        <meta>
          <property name="Exif/DateTime" value="2016:06:21 01:03:04"/>
          <property name="Exif/DateTimeOriginal" value="2016:06:21 01:03:04"/>
          <property name="Exif/ExposureTime" value="0.0333333333333333"/>
          <property name="Exif/FNumber" value="4.5"/>
          <property name="Exif/FocalLength" value="30"/>
          <property name="Exif/FocalLengthIn35mmFilm" value="45"/>
          <property name="Exif/ISOSpeedRatings" value="1100"/>
          <property name="Exif/Make" value="NIKON CORPORATION"/>
          <property name="Exif/Model" value="NIKON D3000"/>
          <property name="Exif/Orientation" value="1"/>
          <property name="Exif/Software" value="Ver.1.00 "/>
          <property name="File/ImageHeight" value="2592"/>
          <property name="File/ImageWidth" value="3872"/>
          <property name="System/FileModifyDate" value="2016:06:21 01:03:06"/>
          <property name="System/FileSize" value="2697549"/>
        </meta>
      </photo>
    </camera>
    <camera camera_id="42">
      <photo path="../../../images/DSC_0166.JPG">
        <meta>
          <property name="Exif/DateTime" value="2016:06:21 01:03:08"/>
          <property name="Exif/DateTimeOriginal" value="2016:06:21 01:03:08"/>
          <property name="Exif/ExposureTime" value="0.0333333333333333"/>
          <property name="Exif/FNumber" value="4.5"/>
          <property name="Exif/FocalLength" value="30"/>
          <property name="Exif/FocalLengthIn35mmFilm" value="45"/>
          <property name="Exif/ISOSpeedRatings" value="1100"/>
          <property name="Exif/Make" value="NIKON CORPORATION"/>
          <property name="Exif/Model" value="NIKON D3000"/>
          <property name="Exif/Orientation" value="1"/>
          <property name="Exif/Software" value="Ver.1.00 "/>
          <property name="File/ImageHeight" value="2592"/>
          <property name="File/ImageWidth" value="3872"/>
          <property name="System/FileModifyDate" value="2016:06:21 01:03:08"/>
          <property name="System/FileSize" value="2687855"/>
        </meta>
      </photo>
    </camera>
    <camera camera_id="43">
      <photo path="../../../images/DSC_0167.JPG">
        <meta>
          <property name="Exif/DateTime" value="2016:06:21 01:03:12"/>
          <property name="Exif/DateTimeOriginal" value="2016:06:21 01:03:12"/>
          <property name="Exif/ExposureTime" value="0.0333333333333333"/>
          <property name="Exif/FNumber" value="4.5"/>
          <property name="Exif/FocalLength" value="30"/>
          <property name="Exif/FocalLengthIn35mmFilm" value="45"/>
          <property name="Exif/ISOSpeedRatings" value="1100"/>
          <property name="Exif/Make" value="NIKON CORPORATION"/>
          <property name="Exif/Model" value="NIKON D3000"/>
          <property name="Exif/Orientation" value="1"/>
          <property name="Exif/Software" value="Ver.1.00 "/>
          <property name="File/ImageHeight" value="2592"/>
          <property name="File/ImageWidth" value="3872"/>
          <property name="System/FileModifyDate" value="2016:06:21 01:03:14"/>
          <property name="System/FileSize" value="2680259"/>
        </meta>
      </photo>
    </camera>
    <camera camera_id="44">
      <photo path="../../../images/DSC_0168.JPG">
        <meta>
          <property name="Exif/DateTime" value="2016:06:21 01:03:16"/>
          <property name="Exif/DateTimeOriginal" value="2016:06:21 01:03:16"/>
          <property name="Exif/ExposureTime" value="0.0333333333333333"/>
          <property name="Exif/FNumber" value="4.5"/>
          <property name="Exif/FocalLength" value="30"/>
          <property name="Exif/FocalLengthIn35mmFilm" value="45"/>
          <property name="Exif/ISOSpeedRatings" value="1100"/>
          <property name="Exif/Make" value="NIKON CORPORATION"/>
          <property name="Exif/Model" value="NIKON D3000"/>
          <property name="Exif/Orientation" value="1"/>
          <property name="Exif/Software" value="Ver.1.00 "/>
          <property name="File/ImageHeight" value="2592"/>
          <property name="File/ImageWidth" value="3872"/>
          <property name="System/FileModifyDate" value="2016:06:21 01:03:18"/>
          <property name="System/FileSize" value="2698659"/>
        </meta>
      </photo>
    </camera>
    <camera camera_id="45">
      <photo path="../../../images/DSC_0169.JPG">
        <meta>
          <property name="Exif/DateTime" value="2016:06:21 01:03:20"/>
          <property name="Exif/DateTimeOriginal" value="2016:06:21 01:03:20"/>
          <property name="Exif/ExposureTime" value="0.0333333333333333"/>
          <property name="Exif/FNumber" value="4.5"/>
          <property name="Exif/FocalLength" value="30"/>
          <property name="Exif/FocalLengthIn35mmFilm" value="45"/>
          <property name="Exif/ISOSpeedRatings" value="1100"/>
          <property name="Exif/Make" value="NIKON CORPORATION"/>
          <property name="Exif/Model" value="NIKON D3000"/>
          <property name="Exif/Orientation" value="1"/>
          <property name="Exif/Software" value="Ver.1.00 "/>
          <property name="File/ImageHeight" value="2592"/>
          <property name="File/ImageWidth" value="3872"/>
          <property name="System/FileModifyDate" value="2016:06:21 01:03:20"/>
          <property name="System/FileSize" value="2704244"/>
        </meta>
      </photo>
    </camera>
    <camera camera_id="46">
      <photo path="../../../images/DSC_0170.JPG">
        <meta>
          <property name="Exif/DateTime" value="2016:06:21 01:03:24"/>
          <property name="Exif/DateTimeOriginal" value="2016:06:21 01:03:24"/>
          <property name="Exif/ExposureTime" value="0.0333333333333333"/>
          <property name="Exif/FNumber" value="4.5"/>
          <property name="Exif/FocalLength" value="30"/>
          <property name="Exif/FocalLengthIn35mmFilm" value="45"/>
          <property name="Exif/ISOSpeedRatings" value="1100"/>
          <property name="Exif/Make" value="NIKON CORPORATION"/>
          <property name="Exif/Model" value="NIKON D3000"/>
          <property name="Exif/Orientation" value="1"/>
          <property name="Exif/Software" value="Ver.1.00 "/>
          <property name="File/ImageHeight" value="2592"/>
          <property name="File/ImageWidth" value="3872"/>
          <property name="System/FileModifyDate" value="2016:06:21 01:03:24"/>
          <property name="System/FileSize" value="2705644"/>
        </meta>
      </photo>
    </camera>
    <camera camera_id="47">
      <photo path="../../../images/DSC_0171.JPG">
        <meta>
          <property name="Exif/DateTime" value="2016:06:21 01:03:29"/>
          <property name="Exif/DateTimeOriginal" value="2016:06:21 01:03:29"/>
          <property name="Exif/ExposureTime" value="0.0333333333333333"/>
          <property name="Exif/FNumber" value="4.5"/>
          <property name="Exif/FocalLength" value="30"/>
          <property name="Exif/FocalLengthIn35mmFilm" value="45"/>
          <property name="Exif/ISOSpeedRatings" value="1100"/>
          <property name="Exif/Make" value="NIKON CORPORATION"/>
          <property name="Exif/Model" value="NIKON D3000"/>
          <property name="Exif/Orientation" value="1"/>
          <property name="Exif/Software" value="Ver.1.00 "/>
          <property name="File/ImageHeight" value="2592"/>
          <property name="File/ImageWidth" value="3872"/>
          <property name="System/FileModifyDate" value="2016:06:21 01:03:30"/>
          <property name="System/FileSize" value="2714802"/>
        </meta>
      </photo>
    </camera>
    <camera camera_id="48">
      <photo path="../../../images/DSC_0172.JPG">
        <meta>
          <property name="Exif/DateTime" value="2016:06:21 01:03:34"/>
          <property name="Exif/DateTimeOriginal" value="2016:06:21 01:03:34"/>
          <property name="Exif/ExposureTime" value="0.0333333333333333"/>
          <property name="Exif/FNumber" value="4.5"/>
          <property name="Exif/FocalLength" value="30"/>
          <property name="Exif/FocalLengthIn35mmFilm" value="45"/>
          <property name="Exif/ISOSpeedRatings" value="1100"/>
          <property name="Exif/Make" value="NIKON CORPORATION"/>
          <property name="Exif/Model" value="NIKON D3000"/>
          <property name="Exif/Orientation" value="1"/>
          <property name="Exif/Software" value="Ver.1.00 "/>
          <property name="File/ImageHeight" value="2592"/>
          <property name="File/ImageWidth" value="3872"/>
          <property name="System/FileModifyDate" value="2016:06:21 01:03:34"/>
          <property name="System/FileSize" value="2744227"/>
        </meta>
      </photo>
    </camera>
    <camera camera_id="49">
      <photo path="../../../images/DSC_0173.JPG">
        <meta>
          <property name="Exif/DateTime" value="2016:06:21 01:03:39"/>
          <property name="Exif/DateTimeOriginal" value="2016:06:21 01:03:39"/>
          <property name="Exif/ExposureTime" value="0.0333333333333333"/>
          <property name="Exif/FNumber" value="4.5"/>
          <property name="Exif/FocalLength" value="30"/>
          <property name="Exif/FocalLengthIn35mmFilm" value="45"/>
          <property name="Exif/ISOSpeedRatings" value="1250"/>
          <property name="Exif/Make" value="NIKON CORPORATION"/>
          <property name="Exif/Model" value="NIKON D3000"/>
          <property name="Exif/Orientation" value="1"/>
          <property name="Exif/Software" value="Ver.1.00 "/>
          <property name="File/ImageHeight" value="2592"/>
          <property name="File/ImageWidth" value="3872"/>
          <property name="System/FileModifyDate" value="2016:06:21 01:03:40"/>
          <property name="System/FileSize" value="2821420"/>
        </meta>
      </photo>
    </camera>
    <camera camera_id="50">
      <photo path="../../../images/DSC_0174.JPG">
        <meta>
          <property name="Exif/DateTime" value="2016:06:21 01:03:55"/>
          <property name="Exif/DateTimeOriginal" value="2016:06:21 01:03:55"/>
          <property name="Exif/ExposureTime" value="0.0333333333333333"/>
          <property name="Exif/FNumber" value="4.5"/>
          <property name="Exif/FocalLength" value="30"/>
          <property name="Exif/FocalLengthIn35mmFilm" value="45"/>
          <property name="Exif/ISOSpeedRatings" value="1100"/>
          <property name="Exif/Make" value="NIKON CORPORATION"/>
          <property name="Exif/Model" value="NIKON D3000"/>
          <property name="Exif/Orientation" value="1"/>
          <property name="Exif/Software" value="Ver.1.00 "/>
          <property name="File/ImageHeight" value="2592"/>
          <property name="File/ImageWidth" value="3872"/>
          <property name="System/FileModifyDate" value="2016:06:21 01:03:56"/>
          <property name="System/FileSize" value="2815203"/>
        </meta>
      </photo>
    </camera>
    <camera camera_id="51">
      <photo path="../../../images/DSC_0175.JPG">
        <meta>
          <property name="Exif/DateTime" value="2016:06:21 01:03:59"/>
          <property name="Exif/DateTimeOriginal" value="2016:06:21 01:03:59"/>
          <property name="Exif/ExposureTime" value="0.0333333333333333"/>
          <property name="Exif/FNumber" value="4.5"/>
          <property name="Exif/FocalLength" value="30"/>
          <property name="Exif/FocalLengthIn35mmFilm" value="45"/>
          <property name="Exif/ISOSpeedRatings" value="1100"/>
          <property name="Exif/Make" value="NIKON CORPORATION"/>
          <property name="Exif/Model" value="NIKON D3000"/>
          <property name="Exif/Orientation" value="1"/>
          <property name="Exif/Software" value="Ver.1.00 "/>
          <property name="File/ImageHeight" value="2592"/>
          <property name="File/ImageWidth" value="3872"/>
          <property name="System/FileModifyDate" value="2016:06:21 01:04:00"/>
          <property name="System/FileSize" value="2732743"/>
        </meta>
      </photo>
    </camera>
    <camera camera_id="53">
      <photo path="../../../images/DSC_0177.JPG">
        <meta>
          <property name="Exif/DateTime" value="2016:06:21 01:04:16"/>
          <property name="Exif/DateTimeOriginal" value="2016:06:21 01:04:16"/>
          <property name="Exif/ExposureTime" value="0.0333333333333333"/>
          <property name="Exif/FNumber" value="4.5"/>
          <property name="Exif/FocalLength" value="30"/>
          <property name="Exif/FocalLengthIn35mmFilm" value="45"/>
          <property name="Exif/ISOSpeedRatings" value="1000"/>
          <property name="Exif/Make" value="NIKON CORPORATION"/>
          <property name="Exif/Model" value="NIKON D3000"/>
          <property name="Exif/Orientation" value="1"/>
          <property name="Exif/Software" value="Ver.1.00 "/>
          <property name="File/ImageHeight" value="2592"/>
          <property name="File/ImageWidth" value="3872"/>
          <property name="System/FileModifyDate" value="2016:06:21 01:04:16"/>
          <property name="System/FileSize" value="2789252"/>
        </meta>
      </photo>
    </camera>
    <camera camera_id="54">
      <photo path="../../../images/DSC_0178.JPG">
        <meta>
          <property name="Exif/DateTime" value="2016:06:21 01:04:19"/>
          <property name="Exif/DateTimeOriginal" value="2016:06:21 01:04:19"/>
          <property name="Exif/ExposureTime" value="0.0333333333333333"/>
          <property name="Exif/FNumber" value="4.5"/>
          <property name="Exif/FocalLength" value="30"/>
          <property name="Exif/FocalLengthIn35mmFilm" value="45"/>
          <property name="Exif/ISOSpeedRatings" value="1000"/>
          <property name="Exif/Make" value="NIKON CORPORATION"/>
          <property name="Exif/Model" value="NIKON D3000"/>
          <property name="Exif/Orientation" value="1"/>
          <property name="Exif/Software" value="Ver.1.00 "/>
          <property name="File/ImageHeight" value="2592"/>
          <property name="File/ImageWidth" value="3872"/>
          <property name="System/FileModifyDate" value="2016:06:21 01:04:20"/>
          <property name="System/FileSize" value="2790148"/>
        </meta>
      </photo>
    </camera>
    <camera camera_id="55">
      <photo path="../../../images/DSC_0179.JPG">
        <meta>
          <property name="Exif/DateTime" value="2016:06:21 01:04:26"/>
          <property name="Exif/DateTimeOriginal" value="2016:06:21 01:04:26"/>
          <property name="Exif/ExposureTime" value="0.0333333333333333"/>
          <property name="Exif/FNumber" value="4.5"/>
          <property name="Exif/FocalLength" value="30"/>
          <property name="Exif/FocalLengthIn35mmFilm" value="45"/>
          <property name="Exif/ISOSpeedRatings" value="1000"/>
          <property name="Exif/Make" value="NIKON CORPORATION"/>
          <property name="Exif/Model" value="NIKON D3000"/>
          <property name="Exif/Orientation" value="1"/>
          <property name="Exif/Software" value="Ver.1.00 "/>
          <property name="File/ImageHeight" value="2592"/>
          <property name="File/ImageWidth" value="3872"/>
          <property name="System/FileModifyDate" value="2016:06:21 01:04:28"/>
          <property name="System/FileSize" value="2736265"/>
        </meta>
      </photo>
    </camera>
    <camera camera_id="56">
      <photo path="../../../images/DSC_0180.JPG">
        <meta>
          <property name="Exif/DateTime" value="2016:06:21 01:04:30"/>
          <property name="Exif/DateTimeOriginal" value="2016:06:21 01:04:30"/>
          <property name="Exif/ExposureTime" value="0.0333333333333333"/>
          <property name="Exif/FNumber" value="4.5"/>
          <property name="Exif/FocalLength" value="30"/>
          <property name="Exif/FocalLengthIn35mmFilm" value="45"/>
          <property name="Exif/ISOSpeedRatings" value="1000"/>
          <property name="Exif/Make" value="NIKON CORPORATION"/>
          <property name="Exif/Model" value="NIKON D3000"/>
          <property name="Exif/Orientation" value="1"/>
          <property name="Exif/Software" value="Ver.1.00 "/>
          <property name="File/ImageHeight" value="2592"/>
          <property name="File/ImageWidth" value="3872"/>
          <property name="System/FileModifyDate" value="2016:06:21 01:04:30"/>
          <property name="System/FileSize" value="2747184"/>
        </meta>
      </photo>
    </camera>
  </cameras>
  <markers>
    <marker marker_id="22">
      <location camera_id="0" pinned="true" x="1126.2705" y="1357.1403"/>
      <location camera_id="1" pinned="true" x="1142.3601" y="1422.6958"/>
    </marker>
    <marker marker_id="23">
      <location camera_id="0" pinned="true" x="1890.8267" y="1592.0107"/>
      <location camera_id="1" pinned="true" x="1931.9686" y="1611.7904"/>
    </marker>
    <marker marker_id="24">
      <location camera_id="0" pinned="true" x="1890.8267" y="1527.9242"/>
      <location camera_id="1" pinned="true" x="1931.1774" y="1546.1216"/>
    </marker>
    <marker marker_id="25">
      <location camera_id="0" pinned="true" x="1875.0029" y="1459.8818"/>
      <location camera_id="1" pinned="true" x="1912.98" y="1478.0792"/>
    </marker>
    <marker marker_id="26">
      <location camera_id="0" pinned="true" x="1944.6277" y="1511.3092"/>
      <location camera_id="1" pinned="true" x="1984.1873" y="1528.7155"/>
    </marker>
    <marker marker_id="27">
      <location camera_id="17" pinned="true" x="2540.3896" y="1232.7938"/>
      <location camera_id="18" pinned="true" x="2503.009" y="1194.4548"/>
    </marker>
    <marker marker_id="28">
      <location camera_id="17" pinned="true" x="2576.8118" y="1259.6312"/>
      <location camera_id="18" pinned="true" x="2541.3481" y="1212.6658"/>
    </marker>
    <marker marker_id="29">
      <location camera_id="13" pinned="true" x="1160.9386" y="1051.7729"/>
      <location camera_id="14" pinned="true" x="910.21497" y="1127.8308"/>
      <location camera_id="56" pinned="true" x="1657.1943" y="986.60126"/>
    </marker>
    <marker marker_id="30">
      <location camera_id="48" pinned="true" x="982.37817" y="1689.1344"/>
      <location camera_id="49" pinned="true" x="1249.3915" y="1785.2094"/>
    </marker>
    <marker marker_id="31">
      <location camera_id="0" pinned="true" x="528.66907" y="1421.4573"/>
      <location camera_id="1" pinned="true" x="489.28217" y="1511.4844"/>
    </marker>
    <marker marker_id="32">
      <location camera_id="0" pinned="true" x="581.18488" y="1650.2762"/>
      <location camera_id="1" pinned="true" x="558.6781" y="1759.0591"/>
    </marker>
    <marker marker_id="33">
      <location camera_id="0" pinned="true" x="282.06836" y="1319.311"/>
      <location camera_id="1" pinned="true" x="228.84346" y="1428.36"/>
    </marker>
    <marker marker_id="34">
      <location camera_id="30" pinned="true" x="1873.6583" y="1053.1073"/>
      <location camera_id="31" pinned="true" x="1839.5551" y="1049.5176"/>
    </marker>
    <marker marker_id="35">
      <location camera_id="11" pinned="true" x="2094.8865" y="1082.4802"/>
      <location camera_id="12" pinned="true" x="2094.1472" y="1083.2194"/>
    </marker>
    <marker marker_id="36">
      <location camera_id="0" pinned="true" x="2908.1206" y="1530.9923"/>
      <location camera_id="1" pinned="true" x="2856.3191" y="1499.205"/>
    </marker>
    <marker marker_id="37">
      <location camera_id="17" pinned="true" x="996.88141" y="1390.0699"/>
      <location camera_id="18" pinned="true" x="1002.8189" y="1442.7654"/>
    </marker>
    <marker marker_id="38">
      <location camera_id="18" pinned="true" x="557.57928" y="1627.3772"/>
      <location camera_id="19" pinned="true" x="585.3866" y="1699.2128"/>
    </marker>
    <marker marker_id="39">
      <location camera_id="2" pinned="true" x="2780.6409" y="1107.0081"/>
      <location camera_id="3" pinned="true" x="2709.5991" y="1089.6056"/>
    </marker>
    <marker marker_id="40">
      <location camera_id="3" pinned="true" x="2189.9111" y="1315.8098"/>
      <location camera_id="4" pinned="true" x="2416.145" y="1319.2212"/>
    </marker>
    <marker marker_id="41">
      <location camera_id="0" pinned="true" x="2930.7515" y="1176.6152"/>
      <location camera_id="1" pinned="true" x="2870.3801" y="1148.9451"/>
      <location camera_id="4" pinned="true" x="2836.177" y="1049.8115"/>
      <location camera_id="27" pinned="true" x="1597.123" y="1621.8306"/>
    </marker>
    <marker marker_id="42">
      <location camera_id="23" pinned="true" x="882.66187" y="1851.9739"/>
      <location camera_id="25" pinned="true" x="1227.6984" y="1950.0833"/>
      <location camera_id="27" pinned="true" x="1616.4108" y="2007.584"/>
    </marker>
  </markers>
  <masks path="masks/masks.zip"/>
  <thumbnails path="thumbnails/thumbnails.zip"/>
  <point_cloud path="point_cloud/point_cloud.zip"/>
  <depth_maps path="depth_maps.1/depth_maps.zip"/>
  <dense_cloud path="dense_cloud/dense_cloud.zip"/>
</frame>
