<?xml version="1.0" encoding="UTF-8"?>
<chunk label="Copy of Merged Chunk" enabled="true">
  <sensors next_id="20">
    <sensor id="0" label="NIKON D3000 (48 mm)" type="frame">
      <resolution width="3872" height="2592"/>
      <property name="pixel_width" value="0.0061904649606179677"/>
      <property name="pixel_height" value="0.0061904649606179677"/>
      <property name="focal_length" value="48"/>
      <property name="fixed" value="false"/>
    </sensor>
    <sensor id="1" label="NIKON D3000 (28 mm)" type="frame">
      <resolution width="3872" height="2592"/>
      <property name="pixel_width" value="0.0061904649606179677"/>
      <property name="pixel_height" value="0.0061904649606179677"/>
      <property name="focal_length" value="28"/>
      <property name="fixed" value="false"/>
    </sensor>
    <sensor id="2" label="NIKON D3000 (20 mm)" type="frame">
      <resolution width="3872" height="2592"/>
      <property name="pixel_width" value="0.0061904649606179668"/>
      <property name="pixel_height" value="0.0061904649606179668"/>
      <property name="focal_length" value="20"/>
      <property name="fixed" value="false"/>
    </sensor>
    <sensor id="3" label="NIKON D3000 (24 mm)" type="frame">
      <resolution width="3872" height="2592"/>
      <property name="pixel_width" value="0.0061904649606179677"/>
      <property name="pixel_height" value="0.0061904649606179677"/>
      <property name="focal_length" value="24"/>
      <property name="fixed" value="false"/>
    </sensor>
    <sensor id="4" label="NIKON D3000 (32 mm)" type="frame">
      <resolution width="3872" height="2592"/>
      <property name="pixel_width" value="0.0061904649606179668"/>
      <property name="pixel_height" value="0.0061904649606179668"/>
      <property name="focal_length" value="32"/>
      <property name="fixed" value="false"/>
    </sensor>
    <sensor id="5" label="NIKON D3000 (18 mm)" type="frame">
      <resolution width="3872" height="2592"/>
      <property name="pixel_width" value="0.0061904649606179677"/>
      <property name="pixel_height" value="0.0061904649606179677"/>
      <property name="focal_length" value="18"/>
      <property name="fixed" value="false"/>
    </sensor>
    <sensor id="6" label="NIKON D3000 (29 mm)" type="frame">
      <resolution width="3872" height="2592"/>
      <property name="pixel_width" value="0.0062624471113228268"/>
      <property name="pixel_height" value="0.0062624471113228268"/>
      <property name="focal_length" value="29"/>
      <property name="fixed" value="false"/>
    </sensor>
    <sensor id="7" label="NIKON D3000 (30 mm)" type="frame">
      <resolution width="3872" height="2592"/>
      <property name="pixel_width" value="0.0061904649606179677"/>
      <property name="pixel_height" value="0.0061904649606179677"/>
      <property name="focal_length" value="30"/>
      <property name="fixed" value="false"/>
      <calibration type="frame" class="adjusted">
        <resolution width="3872" height="2592"/>
        <fx>4846.1626373546633</fx>
        <fy>4846.1626373546633</fy>
        <cx>1936</cx>
        <cy>1296</cy>
      </calibration>
    </sensor>
    <sensor id="8" label="NIKON D3000 (26 mm)" type="frame">
      <resolution width="3872" height="2592"/>
      <property name="pixel_width" value="0.0061904649606179677"/>
      <property name="pixel_height" value="0.0061904649606179677"/>
      <property name="focal_length" value="26"/>
      <property name="fixed" value="false"/>
    </sensor>
    <sensor id="9" label="NIKON D3000 (55 mm)" type="frame">
      <resolution width="3872" height="2592"/>
      <property name="pixel_width" value="0.0062282116981827104"/>
      <property name="pixel_height" value="0.0062282116981827104"/>
      <property name="focal_length" value="55"/>
      <property name="fixed" value="false"/>
    </sensor>
    <sensor id="10" label="NIKON D3000 (40 mm)" type="frame">
      <resolution width="3872" height="2592"/>
      <property name="pixel_width" value="0.0061904649606179668"/>
      <property name="pixel_height" value="0.0061904649606179668"/>
      <property name="focal_length" value="40"/>
      <property name="fixed" value="false"/>
    </sensor>
    <sensor id="11" label="NIKON D3000 (30 mm)" type="frame">
      <resolution width="3872" height="2592"/>
      <property name="pixel_width" value="0.0061904649606179677"/>
      <property name="pixel_height" value="0.0061904649606179677"/>
      <property name="focal_length" value="30"/>
      <property name="fixed" value="false"/>
      <calibration type="frame" class="adjusted">
        <resolution width="3872" height="2592"/>
        <fx>4846.1626373546633</fx>
        <fy>4846.1626373546633</fy>
        <cx>1936</cx>
        <cy>1296</cy>
      </calibration>
    </sensor>
    <sensor id="12" label="NIKON D3000 (20 mm)" type="frame">
      <resolution width="3872" height="2592"/>
      <property name="pixel_width" value="0.0061904649606179668"/>
      <property name="pixel_height" value="0.0061904649606179668"/>
      <property name="focal_length" value="20"/>
      <property name="fixed" value="false"/>
    </sensor>
    <sensor id="13" label="NIKON D3000 (24 mm)" type="frame">
      <resolution width="3872" height="2592"/>
      <property name="pixel_width" value="0.0061904649606179677"/>
      <property name="pixel_height" value="0.0061904649606179677"/>
      <property name="focal_length" value="24"/>
      <property name="fixed" value="false"/>
    </sensor>
    <sensor id="14" label="NIKON D3000 (32 mm)" type="frame">
      <resolution width="3872" height="2592"/>
      <property name="pixel_width" value="0.0061904649606179668"/>
      <property name="pixel_height" value="0.0061904649606179668"/>
      <property name="focal_length" value="32"/>
      <property name="fixed" value="false"/>
    </sensor>
    <sensor id="15" label="NIKON D3000 (18 mm)" type="frame">
      <resolution width="3872" height="2592"/>
      <property name="pixel_width" value="0.0061904649606179677"/>
      <property name="pixel_height" value="0.0061904649606179677"/>
      <property name="focal_length" value="18"/>
      <property name="fixed" value="false"/>
    </sensor>
    <sensor id="16" label="NIKON D3000 (29 mm)" type="frame">
      <resolution width="3872" height="2592"/>
      <property name="pixel_width" value="0.0062624471113228268"/>
      <property name="pixel_height" value="0.0062624471113228268"/>
      <property name="focal_length" value="29"/>
      <property name="fixed" value="false"/>
    </sensor>
    <sensor id="17" label="NIKON D5100 (29 mm)" type="frame">
      <resolution width="4928" height="3264"/>
      <property name="pixel_width" value="0.0049366004100330112"/>
      <property name="pixel_height" value="0.0049366004100330112"/>
      <property name="focal_length" value="29"/>
      <property name="fixed" value="false"/>
    </sensor>
    <sensor id="18" label="NIKON D3000 (30 mm)" type="frame">
      <resolution width="3872" height="2592"/>
      <property name="pixel_width" value="0.0061904649606179677"/>
      <property name="pixel_height" value="0.0061904649606179677"/>
      <property name="focal_length" value="30"/>
      <property name="fixed" value="false"/>
      <calibration type="frame" class="adjusted">
        <resolution width="3872" height="2592"/>
        <fx>4846.1626373546633</fx>
        <fy>4846.1626373546633</fy>
        <cx>1936</cx>
        <cy>1296</cy>
      </calibration>
    </sensor>
    <sensor id="19" label="NIKON D3000 (30 mm)" type="frame">
      <resolution width="3872" height="2592"/>
      <property name="pixel_width" value="0.0061904649606179677"/>
      <property name="pixel_height" value="0.0061904649606179677"/>
      <property name="focal_length" value="30"/>
      <property name="fixed" value="false"/>
      <calibration type="frame" class="adjusted">
        <resolution width="3872" height="2592"/>
        <fx>4846.1626373546633</fx>
        <fy>4846.1626373546633</fy>
        <cx>1936</cx>
        <cy>1296</cy>
      </calibration>
    </sensor>
  </sensors>
  <cameras next_id="170" next_group_id="0">
    <camera id="0" label="DSC_0030.JPG" sensor_id="11" enabled="true">
      <transform>8.4464872842241467e-01 -5.2648617597921488e-01 9.6854695689888387e-02 -2.3185486653829268e+00 1.1404872910682043e-01 3.5375485388513395e-01 9.2835897730448358e-01 -1.0131149593690989e+01 -5.2303098661887781e-01 -7.7309107474830596e-01 3.5884366677007479e-01 7.3371552366643309e+00 0.0000000000000000e+00 0.0000000000000000e+00 0.0000000000000000e+00 1.0000000000000000e+00</transform>
    </camera>
    <camera id="1" label="DSC_0031.JPG" sensor_id="11" enabled="true">
      <transform>8.6437109322393835e-01 -5.0266551027326689e-01 -1.3783975499476742e-02 -9.1934176635983655e-01 2.1292355869797788e-01 3.4103010187472121e-01 9.1562111583706185e-01 -9.5978449744618182e+00 -4.5555040484038944e-01 -7.9437135799135772e-01 4.0180589126184274e-01 6.6763082553070081e+00 0.0000000000000000e+00 0.0000000000000000e+00 0.0000000000000000e+00 1.0000000000000000e+00</transform>
    </camera>
    <camera id="2" label="DSC_0032.JPG" sensor_id="11" enabled="true">
      <transform>8.8491267222269665e-01 -4.3907879202449912e-01 -1.5536851976508245e-01 6.6944881039545601e-01 3.3265462047258415e-01 3.6234310959849525e-01 8.7065973514613260e-01 -9.0169278551167658e+00 -3.2599151218693900e-01 -8.2214188880071026e-01 4.6670359829475633e-01 6.1260592883506142e+00 0.0000000000000000e+00 0.0000000000000000e+00 0.0000000000000000e+00 1.0000000000000000e+00</transform>
    </camera>
    <camera id="3" label="DSC_0033.JPG" sensor_id="11" enabled="true">
      <transform>8.8134131859223142e-01 -3.9530264980452823e-01 -2.5879199214741005e-01 1.7730373316578547e+00 4.1287258793748105e-01 3.7803833275721654e-01 8.2862732582020893e-01 -8.4659062499572624e+00 -2.2972528435484324e-01 -8.3715161949533512e-01 4.9639043071399336e-01 5.8970003737757262e+00 0.0000000000000000e+00 0.0000000000000000e+00 0.0000000000000000e+00 1.0000000000000000e+00</transform>
    </camera>
    <camera id="4" label="DSC_0034.JPG" sensor_id="11" enabled="true">
      <transform>8.6081553598882332e-01 -3.4239961743421643e-01 -3.7650911673049453e-01 3.0685533284476123e+00 4.9659646141663694e-01 4.0333090123079651e-01 7.6858059995086270e-01 -7.6998319844214640e+00 -1.1130394201801441e-01 -8.4857921615678034e-01 5.1722794433208530e-01 5.7807139862123602e+00 0.0000000000000000e+00 0.0000000000000000e+00 0.0000000000000000e+00 1.0000000000000000e+00</transform>
    </camera>
    <camera id="5" label="DSC_0036.JPG" sensor_id="11" enabled="true">
      <transform>7.5763006070744277e-01 -2.4241131898661422e-01 -6.0599789070557541e-01 6.0245789595022758e+00 6.3326483098510811e-01 4.9781580509329210e-01 5.9258339331837495e-01 -5.9115481422692930e+00 1.5802640586256195e-01 -8.3271614408902106e-01 5.3067078158089076e-01 5.6109177199919626e+00 0.0000000000000000e+00 0.0000000000000000e+00 0.0000000000000000e+00 1.0000000000000000e+00</transform>
    </camera>
    <camera id="6" label="DSC_0037.JPG" sensor_id="11" enabled="true">
      <transform>7.0714654553386880e-01 -2.1517431694657324e-01 -6.7353082814826815e-01 6.9005306019647259e+00 6.6498008595338143e-01 5.2612777886601414e-01 5.3008588510820420e-01 -5.0146193738444591e+00 2.4030241036025779e-01 -8.2273299048481729e-01 5.1513607711260145e-01 5.9803458636234117e+00 0.0000000000000000e+00 0.0000000000000000e+00 0.0000000000000000e+00 1.0000000000000000e+00</transform>
    </camera>
    <camera id="7" label="DSC_0039.JPG" sensor_id="11" enabled="true">
      <transform>5.1716248893554395e-01 -1.4385676906274719e-01 -8.4371096356087549e-01 8.6272667966569863e+00 7.2075214712558999e-01 6.0483151487078146e-01 3.3866676989773820e-01 -2.6404306987905688e+00 4.6158347289720547e-01 -7.8325223817997691e-01 4.1648124679775400e-01 7.4805373327953237e+00 0.0000000000000000e+00 0.0000000000000000e+00 0.0000000000000000e+00 1.0000000000000000e+00</transform>
    </camera>
    <camera id="8" label="DSC_0040.JPG" sensor_id="11" enabled="true">
      <transform>3.9211606529001286e-01 -1.1585410603566410e-01 -9.1259126527496148e-01 9.2563503043497128e+00 7.2524160550291206e-01 6.4922506951284742e-01 2.2919734458234203e-01 -1.3617664266917642e+00 5.6592367417261902e-01 -7.5172111532849417e-01 3.3859379761042252e-01 8.5411237920998246e+00 0.0000000000000000e+00 0.0000000000000000e+00 0.0000000000000000e+00 1.0000000000000000e+00</transform>
    </camera>
    <camera id="9" label="DSC_0041.JPG" sensor_id="11" enabled="true">
      <transform>2.8853825505901010e-01 -9.8945818653803030e-02 -9.5234206057405146e-01 9.5421503351068360e+00 7.1453072030277076e-01 6.8433075660454812e-01 1.4538660635921757e-01 -3.9836648745410969e-01 6.3733156607146413e-01 -7.2242725622444182e-01 2.6815542946753762e-01 9.4648783817897009e+00 0.0000000000000000e+00 0.0000000000000000e+00 0.0000000000000000e+00 1.0000000000000000e+00</transform>
    </camera>
    <camera id="10" label="DSC_0042.JPG" sensor_id="11" enabled="true">
      <transform>-3.2109588549186274e-02 -8.5557722558643634e-02 -9.9581567091193146e-01 9.6454727613040934e+00 6.3213101647696446e-01 7.7001374755652008e-01 -8.6540202113025266e-02 1.4866551205062455e+00 7.7419593923696195e-01 -6.3226474256006227e-01 2.9358865517192648e-02 1.1655476698843382e+01 0.0000000000000000e+00 0.0000000000000000e+00 0.0000000000000000e+00 1.0000000000000000e+00</transform>
    </camera>
    <camera id="11" label="DSC_0043.JPG" sensor_id="11" enabled="true">
      <transform>-2.0807162641600385e-01 -9.3535599105242589e-02 -9.7363098244695467e-01 9.4884801424017073e+00 5.5392298919595573e-01 8.0914153237774888e-01 -1.9611043475961545e-01 2.3054086728806857e+00 8.0614857211361235e-01 -5.8012160128839507e-01 -1.1654787598996535e-01 1.2780376210809740e+01 0.0000000000000000e+00 0.0000000000000000e+00 0.0000000000000000e+00 1.0000000000000000e+00</transform>
    </camera>
    <camera id="12" label="DSC_0044.JPG" sensor_id="11" enabled="true">
      <transform>-3.4477959049702056e-01 -1.1017279868226260e-01 -9.3219578866632125e-01 9.0254695161833975e+00 4.6960440776801171e-01 8.3963465280333882e-01 -2.7292004326665364e-01 3.2211556535618073e+00 8.1277225234475248e-01 -5.3186051201638829e-01 -2.3775125988331480e-01 1.4194216679842778e+01 0.0000000000000000e+00 0.0000000000000000e+00 0.0000000000000000e+00 1.0000000000000000e+00</transform>
    </camera>
    <camera id="13" label="DSC_0045.JPG" sensor_id="11" enabled="true">
      <transform>-4.4316973893048034e-01 -1.2605248294640745e-01 -8.8753104398625704e-01 8.5224206274468646e+00 3.9692193184179103e-01 8.6013100373408391e-01 -3.2035548448306223e-01 3.7949601826370416e+00 8.0377457195364810e-01 -4.9425239297189311e-01 -3.3115103732630358e-01 1.5288423133044391e+01 0.0000000000000000e+00 0.0000000000000000e+00 0.0000000000000000e+00 1.0000000000000000e+00</transform>
    </camera>
    <camera id="14" label="DSC_0046.JPG" sensor_id="11" enabled="true">
      <transform>-5.9886723564205602e-01 -1.6126114628670021e-01 -7.8444431081673449e-01 7.7973952094339447e+00 2.6445865785304362e-01 8.8474715879730581e-01 -3.8377608482898173e-01 4.3365706270996034e+00 7.5592304658675991e-01 -4.3728401262611283e-01 -4.8719917892028164e-01 1.6551706184151900e+01 0.0000000000000000e+00 0.0000000000000000e+00 0.0000000000000000e+00 1.0000000000000000e+00</transform>
    </camera>
    <camera id="15" label="DSC_0047.JPG" sensor_id="11" enabled="true">
      <transform>-7.3583448437373555e-01 -2.0742240127200598e-01 -6.4461116888942738e-01 6.3266997923702872e+00 1.0009274461418385e-01 9.0815867317340704e-01 -4.0648403020969520e-01 4.7874306269130882e+00 6.6972311747619906e-01 -3.6362586787860890e-01 -6.4749299156631024e-01 1.8524919984973362e+01 0.0000000000000000e+00 0.0000000000000000e+00 0.0000000000000000e+00 1.0000000000000000e+00</transform>
    </camera>
    <camera id="16" label="DSC_0048.JPG" sensor_id="11" enabled="true">
      <transform>-8.2214840740422457e-01 -2.6084556291250610e-01 -5.0599564080291726e-01 4.8009404938252889e+00 -3.8946180067253797e-02 9.1253496760497299e-01 -4.0714018219325770e-01 4.9525385480910726e+00 5.6793942569684852e-01 -3.1502305504049682e-01 -7.6039810858002921e-01 1.9952426557395743e+01 0.0000000000000000e+00 0.0000000000000000e+00 0.0000000000000000e+00 1.0000000000000000e+00</transform>
    </camera>
    <camera id="17" label="DSC_0049.JPG" sensor_id="11" enabled="true">
      <transform>-8.6350913198875812e-01 -3.0106324625245923e-01 -4.0461450879565913e-01 3.6661261794858397e+00 -1.3208579966132417e-01 9.0927603162532455e-01 -3.9467764040990388e-01 4.9050776682424138e+00 4.8672920654081359e-01 -2.8736391573687875e-01 -8.2493433643685721e-01 2.0801742403767658e+01 0.0000000000000000e+00 0.0000000000000000e+00 0.0000000000000000e+00 1.0000000000000000e+00</transform>
    </camera>
    <camera id="18" label="DSC_0050.JPG" sensor_id="11" enabled="true">
      <transform>-8.9706563005213769e-01 -3.5851488678826848e-01 -2.5834150137048512e-01 1.9924369043456096e+00 -2.5701023942658474e-01 8.9886118566115025e-01 -3.5495676601766701e-01 4.5662308494742812e+00 3.5947043301090970e-01 -2.5202310382785587e-01 -8.9847947273597906e-01 2.1791181904298750e+01 0.0000000000000000e+00 0.0000000000000000e+00 0.0000000000000000e+00 1.0000000000000000e+00</transform>
    </camera>
    <camera id="19" label="DSC_0051.JPG" sensor_id="11" enabled="true">
      <transform>-9.0301907266180936e-01 -4.1308300491587147e-01 -1.1797875003016471e-01 3.6020219117513452e-01 -3.6430843415516267e-01 8.8187501922003320e-01 -2.9929219047459216e-01 4.0448602402191591e+00 2.2767502983950488e-01 -2.2728590261021514e-01 -9.4683958475670016e-01 2.2521912138795070e+01 0.0000000000000000e+00 0.0000000000000000e+00 0.0000000000000000e+00 1.0000000000000000e+00</transform>
    </camera>
    <camera id="20" label="DSC_0052.JPG" sensor_id="11" enabled="true">
      <transform>-8.8296682651861214e-01 -4.6895262830538037e-01 2.1284164844477850e-02 -1.2932343108699007e+00 -4.6089436017328150e-01 8.5740088393974090e-01 -2.2899806326650823e-01 3.3252048271410080e+00 8.9140181894096338e-02 -2.1200744473915539e-01 -9.7319415912091323e-01 2.2987505525825764e+01 0.0000000000000000e+00 0.0000000000000000e+00 0.0000000000000000e+00 1.0000000000000000e+00</transform>
    </camera>
    <camera id="21" label="DSC_0053.JPG" sensor_id="11" enabled="true">
      <transform>-8.3653623283534029e-01 -5.2447755805729890e-01 1.5852577786565208e-01 -2.9401568713315740e+00 -5.4485504789584449e-01 8.2680891041713933e-01 -1.3971400229482897e-01 2.3682335035007660e+00 -5.7793666920125511e-02 -2.0324939544578016e-01 -9.7741985621065142e-01 2.3157940276391468e+01 0.0000000000000000e+00 0.0000000000000000e+00 0.0000000000000000e+00 1.0000000000000000e+00</transform>
    </camera>
    <camera id="22" label="DSC_0054.JPG" sensor_id="11" enabled="true">
      <transform>-7.4018141244439040e-01 -5.9015591885900442e-01 3.2225373249585709e-01 -4.9980694672036803e+00 -6.2437216703867771e-01 7.8111861131238935e-01 -3.6210618374632325e-03 8.6689107084275840e-01 -2.4958139694146456e-01 -2.0388650396014257e-01 -9.4664640695650348e-01 2.3122481563420710e+01 0.0000000000000000e+00 0.0000000000000000e+00 0.0000000000000000e+00 1.0000000000000000e+00</transform>
      <orientation>1</orientation>
    </camera>
    <camera id="23" label="DSC_0055.JPG" sensor_id="11" enabled="true">
      <transform>-6.1412035236451668e-01 -6.4339344413572475e-01 4.5705696456224365e-01 -6.7721365307774812e+00 -6.6263569951550183e-01 7.3492786834068102e-01 1.4420457019049171e-01 -8.5090002242128882e-01 -4.2868417575096418e-01 -2.1430329997317571e-01 -8.7766962638644597e-01 2.2590889141951191e+01 0.0000000000000000e+00 0.0000000000000000e+00 0.0000000000000000e+00 1.0000000000000000e+00</transform>
      <orientation>1</orientation>
    </camera>
    <camera id="24" label="DSC_0056.JPG" sensor_id="11" enabled="true">
      <transform>-6.5584998092228763e-01 -6.2805984012974425e-01 4.1880978945153030e-01 -6.2691029859641239e+00 -6.5389341326543271e-01 7.4987557435316932e-01 1.0054863040631459e-01 -3.3805304772111827e-01 -3.7720578814795108e-01 -2.0791214539969485e-01 -9.0249007373099632e-01 2.2808926882254323e+01 0.0000000000000000e+00 0.0000000000000000e+00 0.0000000000000000e+00 1.0000000000000000e+00</transform>
      <orientation>1</orientation>
    </camera>
    <camera id="25" label="DSC_0057.JPG" sensor_id="11" enabled="true">
      <transform>-5.0829360259953782e-01 -6.7235683347550379e-01 5.3812071325602862e-01 -7.9089674240212107e+00 -6.6289379637223822e-01 7.0434839881910338e-01 2.5389987753476145e-01 -2.1850484735601268e+00 -5.4973578043236793e-01 -2.2766119906510002e-01 -8.0371695898037143e-01 2.1866976701909966e+01 0.0000000000000000e+00 0.0000000000000000e+00 0.0000000000000000e+00 1.0000000000000000e+00</transform>
      <orientation>1</orientation>
    </camera>
    <camera id="26" label="DSC_0059.JPG" sensor_id="11" enabled="true">
      <transform>-1.4796237703641230e-01 -7.4573961567015634e-01 6.4959953864043185e-01 -9.3890176651647703e+00 -6.6974728465692568e-01 5.5884853155496905e-01 4.8900602600942378e-01 -4.8551248320347797e+00 -7.2769891416464905e-01 -3.6271303312533709e-01 -5.8214563978836842e-01 1.9195468022338691e+01 0.0000000000000000e+00 0.0000000000000000e+00 0.0000000000000000e+00 1.0000000000000000e+00</transform>
      <orientation>1</orientation>
    </camera>
    <camera id="27" label="DSC_0060.JPG" sensor_id="11" enabled="true">
      <transform>3.4646562710102025e-02 -7.5331961038798401e-01 6.5674133439069515e-01 -9.6470618823337571e+00 -6.0336321006293714e-01 5.0809687916524449e-01 6.1464656358356629e-01 -6.3799083637218805e+00 -7.9671353222781582e-01 -4.1754895040873352e-01 -4.3692152794024941e-01 1.7565725463326086e+01 0.0000000000000000e+00 0.0000000000000000e+00 0.0000000000000000e+00 1.0000000000000000e+00</transform>
      <orientation>1</orientation>
    </camera>
    <camera id="28" label="DSC_0061.JPG" sensor_id="11" enabled="true">
      <transform>1.8568832406237507e-01 -7.5020416225304687e-01 6.3459716454228732e-01 -9.5504132268664836e+00 -5.2961113156969475e-01 4.6758003841410373e-01 7.0772943770492769e-01 -7.5511670330141101e+00 -8.2766653648940902e-01 -4.6750681558119545e-01 -3.1049232158099510e-01 1.6115185119462030e+01 0.0000000000000000e+00 0.0000000000000000e+00 0.0000000000000000e+00 1.0000000000000000e+00</transform>
      <orientation>1</orientation>
    </camera>
    <camera id="29" label="DSC_0062.JPG" sensor_id="11" enabled="true">
      <transform>3.0607584631407103e-01 -7.3949583048834278e-01 5.9955274412972304e-01 -9.2606761019742034e+00 -4.5755402654684901e-01 4.3800150729148601e-01 7.7382103383221068e-01 -8.3904293168423525e+00 -8.3484243369266409e-01 -5.1117570002959090e-01 -2.0429761282346712e-01 1.4888173547005630e+01 0.0000000000000000e+00 0.0000000000000000e+00 0.0000000000000000e+00 1.0000000000000000e+00</transform>
      <orientation>1</orientation>
    </camera>
    <camera id="30" label="DSC_0063.JPG" sensor_id="11" enabled="true">
      <transform>4.1458207644157935e-01 -7.2373804403006603e-01 5.5165654669995767e-01 -8.5762467077496662e+00 -3.8722992945411477e-01 4.0828394619775471e-01 8.2665422094860808e-01 -9.3072683815155983e+00 -8.2351362079102852e-01 -5.5633394908159528e-01 -1.1098582554059433e-01 1.3237774223403298e+01 0.0000000000000000e+00 0.0000000000000000e+00 0.0000000000000000e+00 1.0000000000000000e+00</transform>
      <orientation>1</orientation>
    </camera>
    <camera id="31" label="DSC_0064.JPG" sensor_id="11" enabled="true">
      <transform>5.3196145664266203e-01 -6.9739599801963337e-01 4.8026641626582300e-01 -7.7315323237152480e+00 -2.8867599743469213e-01 3.8383616923818448e-01 8.7711798732533208e-01 -9.9445474141515700e+00 -7.9604219558494682e-01 -6.0523434893498518e-01 2.8645623648037299e-03 1.1831496594193670e+01 0.0000000000000000e+00 0.0000000000000000e+00 0.0000000000000000e+00 1.0000000000000000e+00</transform>
      <orientation>1</orientation>
    </camera>
    <camera id="32" label="DSC_0065.JPG" sensor_id="11" enabled="true">
      <transform>6.6567098009400183e-01 -6.4845631649805435e-01 3.6930549935584017e-01 -6.3356768051321097e+00 -1.4071438253881846e-01 3.7693453836267010e-01 9.1548884009366271e-01 -1.0443245199968242e+01 -7.3285851895670162e-01 -6.6138094876031639e-01 1.5966725340373844e-01 9.8441085027727606e+00 0.0000000000000000e+00 0.0000000000000000e+00 0.0000000000000000e+00 1.0000000000000000e+00</transform>
      <orientation>1</orientation>
    </camera>
    <camera id="33" label="DSC_0065.JPG" sensor_id="11" enabled="true">
      <transform>6.6567098009400183e-01 -6.4845631649805380e-01 3.6930549935584112e-01 -6.3356768051323087e+00 -1.4071438253881874e-01 3.7693453836267105e-01 9.1548884009366238e-01 -1.0443245199968256e+01 -7.3285851895670162e-01 -6.6138094876031628e-01 1.5966725340373888e-01 9.8441085027728832e+00 0.0000000000000000e+00 0.0000000000000000e+00 0.0000000000000000e+00 1.0000000000000000e+00</transform>
    </camera>
    <camera id="34" label="DSC_0066.JPG" sensor_id="11" enabled="true">
      <transform>7.5170660205377038e-01 -6.0544408845713660e-01 2.6148544927219430e-01 -4.5956430426372918e+00 -4.1024601451103593e-02 3.5279601546220651e-01 9.3480048863368082e-01 -1.0696388534508406e+01 -6.5822045433467991e-01 -7.1342303525068307e-01 2.4036099157132396e-01 8.4402777639077247e+00 0.0000000000000000e+00 0.0000000000000000e+00 0.0000000000000000e+00 1.0000000000000000e+00</transform>
    </camera>
    <camera id="35" label="DSC_0067.JPG" sensor_id="11" enabled="true">
      <transform>8.5156071316388449e-01 -5.2145631668275294e-01 5.4107869921787288e-02 -2.1045348126371755e+00 1.6264684575841490e-01 3.6089630252738986e-01 9.1831359697376636e-01 -1.0391085596410086e+01 -4.9838775603003627e-01 -7.7319930717358720e-01 3.9213833786768393e-01 6.7536583499788465e+00 0.0000000000000000e+00 0.0000000000000000e+00 0.0000000000000000e+00 1.0000000000000000e+00</transform>
    </camera>
    <camera id="36" label="DSC_0068.JPG" sensor_id="11" enabled="true">
      <transform>8.8439261964288829e-01 -4.5024605968261389e-01 -1.2299666687138140e-01 6.1928222437100250e-03 3.1359191640212081e-01 3.7801443746706254e-01 8.7107129159082353e-01 -9.7619564560452368e+00 -3.4570190090370462e-01 -8.0893978194099236e-01 4.7550670332270273e-01 5.8719903033926837e+00 0.0000000000000000e+00 0.0000000000000000e+00 0.0000000000000000e+00 1.0000000000000000e+00</transform>
    </camera>
    <camera id="37" label="DSC_0069.JPG" sensor_id="11" enabled="true">
      <transform>8.8338509594381143e-01 -3.9723975802660416e-01 -2.4865909777707249e-01 1.5058067562188584e+00 4.0987571089228214e-01 3.9761935005869808e-01 8.2091458391201988e-01 -9.1016886979968987e+00 -2.2722824182941934e-01 -8.2710303294200493e-01 5.1406993591655148e-01 5.4843368506238299e+00 0.0000000000000000e+00 0.0000000000000000e+00 0.0000000000000000e+00 1.0000000000000000e+00</transform>
    </camera>
    <camera id="68" label="DSC_0070.JPG" sensor_id="18" enabled="true">
      <transform>7.0987359836873476e-01 7.0399202212673218e-01 2.1787774575193597e-02 -1.6044076597586741e+00 2.6286949734915510e-01 -2.3611314411937379e-01 -9.3549463415749567e-01 1.1880163712793840e+01 -6.5343637923092968e-01 6.6981028355496219e-01 -3.5266851623244477e-01 1.4975360119512484e+01 0.0000000000000000e+00 0.0000000000000000e+00 0.0000000000000000e+00 1.0000000000000000e+00</transform>
    </camera>
    <camera id="69" label="DSC_0071.JPG" sensor_id="18" enabled="true">
      <transform>7.3971201825426924e-01 6.6204378835757760e-01 1.2051619122484294e-01 -2.8904806722612437e+00 3.7525722687093910e-01 -2.5717169894860559e-01 -8.9053058955940445e-01 1.1389559510759677e+01 -5.5857689151210721e-01 7.0396075143223369e-01 -4.3866971255334780e-01 1.6201719805869846e+01 0.0000000000000000e+00 0.0000000000000000e+00 0.0000000000000000e+00 1.0000000000000000e+00</transform>
    </camera>
    <camera id="70" label="DSC_0072.JPG" sensor_id="18" enabled="true">
      <transform>7.5213913272262667e-01 6.2929029987739515e-01 1.9565388702367548e-01 -4.0028129886170296e+00 4.5242093673563011e-01 -2.7720397940800723e-01 -8.4762801381479846e-01 1.0818715125540878e+01 -4.7916805092838788e-01 7.2605211402528358e-01 -4.9320006760837609e-01 1.7059588025979156e+01 0.0000000000000000e+00 0.0000000000000000e+00 0.0000000000000000e+00 1.0000000000000000e+00</transform>
    </camera>
    <camera id="71" label="DSC_0073.JPG" sensor_id="18" enabled="true">
      <transform>7.5130576225590695e-01 5.8764931952823662e-01 3.0034634817002676e-01 -5.2504396407189207e+00 5.5045964995185259e-01 -3.0694940844759300e-01 -7.7638665265997231e-01 1.0028995302334652e+01 -3.6405195422625364e-01 7.4863231156000287e-01 -5.5409009800967624e-01 1.7824660286866955e+01 0.0000000000000000e+00 0.0000000000000000e+00 0.0000000000000000e+00 1.0000000000000000e+00</transform>
    </camera>
    <camera id="72" label="DSC_0074.JPG" sensor_id="18" enabled="true">
      <transform>7.3178727909427732e-01 5.4175016573168577e-01 4.1351437228406485e-01 -6.5577481415270533e+00 6.4220722371155647e-01 -3.4500984848782135e-01 -6.8449841947159029e-01 8.9827470492400625e+00 -2.2816060126254945e-01 7.6646915291882511e-01 -6.0038968816545357e-01 1.8419425391665218e+01 0.0000000000000000e+00 0.0000000000000000e+00 0.0000000000000000e+00 1.0000000000000000e+00</transform>
    </camera>
    <camera id="73" label="DSC_0075.JPG" sensor_id="18" enabled="true">
      <transform>6.9492739114558033e-01 4.9994238118790524e-01 5.1684962661084055e-01 -7.7808344348322507e+00 7.1297902475814323e-01 -3.8562096859529021e-01 -5.8562563027462988e-01 7.8499441827140783e+00 -9.3471018452379706e-02 7.7547023416234206e-01 -6.2442700505157311e-01 1.8761953134660676e+01 0.0000000000000000e+00 0.0000000000000000e+00 0.0000000000000000e+00 1.0000000000000000e+00</transform>
    </camera>
    <camera id="74" label="DSC_0076.JPG" sensor_id="18" enabled="true">
      <transform>6.4885044804750436e-01 4.6544428452968922e-01 6.0195906344800409e-01 -8.8027824453127153e+00 7.6041450781905418e-01 -4.2534914055686668e-01 -4.9076255452697337e-01 6.7636662751120848e+00 2.7620144222255172e-02 7.7616990834879740e-01 -6.2991856696477944e-01 1.8880816297329599e+01 0.0000000000000000e+00 0.0000000000000000e+00 0.0000000000000000e+00 1.0000000000000000e+00</transform>
    </camera>
    <camera id="75" label="DSC_0077.JPG" sensor_id="18" enabled="true">
      <transform>5.5004492716254405e-01 4.1744981486823457e-01 7.2331613432110631e-01 -1.0265202490401400e+01 8.0655945272651897e-01 -4.9016250527396044e-01 -3.3045811783197748e-01 4.9041222739595485e+00 2.1659276839324576e-01 7.6516427679945420e-01 -6.0630949373213539e-01 1.8692015227974078e+01 0.0000000000000000e+00 0.0000000000000000e+00 0.0000000000000000e+00 1.0000000000000000e+00</transform>
    </camera>
    <camera id="76" label="DSC_0078.JPG" sensor_id="18" enabled="true">
      <transform>4.3848367184883164e-01 3.8195906304381366e-01 8.1353509062649410e-01 -1.1365772218463206e+01 8.1508692513166148e-01 -5.5036429142625065e-01 -1.8092111872939071e-01 3.1506696465769926e+00 3.7863620270832443e-01 7.4243277196091828e-01 -5.5265559358161553e-01 1.8133164379074717e+01 0.0000000000000000e+00 0.0000000000000000e+00 0.0000000000000000e+00 1.0000000000000000e+00</transform>
    </camera>
    <camera id="77" label="DSC_0079.JPG" sensor_id="18" enabled="true">
      <transform>3.1764770008944998e-01 3.5825804127572441e-01 8.7792432161842038e-01 -1.2203413482360949e+01 7.9279452694329455e-01 -6.0826357492451644e-01 -3.8629800268769166e-02 1.4848408439901684e+00 5.2016994980163955e-01 7.0828426445977777e-01 -4.7723853997977905e-01 1.7323038474559109e+01 0.0000000000000000e+00 0.0000000000000000e+00 0.0000000000000000e+00 1.0000000000000000e+00</transform>
    </camera>
    <camera id="78" label="DSC_0080.JPG" sensor_id="18" enabled="true">
      <transform>1.5694077346541535e-01 3.4013348836011220e-01 9.2718865594875488e-01 -1.2821890347889189e+01 7.2920177692356214e-01 -6.7306544839476012e-01 1.2348145896724777e-01 -4.4190400809538655e-01 6.6605882784900972e-01 6.5672833978224365e-01 -3.5365735616732374e-01 1.5924943099007901e+01 0.0000000000000000e+00 0.0000000000000000e+00 0.0000000000000000e+00 1.0000000000000000e+00</transform>
    </camera>
    <camera id="79" label="DSC_0081.JPG" sensor_id="18" enabled="true">
      <transform>3.8550755915679469e-02 3.3439874251108226e-01 9.4164288359512249e-01 -1.3109383532818283e+01 6.5936895163009346e-01 -7.1657927878743655e-01 2.2747906022029607e-01 -1.7093836512751515e+00 7.5083049008718472e-01 6.1212059123957308e-01 -2.4811682114672140e-01 1.4733887866053564e+01 0.0000000000000000e+00 0.0000000000000000e+00 0.0000000000000000e+00 1.0000000000000000e+00</transform>
    </camera>
    <camera id="80" label="DSC_0082.JPG" sensor_id="18" enabled="true">
      <transform>-2.1941997498549337e-01 3.4731409760482634e-01 9.1171694740325571e-01 -1.2835842743427596e+01 4.5666888437704012e-01 -7.8923602825489070e-01 4.1056061884486073e-01 -3.9295850952608964e+00 8.6215335330740051e-01 5.0643796195525326e-01 1.4566608095723854e-02 1.1717769322898524e+01 0.0000000000000000e+00 0.0000000000000000e+00 0.0000000000000000e+00 1.0000000000000000e+00</transform>
    </camera>
    <camera id="81" label="DSC_0083.JPG" sensor_id="18" enabled="true">
      <transform>-3.3614107900048773e-01 3.6577255214987831e-01 8.6788225877831637e-01 -1.2358434538984222e+01 3.3593726422412534e-01 -8.1432285563481965e-01 4.7331220277567615e-01 -4.7250801908713891e+00 8.7986097169609589e-01 4.5065366622775532e-01 1.5085073285034056e-01 1.0132981013644500e+01 0.0000000000000000e+00 0.0000000000000000e+00 0.0000000000000000e+00 1.0000000000000000e+00</transform>
    </camera>
    <camera id="82" label="DSC_0084.JPG" sensor_id="18" enabled="true">
      <transform>-4.3969491854565068e-01 3.9070426694730137e-01 8.0871413638831957e-01 -1.1716057710202881e+01 2.1186080940692681e-01 -8.2989694589156526e-01 5.1612600848755374e-01 -5.2877536502390656e+00 8.7280202568656751e-01 3.9827281477527987e-01 2.8212654779088053e-01 8.5774136809370116e+00 0.0000000000000000e+00 0.0000000000000000e+00 0.0000000000000000e+00 1.0000000000000000e+00</transform>
    </camera>
    <camera id="83" label="DSC_0085.JPG" sensor_id="18" enabled="true">
      <transform>-5.2716591452935346e-01 4.2039311887150460e-01 7.3848881112980946e-01 -1.0937130890622189e+01 8.5052729881680278e-02 -8.3858591857807585e-01 5.3808892415867349e-01 -5.6096528162721286e+00 8.4549519909819970e-01 3.4647262917588989e-01 4.0631833029515430e-01 7.1113385917408163e+00 0.0000000000000000e+00 0.0000000000000000e+00 0.0000000000000000e+00 1.0000000000000000e+00</transform>
    </camera>
    <camera id="84" label="DSC_0086.JPG" sensor_id="18" enabled="true">
      <transform>-5.8689957141988613e-01 4.5313115784773950e-01 6.7098513161971107e-01 -9.8567098551112071e+00 -2.7310105772952259e-02 -8.3933240209867788e-01 5.4293211077438897e-01 -5.6818910527446045e+00 8.0919901828278573e-01 3.0032194820697045e-01 5.0497888692037995e-01 5.4628267271163242e+00 0.0000000000000000e+00 0.0000000000000000e+00 0.0000000000000000e+00 1.0000000000000000e+00</transform>
    </camera>
    <camera id="85" label="DSC_0087.JPG" sensor_id="18" enabled="true">
      <transform>-6.5096847627011634e-01 4.9094472222608876e-01 5.7897609848845366e-01 -8.7567869082524830e+00 -1.5741116996932478e-01 -8.3343278730524972e-01 5.2972777217500200e-01 -5.5067633412341239e+00 7.4260471751225199e-01 2.5369877564338189e-01 6.1981865474152786e-01 4.1352391618097730e+00 0.0000000000000000e+00 0.0000000000000000e+00 0.0000000000000000e+00 1.0000000000000000e+00</transform>
    </camera>
    <camera id="86" label="DSC_0088.JPG" sensor_id="18" enabled="true">
      <transform>-7.0229206775742881e-01 5.3744173460326161e-01 4.6684283594335313e-01 -7.4231582231496880e+00 -2.9737117285924775e-01 -8.1730025036645115e-01 4.9354907182898411e-01 -5.0561792083916801e+00 6.4680463597388560e-01 2.0778999652912469e-01 7.3380316177099969e-01 2.7955797610108273e+00 0.0000000000000000e+00 0.0000000000000000e+00 0.0000000000000000e+00 1.0000000000000000e+00</transform>
    </camera>
    <camera id="87" label="DSC_0089.JPG" sensor_id="18" enabled="true">
      <transform>-7.2802319827661610e-01 5.8398701627184990e-01 3.5908409543864356e-01 -5.9965279672518639e+00 -4.1818020971762992e-01 -7.9334914449326699e-01 4.4240529736014722e-01 -4.3546390032595630e+00 5.4323800950559942e-01 1.7191945718185420e-01 8.2178839446093976e-01 1.6709863887806589e+00 0.0000000000000000e+00 0.0000000000000000e+00 0.0000000000000000e+00 1.0000000000000000e+00</transform>
    </camera>
    <camera id="88" label="DSC_0090.JPG" sensor_id="18" enabled="true">
      <transform>-7.3561967948329232e-01 6.2094479033633321e-01 2.7072357583163215e-01 -4.9254258822306216e+00 -5.0671276781566399e-01 -7.6964653860291954e-01 3.8844095632300868e-01 -3.6547487438444213e+00 4.4956185123905607e-01 1.4856571936591512e-01 8.8080779341454563e-01 9.7619983003679933e-01 0.0000000000000000e+00 0.0000000000000000e+00 0.0000000000000000e+00 1.0000000000000000e+00</transform>
    </camera>
    <camera id="89" label="DSC_0091.JPG" sensor_id="18" enabled="true">
      <transform>-7.2452597111893202e-01 6.7467056457287444e-01 1.4100264704283874e-01 -3.4089311605462980e+00 -6.1865999456623644e-01 -7.2675569832733133e-01 2.9847272249245355e-01 -2.5458409027596889e+00 3.0384523741120706e-01 1.2901854226300885e-01 9.4394506590948146e-01 2.8096560985048219e-01 0.0000000000000000e+00 0.0000000000000000e+00 0.0000000000000000e+00 1.0000000000000000e+00</transform>
    </camera>
    <camera id="90" label="DSC_0092.JPG" sensor_id="18" enabled="true">
      <transform>-7.0330548092282819e-01 7.0826603572801661e-01 6.0996910889235645e-02 -2.4723359042154978e+00 -6.8035943513429498e-01 -6.9549519064146059e-01 2.3107894499140694e-01 -1.7167208826530209e+00 2.0608842647672532e-01 1.2101926470078392e-01 9.7102105952632622e-01 -6.4115875116552683e-03 0.0000000000000000e+00 0.0000000000000000e+00 0.0000000000000000e+00 1.0000000000000000e+00</transform>
    </camera>
    <camera id="91" label="DSC_0093.JPG" sensor_id="18" enabled="true">
      <transform>-6.4339419395574859e-01 7.6204889781074536e-01 -7.2975259708073614e-02 -9.3209857622091641e-01 -7.6518732876336037e-01 -6.3730052466057163e-01 9.1303850780529522e-02 -6.4611090419628411e-02 2.3070827553982487e-02 1.1458411151982809e-01 9.9314561787443156e-01 -1.9747166324165549e-01 0.0000000000000000e+00 0.0000000000000000e+00 0.0000000000000000e+00 1.0000000000000000e+00</transform>
    </camera>
    <camera id="92" label="DSC_0094.JPG" sensor_id="18" enabled="true">
      <transform>-5.3116398769205908e-01 8.1888419068256979e-01 -2.1747068866682392e-01 7.2221562785563209e-01 -8.2374262033072887e-01 -5.5917983869147370e-01 -9.3626937638919286e-02 2.1471639551572905e+00 -1.9827484366337214e-01 1.2940861737585357e-01 9.7156600193663389e-01 1.3106567517996479e-01 0.0000000000000000e+00 0.0000000000000000e+00 0.0000000000000000e+00 1.0000000000000000e+00</transform>
    </camera>
    <camera id="93" label="DSC_0095.JPG" sensor_id="18" enabled="true">
      <transform>-3.6300154849445604e-01 8.6680217596579467e-01 -3.4188282134613107e-01 2.1027636626691364e+00 -8.2910281712989020e-01 -4.6791249452352618e-01 -3.0601701929149450e-01 4.6500260997514387e+00 -4.2522746197524325e-01 1.7237135843792184e-01 8.8852108605950297e-01 1.2005391146500599e+00 0.0000000000000000e+00 0.0000000000000000e+00 0.0000000000000000e+00 1.0000000000000000e+00</transform>
    </camera>
    <camera id="94" label="DSC_0096.JPG" sensor_id="18" enabled="true">
      <transform>-2.6435108890976122e-01 8.8431558025738377e-01 -3.8484341790690701e-01 2.5845426678831007e+00 -8.0625602611630620e-01 -4.2160611392660702e-01 -4.1496928205693384e-01 5.9389076232257132e+00 -5.2921613934513168e-01 2.0058474322278738e-01 8.2443680087856519e-01 2.0117788797324123e+00 0.0000000000000000e+00 0.0000000000000000e+00 0.0000000000000000e+00 1.0000000000000000e+00</transform>
    </camera>
    <camera id="95" label="DSC_0098.JPG" sensor_id="18" enabled="true">
      <transform>-1.0303861679268533e-01 8.9707373941594815e-01 -4.2969960379285643e-01 3.0228931163712045e+00 -7.3487059254803599e-01 -3.5978877101342560e-01 -5.7490629885290623e-01 7.7776151084844356e+00 -6.7033443567934703e-01 2.5653605263770707e-01 6.9630524774664393e-01 3.5774914359111154e+00 0.0000000000000000e+00 0.0000000000000000e+00 0.0000000000000000e+00 1.0000000000000000e+00</transform>
    </camera>
    <camera id="96" label="DSC_0099.JPG" sensor_id="18" enabled="true">
      <transform>1.7812419592313972e-01 8.8894259359122307e-01 -4.2196307436320130e-01 2.9920062364507953e+00 -5.2311022882756564e-01 -2.7766151940883438e-01 -8.0576657236171645e-01 9.8472101584433833e+00 -8.3344313502644374e-01 3.6425972319059241e-01 4.1555672866457855e-01 6.1932459466833141e+00 0.0000000000000000e+00 0.0000000000000000e+00 0.0000000000000000e+00 1.0000000000000000e+00</transform>
    </camera>
    <camera id="97" label="DSC_0100.JPG" sensor_id="18" enabled="true">
      <transform>3.2237244119457081e-01 8.6867232358951130e-01 -3.7614412581861822e-01 2.5240491179815372e+00 -3.8181752806630609e-01 -2.4427724782705912e-01 -8.9137197704178095e-01 1.0928184099497527e+01 -8.6619361832074748e-01 4.3097218056811615e-01 2.5292606658226141e-01 8.0812321422921833e+00 0.0000000000000000e+00 0.0000000000000000e+00 0.0000000000000000e+00 1.0000000000000000e+00</transform>
    </camera>
    <camera id="98" label="DSC_0101.JPG" sensor_id="18" enabled="true">
      <transform>3.2030042270262687e-01 8.6873420566712534e-01 -3.7776781112268848e-01 2.5180145810540790e+00 -3.8415193725137675e-01 -2.4540459751294758e-01 -8.9005835349460227e-01 1.0941524622078219e+01 -8.6593009436243329e-01 4.3020630332831811e-01 2.5512273174699701e-01 8.0916359257310067e+00 0.0000000000000000e+00 0.0000000000000000e+00 0.0000000000000000e+00 1.0000000000000000e+00</transform>
    </camera>
    <camera id="99" label="DSC_0102.JPG" sensor_id="18" enabled="true">
      <transform>4.0835583594421276e-01 8.4972147055692893e-01 -3.3349502803621167e-01 2.0643916775454412e+00 -2.8174627790667200e-01 -2.3017888478847953e-01 -9.3147019055000801e-01 1.1454156209491760e+01 -8.6825373372997339e-01 4.7433227116874743e-01 1.4541097067229247e-01 9.3223422641297713e+00 0.0000000000000000e+00 0.0000000000000000e+00 0.0000000000000000e+00 1.0000000000000000e+00</transform>
    </camera>
    <camera id="100" label="DSC_0103.JPG" sensor_id="18" enabled="true">
      <transform>4.9786013148614688e-01 8.2420210478537459e-01 -2.6986326156769608e-01 1.3592790037785556e+00 -1.6025175679482273e-01 -2.1838279545801581e-01 -9.6261535884906557e-01 1.1880996215603568e+01 -8.5232309831469966e-01 5.2249387088778443e-01 2.3355747984806774e-02 1.0776042408005644e+01 0.0000000000000000e+00 0.0000000000000000e+00 0.0000000000000000e+00 1.0000000000000000e+00</transform>
    </camera>
    <camera id="101" label="DSC_0104.JPG" sensor_id="18" enabled="true">
      <transform>5.7878925606848164e-01 7.9220086377396770e-01 -1.9344453596696121e-01 5.0461562625890799e-01 -3.4083233922390266e-02 -2.1350881694452623e-01 -9.7634641303808767e-01 1.2093057128701215e+01 -8.1476458577007693e-01 5.7169202943781561e-01 -9.6575841969856246e-02 1.2197425043773162e+01 0.0000000000000000e+00 0.0000000000000000e+00 0.0000000000000000e+00 1.0000000000000000e+00</transform>
    </camera>
    <camera id="102" label="DSC_0105.JPG" sensor_id="18" enabled="true">
      <transform>6.4910382031368963e-01 7.5384019840065863e-01 -1.0192735515763224e-01 -5.1430525939398775e-01 9.7930903828450100e-02 -2.1568729177338583e-01 -9.7153925820977793e-01 1.2102031036380131e+01 -7.5436978235446128e-01 6.2064800607326420e-01 -2.1382769705481261e-01 1.3612254885528746e+01 0.0000000000000000e+00 0.0000000000000000e+00 0.0000000000000000e+00 1.0000000000000000e+00</transform>
    </camera>
    <camera id="103" label="DSC_0106.JPG" sensor_id="18" enabled="true">
      <transform>7.1605960907368593e-01 6.9731255700896566e-01 3.1840761467930079e-02 -2.0500004446000202e+00 2.7139968481047294e-01 -2.3609064220916670e-01 -9.3306131617704469e-01 1.1736961249312539e+01 -6.4311806640617353e-01 6.7676909393003548e-01 -3.5830538115286970e-01 1.5347199460741468e+01 0.0000000000000000e+00 0.0000000000000000e+00 0.0000000000000000e+00 1.0000000000000000e+00</transform>
    </camera>
    <camera id="104" label="DSC_0107.JPG" sensor_id="18" enabled="true">
      <transform>7.4964036159515834e-01 6.4485932177718419e-01 1.4898249355058685e-01 -3.5523877791766658e+00 4.0285222836309736e-01 -2.6598153665451196e-01 -8.7576475395039244e-01 1.1052072221531667e+01 -5.2511847269960654e-01 7.1652653633761154e-01 -4.5917351007397844e-01 1.6707236657516280e+01 0.0000000000000000e+00 0.0000000000000000e+00 0.0000000000000000e+00 1.0000000000000000e+00</transform>
    </camera>
    <camera id="105" label="DSC_0108.JPG" sensor_id="18" enabled="true">
      <transform>7.5616980171781012e-01 6.0231653436830268e-01 2.5577729257423193e-01 -4.8075920392030360e+00 5.0843191146737021e-01 -2.9471532893785590e-01 -8.0909818087219032e-01 1.0311249095947653e+01 -4.1195172335078695e-01 7.4186094877383091e-01 -5.2909177872341606e-01 1.7560473373268042e+01 0.0000000000000000e+00 0.0000000000000000e+00 0.0000000000000000e+00 1.0000000000000000e+00</transform>
    </camera>
    <camera id="106" label="DSC_0109.JPG" sensor_id="18" enabled="true">
      <transform>7.4079778236132676e-01 5.4920532492851326e-01 3.8677145282286141e-01 -6.3498837563646369e+00 6.2017128372995189e-01 -3.3796932505938537e-01 -7.0792959689198409e-01 9.1624441559128194e+00 -2.5808181742479308e-01 7.6429722385278209e-01 -5.9096829790238825e-01 1.8331737964575790e+01 0.0000000000000000e+00 0.0000000000000000e+00 0.0000000000000000e+00 1.0000000000000000e+00</transform>
    </camera>
    <camera id="107" label="DSC_0110.JPG" sensor_id="18" enabled="true">
      <transform>6.9489889811149408e-01 4.9626253422609545e-01 5.2042196199519120e-01 -7.9356639001082243e+00 7.1409581222121854e-01 -3.9092118965763317e-01 -5.8073039738313903e-01 7.6965094566968721e+00 -8.4750766200364508e-02 7.7518005689010994e-01 -6.2602970139466785e-01 1.8793446653074465e+01 0.0000000000000000e+00 0.0000000000000000e+00 0.0000000000000000e+00 1.0000000000000000e+00</transform>
    </camera>
    <camera id="108" label="DSC_0111.JPG" sensor_id="18" enabled="true">
      <transform>6.3031825344012826e-01 4.5258286362668187e-01 6.3076750941345927e-01 -9.2481284675055839e+00 7.7291294438540048e-01 -4.4206121026920542e-01 -4.5517849990615333e-01 6.2415158627049703e+00 7.2831859660982101e-02 7.7443568998774681e-01 -6.2844640367458970e-01 1.8871572508378549e+01 0.0000000000000000e+00 0.0000000000000000e+00 0.0000000000000000e+00 1.0000000000000000e+00</transform>
    </camera>
    <camera id="109" label="DSC_0112.JPG" sensor_id="18" enabled="true">
      <transform>5.2098089499336786e-01 4.0479143838071746e-01 7.5148040457857590e-01 -1.0695751615366571e+01 8.1108014883481294e-01 -5.0907547274357090e-01 -2.8808185506381279e-01 4.2858641967959894e+00 2.6594717373570242e-01 7.5959598107453130e-01 -5.9353689549800737e-01 1.8521363232939354e+01 0.0000000000000000e+00 0.0000000000000000e+00 0.0000000000000000e+00 1.0000000000000000e+00</transform>
    </camera>
    <camera id="110" label="DSC_0114.JPG" sensor_id="18" enabled="true">
      <transform>2.0252855501304790e-01 3.4401184637932569e-01 9.1686314897863286e-01 -1.2715465906400015e+01 7.5046269315694258e-01 -6.5600843405530895e-01 8.0365917078883964e-02 -4.8650138138482277e-02 6.2911678612476718e-01 6.7179519498057494e-01 -3.9102849693731490e-01 1.6247903791038500e+01 0.0000000000000000e+00 0.0000000000000000e+00 0.0000000000000000e+00 1.0000000000000000e+00</transform>
    </camera>
    <camera id="111" label="DSC_0115.JPG" sensor_id="18" enabled="true">
      <transform>-2.8161514920146735e-02 3.3607312033639170e-01 9.4141477939575779e-01 -1.3111426812256234e+01 6.1266917454887060e-01 -7.3835183964445017e-01 2.8190963703155270e-01 -2.4539809770456915e+00 7.8983758560542550e-01 5.8471481824990323e-01 -1.8510853487609569e-01 1.3914858894473609e+01 0.0000000000000000e+00 0.0000000000000000e+00 0.0000000000000000e+00 1.0000000000000000e+00</transform>
    </camera>
    <camera id="112" label="DSC_0116.JPG" sensor_id="18" enabled="true">
      <transform>-2.4551583798047072e-01 3.5264448491939215e-01 9.0297499442491991e-01 -1.2687729155923682e+01 4.2869960450955691e-01 -7.9595079308641214e-01 4.2740962094747120e-01 -4.2064254195252255e+00 8.6944730857832719e-01 4.9204085423981631e-01 4.4239974738411014e-02 1.1267435401648351e+01 0.0000000000000000e+00 0.0000000000000000e+00 0.0000000000000000e+00 1.0000000000000000e+00</transform>
    </camera>
    <camera id="113" label="DSC_0117.JPG" sensor_id="18" enabled="true">
      <transform>-4.1340301312737537e-01 3.8600087850685555e-01 8.2468252711521850e-01 -1.1789308150110843e+01 2.4187335618771427e-01 -8.2660793960652434e-01 5.0815016849937944e-01 -5.2372881462824354e+00 8.7783553602237951e-01 4.0953954140155052e-01 2.4835888493248970e-01 8.7989419147105679e+00 0.0000000000000000e+00 0.0000000000000000e+00 0.0000000000000000e+00 1.0000000000000000e+00</transform>
    </camera>
    <camera id="114" label="DSC_0118.JPG" sensor_id="18" enabled="true">
      <transform>-5.1055708164159952e-01 4.1860431780333385e-01 7.5106716843569887e-01 -1.0943959120788552e+01 1.0281747874587796e-01 -8.3750329815459279e-01 5.3667195906300180e-01 -5.6196570143868358e+00 8.5367443000827548e-01 3.5122450184545040e-01 3.8455339922234633e-01 7.1536778949723878e+00 0.0000000000000000e+00 0.0000000000000000e+00 0.0000000000000000e+00 1.0000000000000000e+00</transform>
    </camera>
    <camera id="115" label="DSC_0119.JPG" sensor_id="18" enabled="true">
      <transform>-5.7678077711546538e-01 4.4630418362785629e-01 6.8420502104731207e-01 -1.0160639250692064e+01 -4.8647408166165307e-03 -8.3942553223332805e-01 5.4345295116650283e-01 -5.7008793407781946e+00 8.1688448965987059e-01 3.1012473540668573e-01 4.8633566499082348e-01 5.9608221008900157e+00 0.0000000000000000e+00 0.0000000000000000e+00 0.0000000000000000e+00 1.0000000000000000e+00</transform>
    </camera>
    <camera id="116" label="DSC_0120.JPG" sensor_id="18" enabled="true">
      <transform>-6.3007584019445928e-01 4.7577646191828238e-01 6.1371100192824257e-01 -9.3154934727510010e+00 -1.0789727004343350e-01 -8.3629457192077472e-01 5.3755889732477002e-01 -5.6491776838089161e+00 7.6900104988252171e-01 2.7248513218223380e-01 5.7826398644495391e-01 4.8274258896629219e+00 0.0000000000000000e+00 0.0000000000000000e+00 0.0000000000000000e+00 1.0000000000000000e+00</transform>
    </camera>
    <camera id="117" label="DSC_0121.JPG" sensor_id="18" enabled="true">
      <transform>-6.5699045754816576e-01 5.0192471004356531e-01 5.6252566531522330e-01 -8.3746662597716970e+00 -1.8069987410189592e-01 -8.2924556948481520e-01 5.2886608984634609e-01 -5.4391345905711193e+00 7.3192287448214843e-01 2.4581165744831424e-01 6.3550415802912097e-01 3.7445847263375214e+00 0.0000000000000000e+00 0.0000000000000000e+00 0.0000000000000000e+00 1.0000000000000000e+00</transform>
    </camera>
    <camera id="118" label="DSC_0122.JPG" sensor_id="18" enabled="true">
      <transform>-7.0199185285295562e-01 5.4542650599362086e-01 4.5794908569366621e-01 -7.1227515398965977e+00 -3.0954479684951375e-01 -8.1277787560383596e-01 4.9353231269321007e-01 -4.9602981427814763e+00 6.4139648991202580e-01 2.0469990593184437e-01 7.3939738384716103e-01 2.5530946395599607e+00 0.0000000000000000e+00 0.0000000000000000e+00 0.0000000000000000e+00 1.0000000000000000e+00</transform>
    </camera>
    <camera id="119" label="DSC_0123.JPG" sensor_id="18" enabled="true">
      <transform>-7.3092488244482301e-01 5.9828411498343814e-01 3.2833661687589166e-01 -5.5854410974208664e+00 -4.5123025869189859e-01 -7.8460836372177845e-01 4.2518345360405996e-01 -4.1074290555331716e+00 5.1199616196204456e-01 1.6262174927210002e-01 8.4345367199379617e-01 1.4000281349261250e+00 0.0000000000000000e+00 0.0000000000000000e+00 0.0000000000000000e+00 1.0000000000000000e+00</transform>
    </camera>
    <camera id="120" label="DSC_0124.JPG" sensor_id="19" enabled="true">
      <transform>-8.7442703755633311e-01 -3.0774220007749165e-01 3.7506278711959723e-01 -5.9210831258159660e+00 -1.5658563808730844e-01 -5.5268418610760950e-01 -8.1854818329244350e-01 1.0507930049538965e+01 4.5919309003429670e-01 -7.7449010885745606e-01 4.3509398679678368e-01 6.2742525775200644e+00 0.0000000000000000e+00 0.0000000000000000e+00 0.0000000000000000e+00 1.0000000000000000e+00</transform>
    </camera>
    <camera id="121" label="DSC_0125.JPG" sensor_id="19" enabled="true">
      <transform>-9.3027940840500023e-01 -2.5991199572793755e-01 2.5889375576549428e-01 -4.5358516805720486e+00 -7.8108223063977966e-02 -5.4920450104860208e-01 -8.3202975999524453e-01 1.0633408652256856e+01 3.5844013138518777e-01 -7.9424188412893260e-01 4.9061237418953607e-01 5.6881197202631171e+00 0.0000000000000000e+00 0.0000000000000000e+00 0.0000000000000000e+00 1.0000000000000000e+00</transform>
    </camera>
    <camera id="122" label="DSC_0126.JPG" sensor_id="19" enabled="true">
      <transform>-9.6976495689582565e-01 -2.0764959105266906e-01 1.2820910931948920e-01 -2.9916696145057569e+00 6.8781113431040097e-03 -5.4840691019440335e-01 -8.3618332465756562e-01 1.0624164218066412e+01 2.4394388691088220e-01 -8.1001944926445257e-01 5.3325404063365889e-01 5.2347795985423469e+00 0.0000000000000000e+00 0.0000000000000000e+00 0.0000000000000000e+00 1.0000000000000000e+00</transform>
    </camera>
    <camera id="123" label="DSC_0127.JPG" sensor_id="19" enabled="true">
      <transform>-9.8782999218358236e-01 -1.5550020210708965e-01 3.4049504016882420e-03 -1.5043210300276706e+00 8.4185505325141255e-02 -5.5294788296692210e-01 -8.2895201273387942e-01 1.0509585682365904e+01 1.3078496563341785e-01 -8.1857701278929973e-01 5.5930936600169001e-01 4.9690492309699819e+00 0.0000000000000000e+00 0.0000000000000000e+00 0.0000000000000000e+00 1.0000000000000000e+00</transform>
    </camera>
    <camera id="124" label="DSC_0128.JPG" sensor_id="19" enabled="true">
      <transform>-9.8955739303257928e-01 -1.0949186584259676e-01 -9.3742718164517902e-02 9.2097261207935141e-02 1.3942425943461620e-01 -5.6211768584463484e-01 -8.1522057330625630e-01 1.0252215579210953e+01 3.6565581845148826e-02 -8.1977755432493948e-01 5.7151353409114147e-01 4.8698130242681392e+00 0.0000000000000000e+00 0.0000000000000000e+00 0.0000000000000000e+00 1.0000000000000000e+00</transform>
    </camera>
    <camera id="125" label="DSC_0129.JPG" sensor_id="19" enabled="true">
      <transform>-9.7748464521035461e-01 -6.8451910943289951e-02 -1.9959485029979915e-01 1.2865399800969917e+00 2.0240686223861887e-01 -5.7147401246854113e-01 -7.9526656863709710e-01 9.9848498085523332e+00 -5.9625753636361661e-02 -8.1776022706005802e-01 5.7246220883301824e-01 4.9466148472722837e+00 0.0000000000000000e+00 0.0000000000000000e+00 0.0000000000000000e+00 1.0000000000000000e+00</transform>
    </camera>
    <camera id="126" label="DSC_0131.JPG" sensor_id="19" enabled="true">
      <transform>-8.9569524177548665e-01 2.9772154969551407e-02 -4.4367065786371485e-01 4.1079305159664532e+00 3.3724074221759726e-01 -6.0483409550114675e-01 -7.2141832434991116e-01 9.0123790354821640e+00 -2.8982531919981835e-01 -7.9579478240798907e-01 5.3170663776460814e-01 5.6064485088250544e+00 0.0000000000000000e+00 0.0000000000000000e+00 0.0000000000000000e+00 1.0000000000000000e+00</transform>
    </camera>
    <camera id="127" label="DSC_0133.JPG" sensor_id="19" enabled="true">
      <transform>-6.7889669222042093e-01 1.3852021757846852e-01 -7.2104884065795771e-01 7.2254169581064520e+00 4.7229061643401549e-01 -6.6952615469535948e-01 -5.7330297557855325e-01 7.1451890018887116e+00 -5.6217511054879410e-01 -7.2975809519378365e-01 3.8911729282902863e-01 7.4832682017833454e+00 0.0000000000000000e+00 0.0000000000000000e+00 0.0000000000000000e+00 1.0000000000000000e+00</transform>
    </camera>
    <camera id="128" label="DSC_0134.JPG" sensor_id="19" enabled="true">
      <transform>-6.7940073235162424e-01 1.3891233334872796e-01 -7.2049844449775780e-01 7.1873512702971531e+00 4.7240513753876223e-01 -6.6854361916541460e-01 -5.7435425940806972e-01 7.1192130607246327e+00 -5.6146952803073802e-01 -7.3058387124054480e-01 3.8858612452855157e-01 7.5034230358521015e+00 0.0000000000000000e+00 0.0000000000000000e+00 0.0000000000000000e+00 1.0000000000000000e+00</transform>
    </camera>
    <camera id="129" label="DSC_0135.JPG" sensor_id="19" enabled="true">
      <transform>-4.8727405573676486e-01 1.9000216545130533e-01 -8.5232808925299353e-01 8.6167971856578571e+00 5.2260551402346844e-01 -7.1850852753529448e-01 -4.5894332174172581e-01 5.7562273723334636e+00 -6.9960522533648251e-01 -6.6906253293909512e-01 2.5081438495232244e-01 9.2279784033665528e+00 0.0000000000000000e+00 0.0000000000000000e+00 0.0000000000000000e+00 1.0000000000000000e+00</transform>
    </camera>
    <camera id="130" label="DSC_0136.JPG" sensor_id="19" enabled="true">
      <transform>-3.0796380485165897e-01 2.1643779471816577e-01 -9.2645182061390885e-01 9.3594248172023011e+00 5.4342366834406319e-01 -7.5928215205428495e-01 -3.5802420344900598e-01 4.5350735388287475e+00 -7.8092830118056977e-01 -6.1371434282518667e-01 1.1621400012854832e-01 1.0882731104907126e+01 0.0000000000000000e+00 0.0000000000000000e+00 0.0000000000000000e+00 1.0000000000000000e+00</transform>
    </camera>
    <camera id="131" label="DSC_0137.JPG" sensor_id="19" enabled="true">
      <transform>-3.7703970889971794e-02 2.3122538448560717e-01 -9.7216934334950689e-01 9.6925778705330412e+00 5.3996839423030829e-01 -8.1388874859627403e-01 -2.1452095035388399e-01 3.1704124758620758e+00 -8.4084037950818624e-01 -5.3302901091579846e-01 -9.4167561881229322e-02 1.2858221860627349e+01 0.0000000000000000e+00 0.0000000000000000e+00 0.0000000000000000e+00 1.0000000000000000e+00</transform>
    </camera>
    <camera id="132" label="DSC_0138.JPG" sensor_id="19" enabled="true">
      <transform>1.9747455709861883e-01 2.1872726987872099e-01 -9.5559519709451524e-01 9.5200677807180263e+00 5.0221064744123600e-01 -8.5972963742076225e-01 -9.3002237268891536e-02 1.9083208745608693e+00 -8.4189563776952714e-01 -4.6154450701071692e-01 -2.7962189319306763e-01 1.4787998642755099e+01 0.0000000000000000e+00 0.0000000000000000e+00 0.0000000000000000e+00 1.0000000000000000e+00</transform>
    </camera>
    <camera id="133" label="DSC_0139.JPG" sensor_id="19" enabled="true">
      <transform>3.9939452896063354e-01 1.9527468928109726e-01 -8.9574092569363151e-01 8.9036799948949703e+00 4.3850351815847144e-01 -8.9872938093628685e-01 -4.0546827461473978e-04 8.3199214423429502e-01 -8.0510786531927270e-01 -3.9262360546463521e-01 -4.4457623601919416e-01 1.6651125713848860e+01 0.0000000000000000e+00 0.0000000000000000e+00 0.0000000000000000e+00 1.0000000000000000e+00</transform>
    </camera>
    <camera id="134" label="DSC_0140.JPG" sensor_id="19" enabled="true">
      <transform>6.4245106671637386e-01 1.3311091190638341e-01 -7.5467748873703966e-01 7.3130793107452519e+00 3.2277241579733207e-01 -9.4018588080770360e-01 1.0894254049817662e-01 -4.8142737586833018e-01 -6.9503567856286896e-01 -3.1357932754136342e-01 -6.4698795264159181e-01 1.9075167988133508e+01 0.0000000000000000e+00 0.0000000000000000e+00 0.0000000000000000e+00 1.0000000000000000e+00</transform>
    </camera>
    <camera id="135" label="DSC_0141.JPG" sensor_id="19" enabled="true">
      <transform>8.1538716076574225e-01 4.3417045745078681e-02 -5.7728566429208350e-01 5.2696820621603910e+00 1.8945427932298686e-01 -9.6228654178102557e-01 1.9522214923855891e-01 -1.5396695846705302e+00 -5.4703825652744797e-01 -2.6855087347816287e-01 -7.9286163625788197e-01 2.0847551213290583e+01 0.0000000000000000e+00 0.0000000000000000e+00 0.0000000000000000e+00 1.0000000000000000e+00</transform>
    </camera>
    <camera id="136" label="DSC_0142.JPG" sensor_id="19" enabled="true">
      <transform>8.9412656215659148e-01 -1.4703096697995480e-02 -4.4757291003089572e-01 3.7783455926234826e+00 9.5923830147311581e-02 -9.6997383823223582e-01 2.2349356132760115e-01 -1.8971819841945101e+00 -4.3742006087501817e-01 -2.4276443745432300e-01 -8.6586899601012479e-01 2.1736072001969763e+01 0.0000000000000000e+00 0.0000000000000000e+00 0.0000000000000000e+00 1.0000000000000000e+00</transform>
    </camera>
    <camera id="137" label="DSC_0143.JPG" sensor_id="19" enabled="true">
      <transform>9.4514954597817935e-01 -7.0722677876587481e-02 -3.1888969655855193e-01 2.3129893382145430e+00 7.6648513955223513e-03 -9.7120792449807258e-01 2.3811009521906157e-01 -2.1043479748017542e+00 -3.2654798390179263e-01 -2.2749389052480168e-01 -9.1739465007354604e-01 2.2365972748436505e+01 0.0000000000000000e+00 0.0000000000000000e+00 0.0000000000000000e+00 1.0000000000000000e+00</transform>
    </camera>
    <camera id="138" label="DSC_0145.JPG" sensor_id="19" enabled="true">
      <transform>9.7509901117457576e-01 -1.1948591081546099e-01 -1.8682889370481209e-01 9.9979841909641887e-01 -7.4809450343678793e-02 -9.7028765808211737e-01 2.3009868907231240e-01 -2.0615202514801552e+00 -2.0877132117616376e-01 -2.1039243734060342e-01 -9.5506521126268606e-01 2.2788404551065344e+01 0.0000000000000000e+00 0.0000000000000000e+00 0.0000000000000000e+00 1.0000000000000000e+00</transform>
    </camera>
    <camera id="139" label="DSC_0147.JPG" sensor_id="19" enabled="true">
      <transform>9.7032075977156795e-01 -2.2894018049484507e-01 7.7871797920141095e-02 -2.5090691046281735e+00 -2.3968206231030961e-01 -9.5324697979183026e-01 1.8404538713162844e-01 -1.5408847560969625e+00 3.2095672029175584e-02 -1.9724753299532510e-01 -9.7982818828825990e-01 2.3265746060211082e+01 0.0000000000000000e+00 0.0000000000000000e+00 0.0000000000000000e+00 1.0000000000000000e+00</transform>
    </camera>
    <camera id="140" label="DSC_0149.JPG" sensor_id="19" enabled="true">
      <transform>8.8672867350937756e-01 -3.2839590506740179e-01 3.2537422932872528e-01 -5.4574044410023745e+00 -3.7810378701311254e-01 -9.2015701830702534e-01 1.0172800945004001e-01 -6.2304703400700301e-01 2.6598831895901509e-01 -2.1323037118404736e-01 -9.4009734760931574e-01 2.2870805864847870e+01 0.0000000000000000e+00 0.0000000000000000e+00 0.0000000000000000e+00 1.0000000000000000e+00</transform>
    </camera>
    <camera id="141" label="DSC_0151.JPG" sensor_id="19" enabled="true">
      <transform>7.5722428655706353e-01 -4.0242008976242388e-01 5.1446034949619690e-01 -7.7682365180403785e+00 -4.7412693980432880e-01 -8.8040856666998291e-01 9.1869845917251641e-03 5.0077745495179105e-01 4.4923827174443709e-01 -2.5087611901037710e-01 -8.5746495445024595e-01 2.1966712311782540e+01 0.0000000000000000e+00 0.0000000000000000e+00 0.0000000000000000e+00 1.0000000000000000e+00</transform>
    </camera>
    <camera id="142" label="DSC_0152.JPG" sensor_id="19" enabled="true">
      <transform>6.8722447894403771e-01 -4.3062571498437369e-01 5.8505043298359571e-01 -8.6295288477223373e+00 -5.0636538456192881e-01 -8.6142514453740460e-01 -3.9253250517143803e-02 1.0460182987111197e+00 5.2088061286397092e-01 -2.6927349285235752e-01 -8.1004640187432808e-01 2.1410971624879746e+01 0.0000000000000000e+00 0.0000000000000000e+00 0.0000000000000000e+00 1.0000000000000000e+00</transform>
    </camera>
    <camera id="143" label="DSC_0153.JPG" sensor_id="19" enabled="true">
      <transform>6.2518301460451631e-01 -4.5008154919821408e-01 6.3763061197008430e-01 -9.2945370243781174e+00 -5.2859567756846915e-01 -8.4524963011076726e-01 -7.8356062008897095e-02 1.5231356153218694e+00 5.7422365669305164e-01 -2.8806190631346373e-01 -7.6634687330549833e-01 2.0942617915100133e+01 0.0000000000000000e+00 0.0000000000000000e+00 0.0000000000000000e+00 1.0000000000000000e+00</transform>
    </camera>
    <camera id="144" label="DSC_0154.JPG" sensor_id="19" enabled="true">
      <transform>6.2459792836210137e-01 -4.5076115000516542e-01 6.3772393206762423e-01 -9.2709639704978599e+00 -5.2774612757209494e-01 -8.4555258790243948e-01 -8.0776518395789212e-02 1.5107721739075557e+00 5.7564003745259851e-01 -2.8610348955842535e-01 -7.6601784610024781e-01 2.0900210696646131e+01 0.0000000000000000e+00 0.0000000000000000e+00 0.0000000000000000e+00 1.0000000000000000e+00</transform>
    </camera>
    <camera id="145" label="DSC_0155.JPG" sensor_id="19" enabled="true">
      <transform>5.1345021574097194e-01 -4.8081408439963413e-01 7.1076486421213292e-01 -1.0171641299249529e+01 -5.5813363277228312e-01 -8.1626491883783348e-01 -1.4899137640507748e-01 2.3171065273576708e+00 6.5180957642854898e-01 -3.2020212135088477e-01 -6.8746991029311899e-01 1.9976907039077933e+01 0.0000000000000000e+00 0.0000000000000000e+00 0.0000000000000000e+00 1.0000000000000000e+00</transform>
    </camera>
    <camera id="146" label="DSC_0156.JPG" sensor_id="19" enabled="true">
      <transform>5.1517303298617756e-01 -4.7762186160280323e-01 7.1166993993205530e-01 -1.0202053086708981e+01 -5.5848433926445562e-01 -8.1692444149637455e-01 -1.4397812223452935e-01 2.3302269844764978e+00 6.5014766698048454e-01 -3.2328287026211167e-01 -6.8760177204172757e-01 2.0010822949191667e+01 0.0000000000000000e+00 0.0000000000000000e+00 0.0000000000000000e+00 1.0000000000000000e+00</transform>
    </camera>
    <camera id="147" label="DSC_0157.JPG" sensor_id="19" enabled="true">
      <transform>4.0159629432450039e-01 -4.9828368532668860e-01 7.6839689309762504e-01 -1.0894940282984123e+01 -5.7551345944432819e-01 -7.8997290214460691e-01 -2.1148775821699217e-01 3.1323266116202797e+00 7.1239362320507271e-01 -3.5729005417794790e-01 -6.0401915764507663e-01 1.8995143358936414e+01 0.0000000000000000e+00 0.0000000000000000e+00 0.0000000000000000e+00 1.0000000000000000e+00</transform>
    </camera>
    <camera id="148" label="DSC_0158.JPG" sensor_id="19" enabled="true">
      <transform>2.8329075259739755e-01 -5.1448545218644848e-01 8.0935225271899092e-01 -1.1440072641059341e+01 -5.8385609928763660e-01 -7.6202948190843700e-01 -2.8004128986094989e-01 3.9418023404653963e+00 7.6082744746586606e-01 -3.9321214145911709e-01 -5.1626137468506195e-01 1.7979848045485625e+01 0.0000000000000000e+00 0.0000000000000000e+00 0.0000000000000000e+00 1.0000000000000000e+00</transform>
    </camera>
    <camera id="149" label="DSC_0159.JPG" sensor_id="19" enabled="true">
      <transform>1.4777726685812365e-01 -5.2467054835463078e-01 8.3838099637885000e-01 -1.1796051601198947e+01 -5.8176826833783113e-01 -7.3163614537398136e-01 -3.5532271632630463e-01 4.7894908794297884e+00 7.9981720496319886e-01 -4.3523484059936335e-01 -4.1335586626211429e-01 1.6785649429072539e+01 0.0000000000000000e+00 0.0000000000000000e+00 0.0000000000000000e+00 1.0000000000000000e+00</transform>
    </camera>
    <camera id="150" label="DSC_0160.JPG" sensor_id="19" enabled="true">
      <transform>1.8666594330628006e-02 -5.2628366001468108e-01 8.5010415094719272e-01 -1.1949013213296823e+01 -5.6918349865013596e-01 -7.0462155913377034e-01 -4.2371995854371231e-01 5.5721224854851954e+00 8.2199860287015492e-01 -4.7595584627720050e-01 -3.1270485969051942e-01 1.5616746559785552e+01 0.0000000000000000e+00 0.0000000000000000e+00 0.0000000000000000e+00 1.0000000000000000e+00</transform>
    </camera>
    <camera id="151" label="DSC_0161.JPG" sensor_id="19" enabled="true">
      <transform>-9.7309516126483420e-02 -5.2359092753092495e-01 8.4639435175250022e-01 -1.1927812655595833e+01 -5.4921494749306876e-01 -6.8096963845721925e-01 -4.8439993079028160e-01 6.2631150090655812e+00 8.2999626476353205e-01 -5.1198915233308373e-01 -2.2129913775664611e-01 1.4542275560483519e+01 0.0000000000000000e+00 0.0000000000000000e+00 0.0000000000000000e+00 1.0000000000000000e+00</transform>
    </camera>
    <camera id="152" label="DSC_0162.JPG" sensor_id="19" enabled="true">
      <transform>-2.0387142273549541e-01 -5.1701692168129365e-01 8.3134225544417284e-01 -1.1788950296954372e+01 -5.2417771623150244e-01 -6.5955443580465523e-01 -5.3872596746094326e-01 6.8900722151239613e+00 8.2684591357648463e-01 -5.4560191431629157e-01 -1.3654444806093968e-01 1.3546724169506748e+01 0.0000000000000000e+00 0.0000000000000000e+00 0.0000000000000000e+00 1.0000000000000000e+00</transform>
    </camera>
    <camera id="153" label="DSC_0163.JPG" sensor_id="19" enabled="true">
      <transform>-3.1476620986809778e-01 -5.0427840880767683e-01 8.0413028766218630e-01 -1.1513469552541530e+01 -4.9110096913732787e-01 -6.3845522842538838e-01 -5.9261687404988950e-01 7.5450635940534516e+00 8.1224508077159219e-01 -5.8144493093214156e-01 -4.6687482858549068e-02 1.2465811171310067e+01 0.0000000000000000e+00 0.0000000000000000e+00 0.0000000000000000e+00 1.0000000000000000e+00</transform>
    </camera>
    <camera id="154" label="DSC_0164.JPG" sensor_id="19" enabled="true">
      <transform>-3.9046189162927691e-01 -4.9005879418189829e-01 7.7934709175711347e-01 -1.1099464772906215e+01 -4.7039549760848148e-01 -6.2149623246263341e-01 -6.2647466737643998e-01 8.1496499022111788e+00 7.9137070138776044e-01 -6.1121584671843709e-01 1.2149144221222374e-02 1.1459664955003726e+01 0.0000000000000000e+00 0.0000000000000000e+00 0.0000000000000000e+00 1.0000000000000000e+00</transform>
    </camera>
    <camera id="155" label="DSC_0165.JPG" sensor_id="19" enabled="true">
      <transform>-4.9686888111170191e-01 -4.6750118583032274e-01 7.3113880777185347e-01 -1.0521651906384342e+01 -4.2600007141047391e-01 -6.0261151578944538e-01 -6.7482093935815146e-01 8.7197934238146342e+00 7.5607225457695271e-01 -6.4676270941141079e-01 1.0026337104712935e-01 1.0420522290353171e+01 0.0000000000000000e+00 0.0000000000000000e+00 0.0000000000000000e+00 1.0000000000000000e+00</transform>
    </camera>
    <camera id="156" label="DSC_0166.JPG" sensor_id="19" enabled="true">
      <transform>-5.9021902628645173e-01 -4.4325642186775926e-01 6.7465935514336706e-01 -9.8445759226660652e+00 -3.7700509325536757e-01 -5.8765371273637768e-01 -7.1591219682769935e-01 9.2151244512587027e+00 7.1379875361966305e-01 -6.7689501281967046e-01 1.7973447346258797e-01 9.4673082000143438e+00 0.0000000000000000e+00 0.0000000000000000e+00 0.0000000000000000e+00 1.0000000000000000e+00</transform>
    </camera>
    <camera id="157" label="DSC_0167.JPG" sensor_id="19" enabled="true">
      <transform>-6.5268473000121285e-01 -4.1857462139663215e-01 6.3150449685327659e-01 -8.9858280662363033e+00 -3.4435024211952514e-01 -5.7856298761467939e-01 -7.3938337830559919e-01 9.7006940527226515e+00 6.7485224603276572e-01 -7.0004296702776925e-01 2.3348295513696349e-01 8.5180869361469380e+00 0.0000000000000000e+00 0.0000000000000000e+00 0.0000000000000000e+00 1.0000000000000000e+00</transform>
    </camera>
    <camera id="158" label="DSC_0168.JPG" sensor_id="19" enabled="true">
      <transform>-7.2306680975515925e-01 -3.9255239343729370e-01 5.6839863391562506e-01 -8.2094098289402666e+00 -2.9605547230577850e-01 -5.6733135068708251e-01 -7.6843106121848892e-01 9.9969796563506588e+00 6.2411981698092145e-01 -7.2390452197387389e-01 2.9400118557155275e-01 7.8186052397055601e+00 0.0000000000000000e+00 0.0000000000000000e+00 0.0000000000000000e+00 1.0000000000000000e+00</transform>
    </camera>
    <camera id="159" label="DSC_0169.JPG" sensor_id="19" enabled="true">
      <transform>-8.2206977875228249e-01 -3.4357857486734500e-01 4.5404299549084304e-01 -6.7978856188399863e+00 -2.1221390154833841e-01 -5.5508802822465864e-01 -8.0426521801660233e-01 1.0385792018498984e+01 5.2836212851774833e-01 -7.5751636537687084e-01 3.8340894268966896e-01 6.8210159025489512e+00 0.0000000000000000e+00 0.0000000000000000e+00 0.0000000000000000e+00 1.0000000000000000e+00</transform>
    </camera>
    <camera id="160" label="DSC_0170.JPG" sensor_id="19" enabled="true">
      <transform>-9.0612979543965977e-01 -2.8333593739871255e-01 3.1408524383497116e-01 -4.9905847958144083e+00 -1.1640407297098328e-01 -5.4682616408566020e-01 -8.2911473154632143e-01 1.0636410619884394e+01 4.0666802875594543e-01 -7.8784636373455164e-01 4.6251402307173128e-01 5.9103155962373863e+00 0.0000000000000000e+00 0.0000000000000000e+00 0.0000000000000000e+00 1.0000000000000000e+00</transform>
    </camera>
    <camera id="161" label="DSC_0171.JPG" sensor_id="19" enabled="true">
      <transform>-9.0663211585731096e-01 -2.8357913999175710e-01 3.1241171210060431e-01 -4.9962276534506618e+00 -1.1486393705588438e-01 -5.4659005275512318e-01 -8.2948513560712667e-01 1.0641006676562300e+01 4.0598581558980268e-01 -7.8792270280192267e-01 4.6298307954956153e-01 5.9081198381228566e+00 0.0000000000000000e+00 0.0000000000000000e+00 0.0000000000000000e+00 1.0000000000000000e+00</transform>
    </camera>
    <camera id="162" label="DSC_0172.JPG" sensor_id="19" enabled="true">
      <transform>-9.6472070419213118e-01 -2.1540360831704930e-01 1.5137783334105970e-01 -3.0444127399862433e+00 -9.5413080410761825e-03 -5.4599621802688558e-01 -8.3773330681142344e-01 1.0658783742854894e+01 2.6310250159187720e-01 -8.0962300821081690e-01 5.2467862376102470e-01 5.2605419245281135e+00 0.0000000000000000e+00 0.0000000000000000e+00 0.0000000000000000e+00 1.0000000000000000e+00</transform>
    </camera>
    <camera id="163" label="DSC_0173.JPG" sensor_id="19" enabled="true">
      <transform>-9.8997447013047979e-01 -1.4114660489649791e-01 -5.3088997040590738e-03 -8.2027801958959157e-01 8.3204137875186004e-02 -5.5238038012057067e-01 -8.2942931410597098e-01 1.0432793134843816e+01 1.1413859965113857e-01 -8.2155556816568787e-01 5.5858645569475818e-01 4.9136366035006391e+00 0.0000000000000000e+00 0.0000000000000000e+00 0.0000000000000000e+00 1.0000000000000000e+00</transform>
    </camera>
    <camera id="164" label="DSC_0174.JPG" sensor_id="19" enabled="true">
      <transform>-9.8707606084688715e-01 -1.0244112886399662e-01 -1.2323418851951060e-01 3.4267470713889907e-02 1.5958079853936799e-01 -5.5800936307118021e-01 -8.1434606861114878e-01 1.0272165395977266e+01 1.4656699510117825e-02 -8.2348731978213618e-01 5.6714532116337246e-01 4.8856712564922775e+00 0.0000000000000000e+00 0.0000000000000000e+00 0.0000000000000000e+00 1.0000000000000000e+00</transform>
    </camera>
    <camera id="165" label="DSC_0175.JPG" sensor_id="19" enabled="true">
      <transform>-9.7168447852280759e-01 -5.1326263779819151e-02 -2.3064017179204482e-01 1.7585987261795775e+00 2.1784196528932959e-01 -5.7264565163969461e-01 -7.9033020682309230e-01 9.8568936399470886e+00 -9.1510394801585529e-02 -8.1819470317556664e-01 5.6761190556462393e-01 4.9970453582965648e+00 0.0000000000000000e+00 0.0000000000000000e+00 0.0000000000000000e+00 1.0000000000000000e+00</transform>
    </camera>
    <camera id="166" label="DSC_0177.JPG" sensor_id="19" enabled="true">
      <transform>-8.3849246835889202e-01 7.2432453640679823e-02 -5.4007769826665064e-01 5.2588182304853825e+00 3.8434614947288692e-01 -6.2396996022166629e-01 -6.8039659473452507e-01 8.4071730548850674e+00 -3.8627505470943602e-01 -7.7808420392690347e-01 4.9535497747439650e-01 6.1156941863466123e+00 0.0000000000000000e+00 0.0000000000000000e+00 0.0000000000000000e+00 1.0000000000000000e+00</transform>
    </camera>
    <camera id="167" label="DSC_0178.JPG" sensor_id="19" enabled="true">
      <transform>-7.1533137182472295e-01 1.2697698040529157e-01 -6.8715200278432875e-01 6.8820722044141309e+00 4.5528246384625559e-01 -6.6130118329735499e-01 -5.9615318759828917e-01 7.3622460883994254e+00 -5.3011216416664397e-01 -7.3929533436690387e-01 4.1523909014673044e-01 7.2096562883453865e+00 0.0000000000000000e+00 0.0000000000000000e+00 0.0000000000000000e+00 1.0000000000000000e+00</transform>
    </camera>
    <camera id="168" label="DSC_0179.JPG" sensor_id="19" enabled="true">
      <transform>-5.8750298685005775e-01 1.6523326565579211e-01 -7.9217309242550238e-01 7.9687269916809562e+00 5.0101765358694339e-01 -6.9446797032086272e-01 -5.1642574392903307e-01 6.4446520907875069e+00 -6.3546955177765563e-01 -7.0029437104630798e-01 3.2521722378183116e-01 8.3178333407600640e+00 0.0000000000000000e+00 0.0000000000000000e+00 0.0000000000000000e+00 1.0000000000000000e+00</transform>
    </camera>
    <camera id="169" label="DSC_0180.JPG" sensor_id="19" enabled="true">
      <transform>-4.0740091079950846e-01 2.0232704641098223e-01 -8.9055503152266724e-01 9.0054640364782514e+00 5.3386142379900980e-01 -7.3841626731707288e-01 -4.1198713128059605e-01 5.1979233952514923e+00 -7.4095646164874263e-01 -6.4327690962145478e-01 1.9281685478413313e-01 9.9461088664667052e+00 0.0000000000000000e+00 0.0000000000000000e+00 0.0000000000000000e+00 1.0000000000000000e+00</transform>
    </camera>
    <camera id="38" label="DSC_0182.JPG" sensor_id="7" enabled="true">
      <transform>9.5401324010126243e-01 6.0211871254888603e-02 -2.9365501574377317e-01 2.2268141568224067e+00 -5.6955885240059310e-02 9.9818360280751373e-01 1.9634719828225788e-02 -1.4481313214383951e-01 2.9430386482003956e-01 -2.0064013049360171e-03 9.5570979355963037e-01 4.0948969451114475e-01 0.0000000000000000e+00 0.0000000000000000e+00 0.0000000000000000e+00 1.0000000000000000e+00</transform>
      <orientation>1</orientation>
    </camera>
    <camera id="39" label="DSC_0183.JPG" sensor_id="7" enabled="true">
      <transform>9.9351131628481149e-01 -1.7662810537351879e-02 -1.1235341355714490e-01 8.3907108421041446e-02 1.9661750633836940e-02 9.9966706764434432e-01 1.6708364054289149e-02 -9.1787175923979558e-02 1.1202089080182337e-01 -1.8809013564763579e-02 9.9352782599818834e-01 -1.7025433731275807e-02 0.0000000000000000e+00 0.0000000000000000e+00 0.0000000000000000e+00 1.0000000000000000e+00</transform>
      <orientation>1</orientation>
    </camera>
    <camera id="40" label="DSC_0184.JPG" sensor_id="7" enabled="true">
      <transform>9.9407791542752166e-01 -8.9713618850024629e-02 6.1323442924427346e-02 -1.8698538473791644e+00 8.8300678299967961e-02 9.9577046647030143e-01 2.5380471179310173e-02 -1.4701706932812830e-01 -6.3341047284036597e-02 -1.9815264276580646e-02 9.9779520295029012e-01 -9.3528470342644304e-02 0.0000000000000000e+00 0.0000000000000000e+00 0.0000000000000000e+00 1.0000000000000000e+00</transform>
      <orientation>1</orientation>
    </camera>
    <camera id="41" label="DSC_0185.JPG" sensor_id="7" enabled="true">
      <transform>9.6200893444259450e-01 -1.5442330474945040e-01 2.2514940151570959e-01 -3.7813005925926131e+00 1.4868655430330455e-01 9.8797826068000860e-01 4.2323338633849579e-02 -3.4290649779813132e-01 -2.2897842392250481e-01 -7.2387411863806608e-03 9.7340458289654785e-01 1.3583493105735120e-01 0.0000000000000000e+00 0.0000000000000000e+00 0.0000000000000000e+00 1.0000000000000000e+00</transform>
      <orientation>1</orientation>
    </camera>
    <camera id="42" label="DSC_0186.JPG" sensor_id="7" enabled="true">
      <transform>8.8381125411785932e-01 -2.2867061152968265e-01 4.0815122015897204e-01 -5.9530944548395004e+00 2.1655120881025525e-01 9.7327969373250045e-01 7.6368918617375381e-02 -7.2576932060149690e-01 -4.1470862187496643e-01 2.0889930363958722e-02 9.0971444407130031e-01 8.2776774246777962e-01 0.0000000000000000e+00 0.0000000000000000e+00 0.0000000000000000e+00 1.0000000000000000e+00</transform>
      <orientation>1</orientation>
    </camera>
    <camera id="43" label="DSC_0187.JPG" sensor_id="7" enabled="true">
      <transform>7.7536674985205578e-01 -2.8968570906287483e-01 5.6114935016321554e-01 -7.7682505410994747e+00 2.7121819453719376e-01 9.5521279294108918e-01 1.1836051349022089e-01 -1.1981147762975257e+00 -5.7030438730194299e-01 6.0421106961253863e-02 8.1920827367509674e-01 1.8426709400657881e+00 0.0000000000000000e+00 0.0000000000000000e+00 0.0000000000000000e+00 1.0000000000000000e+00</transform>
      <orientation>1</orientation>
    </camera>
    <camera id="44" label="DSC_0188.JPG" sensor_id="7" enabled="true">
      <transform>6.3345271791768798e-01 -3.4613127682601108e-01 6.9204825941944925e-01 -9.4867672840819228e+00 3.1893919547356975e-01 9.3165885653244429e-01 1.7403897447218694e-01 -1.9225520259900262e+00 -7.0499322248754015e-01 1.1047585368510951e-01 7.0055666580168952e-01 3.3492534737901885e+00 0.0000000000000000e+00 0.0000000000000000e+00 0.0000000000000000e+00 1.0000000000000000e+00</transform>
      <orientation>1</orientation>
    </camera>
    <camera id="45" label="DSC_0189.JPG" sensor_id="7" enabled="true">
      <transform>4.9511850989282541e-01 -3.7889935499466021e-01 7.8185224943472453e-01 -1.0538078544435606e+01 3.4539285456359525e-01 9.1156896480140237e-01 2.2303766145499046e-01 -2.4964428390234343e+00 -7.9722107170967293e-01 1.5961610568965232e-01 5.8220379733092642e-01 4.7353702054457152e+00 0.0000000000000000e+00 0.0000000000000000e+00 0.0000000000000000e+00 1.0000000000000000e+00</transform>
      <orientation>1</orientation>
    </camera>
    <camera id="46" label="DSC_0190.JPG" sensor_id="7" enabled="true">
      <transform>3.1851615554069646e-01 -4.0564856801483989e-01 8.5673607250254413e-01 -1.1422470846633869e+01 3.6608241491025978e-01 8.8632853941677925e-01 2.8355843438132999e-01 -3.1946704273487629e+00 -8.7437470466216438e-01 2.2331806797218268e-01 4.3081076630479453e-01 6.5047088749794018e+00 0.0000000000000000e+00 0.0000000000000000e+00 0.0000000000000000e+00 1.0000000000000000e+00</transform>
      <orientation>1</orientation>
    </camera>
    <camera id="47" label="DSC_0191.JPG" sensor_id="7" enabled="true">
      <transform>1.5780953066620848e-01 -4.1708003025071100e-01 8.9506446717372101e-01 -1.1908216944083348e+01 3.7880955216257622e-01 8.6264396783086128e-01 3.3518458788467087e-01 -3.9161726330508526e+00 -9.1192076148166479e-01 2.8616364746608580e-01 2.9412733917064965e-01 8.3988328641373720e+00 0.0000000000000000e+00 0.0000000000000000e+00 0.0000000000000000e+00 1.0000000000000000e+00</transform>
      <orientation>1</orientation>
    </camera>
    <camera id="48" label="DSC_0192.JPG" sensor_id="7" enabled="true">
      <transform>-1.8712730054853119e-02 -4.1993078713244369e-01 9.0736319506150376e-01 -1.1995614090227694e+01 3.7618160771166609e-01 8.3787956077680070e-01 3.9553159121863046e-01 -4.6022510414027842e+00 -9.2635696777935461e-01 3.4873482139127132e-01 1.4229122459181290e-01 1.0168350286393229e+01 0.0000000000000000e+00 0.0000000000000000e+00 0.0000000000000000e+00 1.0000000000000000e+00</transform>
      <orientation>1</orientation>
    </camera>
    <camera id="49" label="DSC_0193.JPG" sensor_id="7" enabled="true">
      <transform>-2.1000425541902829e-01 -4.0693286482529129e-01 8.8899035778290691e-01 -1.1716277520269065e+01 3.6172004909519911e-01 8.1241040828108524e-01 4.5732694497386306e-01 -5.3000229191744870e+00 -9.0832638340437211e-01 4.1760624042468675e-01 -2.3413867042683723e-02 1.2095853446637642e+01 0.0000000000000000e+00 0.0000000000000000e+00 0.0000000000000000e+00 1.0000000000000000e+00</transform>
      <orientation>1</orientation>
    </camera>
    <camera id="50" label="DSC_0194.JPG" sensor_id="7" enabled="true">
      <transform>-3.9112320695910296e-01 -3.8789565814231841e-01 8.3460145900445470e-01 -1.1119751903722825e+01 3.3203133253258810e-01 7.8629823417566425e-01 5.2104729262214389e-01 -6.0811777707408678e+00 -8.5835763595057546e-01 4.8090752263462239e-01 -1.7874597472046636e-01 1.3907706634633362e+01 0.0000000000000000e+00 0.0000000000000000e+00 0.0000000000000000e+00 1.0000000000000000e+00</transform>
      <orientation>1</orientation>
    </camera>
    <camera id="51" label="DSC_0195.JPG" sensor_id="7" enabled="true">
      <transform>-6.1142585798829152e-01 -3.3345947776023810e-01 7.1760936231012962e-01 -9.6852697796106906e+00 2.7426199357272640e-01 7.6135562324758266e-01 5.8746742363368454e-01 -6.8488235990632873e+00 -7.4225250357596995e-01 5.5600574784902590e-01 -3.7405725403212048e-01 1.6136984296081703e+01 0.0000000000000000e+00 0.0000000000000000e+00 0.0000000000000000e+00 1.0000000000000000e+00</transform>
      <orientation>1</orientation>
    </camera>
    <camera id="52" label="DSC_0196.JPG" sensor_id="7" enabled="true">
      <transform>-7.8340655952777460e-01 -2.6853355460511963e-01 5.6050324935721330e-01 -7.7938048800172686e+00 2.0232279225905836e-01 7.4253036809321360e-01 6.3852497225390847e-01 -7.4624862608913993e+00 -5.8765606456613129e-01 6.1362723416622889e-01 -5.2737270242983847e-01 1.7917730198025897e+01 0.0000000000000000e+00 0.0000000000000000e+00 0.0000000000000000e+00 1.0000000000000000e+00</transform>
      <orientation>1</orientation>
    </camera>
    <camera id="53" label="DSC_0197.JPG" sensor_id="7" enabled="true">
      <transform>-9.0876078998476251e-01 -1.7931266019987413e-01 3.7682993044384716e-01 -5.6068287338542113e+00 1.3483450579043793e-01 7.2838854235467998e-01 6.7176617019218277e-01 -7.8004942496460350e+00 -3.9493478276105098e-01 6.6128443294732764e-01 -6.3775341324607004e-01 1.9124936518798410e+01 0.0000000000000000e+00 0.0000000000000000e+00 0.0000000000000000e+00 1.0000000000000000e+00</transform>
      <orientation>1</orientation>
    </camera>
    <camera id="54" label="DSC_0198.JPG" sensor_id="7" enabled="true">
      <transform>-9.7427142465898142e-01 -1.0462476621541118e-01 1.9962176581557733e-01 -3.5177474811843834e+00 6.3329190739899163e-02 7.2294949593073532e-01 6.8799232549042699e-01 -7.9519830905860216e+00 -2.1629749118560787e-01 6.8293314799317417e-01 -6.9772323358115651e-01 1.9771046408883318e+01 0.0000000000000000e+00 0.0000000000000000e+00 0.0000000000000000e+00 1.0000000000000000e+00</transform>
      <orientation>1</orientation>
    </camera>
    <camera id="55" label="DSC_0199.JPG" sensor_id="7" enabled="true">
      <transform>-9.9890720101299513e-01 -3.7016972874519369e-02 2.8533269766900654e-02 -1.5224481667314407e+00 -7.1516286293199990e-03 7.2436898843083231e-01 6.8937538598911541e-01 -7.9557283478335226e+00 -4.6187205721194266e-02 6.8841797791668746e-01 -7.2384213037703704e-01 2.0038171215609108e+01 0.0000000000000000e+00 0.0000000000000000e+00 0.0000000000000000e+00 1.0000000000000000e+00</transform>
      <orientation>1</orientation>
    </camera>
    <camera id="56" label="DSC_0200.JPG" sensor_id="7" enabled="true">
      <transform>-9.8657962477233641e-01 3.7935705659434313e-02 -1.5881286541145459e-01 6.5246571676135812e-01 -8.1080981425254411e-02 7.3042018396047492e-01 6.7816828981769994e-01 -7.8071060325174368e+00 1.4172691499921100e-01 6.8194371989136093e-01 -7.1754180677193968e-01 1.9914396042931305e+01 0.0000000000000000e+00 0.0000000000000000e+00 0.0000000000000000e+00 1.0000000000000000e+00</transform>
      <orientation>1</orientation>
    </camera>
    <camera id="57" label="DSC_0201.JPG" sensor_id="7" enabled="true">
      <transform>-9.4228271258159546e-01 1.0089672309568654e-01 -3.1925403809258673e-01 2.5067835101386051e+00 -1.4348541549250393e-01 7.3983073804881916e-01 6.5731454767035513e-01 -7.5506947036160303e+00 3.0251483453016642e-01 6.6518443330154120e-01 -6.8265250646466802e-01 1.9474494698888154e+01 0.0000000000000000e+00 0.0000000000000000e+00 0.0000000000000000e+00 1.0000000000000000e+00</transform>
      <orientation>1</orientation>
    </camera>
    <camera id="58" label="DSC_0202.JPG" sensor_id="7" enabled="true">
      <transform>-8.5265444034108318e-01 1.6823373805975694e-01 -4.9464918350794357e-01 4.5626132753219455e+00 -2.0859932995922625e-01 7.5839750911821291e-01 6.1751075918064113e-01 -7.0653057863814670e+00 4.7902685196885991e-01 6.2970677901840244e-01 -6.1155755865746020e-01 1.8578959170092634e+01 0.0000000000000000e+00 0.0000000000000000e+00 0.0000000000000000e+00 1.0000000000000000e+00</transform>
      <orientation>1</orientation>
    </camera>
    <camera id="59" label="DSC_0203.JPG" sensor_id="7" enabled="true">
      <transform>-7.5647060473387706e-01 2.1578459952008580e-01 -6.1740524032722499e-01 6.0430090769096010e+00 -2.4856709810718799e-01 7.7831413968434704e-01 5.7657739957961129e-01 -6.5701801505044157e+00 6.0495175172251048e-01 5.8963048308018418e-01 -5.3513481620101566e-01 1.7573651601274971e+01 0.0000000000000000e+00 0.0000000000000000e+00 0.0000000000000000e+00 1.0000000000000000e+00</transform>
      <orientation>1</orientation>
    </camera>
    <camera id="60" label="DSC_0204.JPG" sensor_id="7" enabled="true">
      <transform>-5.8429199473564652e-01 2.6989820553966598e-01 -7.6534817144506673e-01 7.9587836415925226e+00 -2.9460427374194859e-01 8.0820114566333900e-01 5.0992080761765912e-01 -5.6523146875002812e+00 7.5618197993658787e-01 5.2341748804843613e-01 -3.9271229471999858e-01 1.5487958167680077e+01 0.0000000000000000e+00 0.0000000000000000e+00 0.0000000000000000e+00 1.0000000000000000e+00</transform>
      <orientation>1</orientation>
    </camera>
    <camera id="61" label="DSC_0205.JPG" sensor_id="7" enabled="true">
      <transform>-3.8130139275462016e-01 3.0806510460515818e-01 -8.7161065803947113e-01 9.0076223462945002e+00 -3.2506472948029502e-01 8.3795081645003089e-01 4.3837352892097570e-01 -4.7738671369745802e+00 8.6541444957389602e-01 4.5048231989206844e-01 -2.1937071348147322e-01 1.3419265712738044e+01 0.0000000000000000e+00 0.0000000000000000e+00 0.0000000000000000e+00 1.0000000000000000e+00</transform>
      <orientation>1</orientation>
    </camera>
    <camera id="62" label="DSC_0206.JPG" sensor_id="7" enabled="true">
      <transform>-1.1877545425406369e-01 3.2944947883251757e-01 -9.3667253208563950e-01 9.5350307935661931e+00 -3.3903619455606898e-01 8.7319733491911500e-01 3.5011551389661993e-01 -3.7201308311048913e+00 9.3324533229354012e-01 3.5915102002797855e-01 7.9808874934012702e-03 1.0751167008938415e+01 0.0000000000000000e+00 0.0000000000000000e+00 0.0000000000000000e+00 1.0000000000000000e+00</transform>
      <orientation>1</orientation>
    </camera>
    <camera id="63" label="DSC_0207.JPG" sensor_id="7" enabled="true">
      <transform>9.5034977392156064e-02 3.2532545024912884e-01 -9.4081438365507264e-01 9.4002273190310426e+00 -3.2976717356897789e-01 9.0201785311850458e-01 2.7859900195767356e-01 -2.9090174195715734e+00 9.3926671627839564e-01 2.8377305029844851e-01 1.9300490049714855e-01 8.6040241967932687e+00 0.0000000000000000e+00 0.0000000000000000e+00 0.0000000000000000e+00 1.0000000000000000e+00</transform>
      <orientation>1</orientation>
    </camera>
    <camera id="64" label="DSC_0210.JPG" sensor_id="7" enabled="true">
      <transform>4.1424339053100839e-01 2.8677855141529118e-01 -8.6380580910846028e-01 8.2565941660244313e+00 -2.8715336091419918e-01 9.4177129723231634e-01 1.7495648323237348e-01 -1.7550372740999178e+00 8.6368128422297896e-01 1.7557017445314363e-01 4.7247196014730714e-01 5.4105013802766795e+00 0.0000000000000000e+00 0.0000000000000000e+00 0.0000000000000000e+00 1.0000000000000000e+00</transform>
      <orientation>1</orientation>
    </camera>
    <camera id="65" label="DSC_0211.JPG" sensor_id="7" enabled="true">
      <transform>6.2975599375320601e-01 2.3075166622354495e-01 -7.4172842527907046e-01 6.6689585914424150e+00 -2.2811963552065675e-01 9.6769501950118997e-01 1.0736750496548919e-01 -1.0058311631858150e+00 7.4254213363406840e-01 1.0158748824362834e-01 6.6205072465069925e-01 3.3026149556759816e+00 0.0000000000000000e+00 0.0000000000000000e+00 0.0000000000000000e+00 1.0000000000000000e+00</transform>
      <orientation>1</orientation>
    </camera>
    <camera id="66" label="DSC_0212.JPG" sensor_id="7" enabled="true">
      <transform>8.1822636196952969e-01 1.5022542416745013e-01 -5.5492156428797923e-01 4.3628052981499286e+00 -1.4672156055681093e-01 9.8785767671532310e-01 5.1088102552142800e-02 -4.2930110928268972e-01 5.5585825913256182e-01 3.9617325607792950e-02 8.3033250163160777e-01 1.4901411946260159e+00 0.0000000000000000e+00 0.0000000000000000e+00 0.0000000000000000e+00 1.0000000000000000e+00</transform>
      <orientation>1</orientation>
    </camera>
    <camera id="67" label="DSC_0214.JPG" sensor_id="7" enabled="true">
      <transform>9.7275504169002025e-01 1.6449333271835294e-02 -2.3125105037936375e-01 9.1909754479399286e-01 -1.2181925464635816e-02 9.9972836554762634e-01 1.9869469329742716e-02 -1.4777600481677455e-01 2.3151507414987257e-01 -1.6511043406872306e-02 9.7269119245883762e-01 1.2487701991968497e-01 0.0000000000000000e+00 0.0000000000000000e+00 0.0000000000000000e+00 1.0000000000000000e+00</transform>
      <orientation>1</orientation>
    </camera>
  </cameras>
  <markers next_id="72">
    <marker id="25" label="2up"/>
    <marker id="0" label="6"/>
    <marker id="37" label="6"/>
    <marker id="36" label="6"/>
    <marker id="39" label="8"/>
    <marker id="38" label="8"/>
    <marker id="1" label="8"/>
    <marker id="40" label="BL"/>
    <marker id="2" label="BL"/>
    <marker id="3" label="BL"/>
    <marker id="42" label="BR"/>
    <marker id="41" label="BR"/>
    <marker id="35" label="Bottom"/>
    <marker id="4" label="Centre6"/>
    <marker id="44" label="Centre6"/>
    <marker id="43" label="Centre6"/>
    <marker id="46" label="FrontR"/>
    <marker id="21" label="FrontR"/>
    <marker id="45" label="FrontR"/>
    <marker id="47" label="Hole"/>
    <marker id="23" label="LK"/>
    <marker id="5" label="LWB"/>
    <marker id="6" label="LWB"/>
    <marker id="7" label="LWT"/>
    <marker id="8" label="LWT"/>
    <marker id="48" label="LeftDip"/>
    <marker id="20" label="LeftDip"/>
    <marker id="49" label="LeftDip"/>
    <marker id="9" label="LeftSun"/>
    <marker id="50" label="LeftSun"/>
    <marker id="51" label="Middle6"/>
    <marker id="10" label="Middle6"/>
    <marker id="52" label="Middle6"/>
    <marker id="24" label="Not"/>
    <marker id="53" label="Notch"/>
    <marker id="54" label="RE"/>
    <marker id="55" label="RE"/>
    <marker id="12" label="RWB"/>
    <marker id="11" label="RWB"/>
    <marker id="56" label="RWB"/>
    <marker id="14" label="RWT"/>
    <marker id="13" label="RWT"/>
    <marker id="57" label="RWT"/>
    <marker id="58" label="RightDip"/>
    <marker id="59" label="RightDip"/>
    <marker id="19" label="RightDip"/>
    <marker id="60" label="RightPoint"/>
    <marker id="22" label="RightPoint"/>
    <marker id="61" label="RightSun"/>
    <marker id="62" label="RightSun"/>
    <marker id="29" label="Rubbish"/>
    <marker id="63" label="Scab"/>
    <marker id="64" label="Toe"/>
    <marker id="17" label="Toe"/>
    <marker id="65" label="Toe2"/>
    <marker id="18" label="Toe2"/>
    <marker id="66" label="Tongue"/>
    <marker id="67" label="Tongue"/>
    <marker id="28" label="Triangle"/>
    <marker id="68" label="Triangle"/>
    <marker id="69" label="Triangle"/>
    <marker id="16" label="U"/>
    <marker id="15" label="U"/>
    <marker id="26" label="frLeft"/>
    <marker id="30" label="hole"/>
    <marker id="31" label="leftLow"/>
    <marker id="33" label="leftToe"/>
    <marker id="34" label="rightToe"/>
    <marker id="70" label="shine"/>
    <marker id="71" label="shine"/>
    <marker id="32" label="slash"/>
    <marker id="27" label="topDip"/>
  </markers>
  <frames next_id="1">
    <frame id="0" path="0/frame.zip"/>
  </frames>
  <transform>
    <rotation>-4.6065304400965462e-01 3.5857349808263900e-01 -8.1192599386731290e-01 3.8874074672864722e-01 -7.4085180953809615e-01 -5.4774011003118761e-01 -7.9792192906166770e-01 -5.6794686615642853e-01 2.0188351182203645e-01</rotation>
    <translation>1.2066171092623026e+01 8.3164387507659878e+00 8.1158687166089347e+00</translation>
    <scale>1.0745223084801308e+00</scale>
  </transform>
  <reference>LOCAL_CS["Local Coordinates (m)",LOCAL_DATUM["Local Datum",0],UNIT["metre",1,AUTHORITY["EPSG","9001"]]]</reference>
  <region>
    <center>-1.6393014070372462e+00 4.9128229448306326e-01 1.1312184442688235e+01</center>
    <size>5.4431559244791670e+00 2.9410341898600265e+00 8.2799105326334637e+00</size>
    <R>-3.6564775150803537e-02 3.7992255493954424e-01 9.2429533671136765e-01 -6.0165073949981829e-01 7.3013369287501073e-01 -3.2391538739001191e-01 -7.9792192906166770e-01 -5.6794686615642898e-01 2.0188351182203645e-01</R>
  </region>
  <settings>
    <property name="image_brightness" value="1.4000000000000001"/>
    <property name="accuracy_tiepoints" value="1"/>
    <property name="accuracy_cameras" value="10"/>
    <property name="accuracy_cameras_ypr" value="2"/>
    <property name="accuracy_markers" value="0.0050000000000000001"/>
    <property name="accuracy_scalebars" value="0.001"/>
    <property name="accuracy_projections" value="0.10000000000000001"/>
  </settings>
</chunk>
