<?xml version="1.0" encoding="UTF-8"?>
<document version="1.2.0">
  <chunks next_id="161" active_id="160">
    <chunk id="145" path="145/chunk.zip"/>
    <chunk id="148" path="148/chunk.zip"/>
    <chunk id="135" path="135/chunk.zip"/>
    <chunk id="154" path="154/chunk.zip"/>
    <chunk id="142" path="142/chunk.zip"/>
    <chunk id="152" path="152/chunk.zip"/>
    <chunk id="0" path="0/chunk.zip"/>
    <chunk id="4" path="4/chunk.zip"/>
    <chunk id="3" path="3/chunk.zip"/>
    <chunk id="2" path="2/chunk.zip"/>
    <chunk id="88" path="88/chunk.zip"/>
    <chunk id="89" path="89/chunk.zip"/>
    <chunk id="97" path="97/chunk.zip"/>
    <chunk id="151" path="151/chunk.zip"/>
    <chunk id="153" path="153/chunk.zip"/>
    <chunk id="155" path="155/chunk.zip"/>
    <chunk id="157" path="157/chunk.zip"/>
    <chunk id="158" path="158/chunk.zip"/>
    <chunk id="160" path="160/chunk.zip"/>
  </chunks>
</document>
