<?xml version="1.0" encoding="UTF-8"?>
<chunk label="RightBack" enabled="false">
  <sensors next_id="18">
    <sensor id="0" label="NIKON D3000 (48 mm)" type="frame">
      <resolution width="3872" height="2592"/>
      <property name="pixel_width" value="0.0061904649606179677"/>
      <property name="pixel_height" value="0.0061904649606179677"/>
      <property name="focal_length" value="48"/>
      <property name="fixed" value="false"/>
    </sensor>
    <sensor id="1" label="NIKON D3000 (28 mm)" type="frame">
      <resolution width="3872" height="2592"/>
      <property name="pixel_width" value="0.0061904649606179677"/>
      <property name="pixel_height" value="0.0061904649606179677"/>
      <property name="focal_length" value="28"/>
      <property name="fixed" value="false"/>
    </sensor>
    <sensor id="2" label="NIKON D3000 (20 mm)" type="frame">
      <resolution width="3872" height="2592"/>
      <property name="pixel_width" value="0.0061904649606179668"/>
      <property name="pixel_height" value="0.0061904649606179668"/>
      <property name="focal_length" value="20"/>
      <property name="fixed" value="false"/>
    </sensor>
    <sensor id="3" label="NIKON D3000 (24 mm)" type="frame">
      <resolution width="3872" height="2592"/>
      <property name="pixel_width" value="0.0061904649606179677"/>
      <property name="pixel_height" value="0.0061904649606179677"/>
      <property name="focal_length" value="24"/>
      <property name="fixed" value="false"/>
    </sensor>
    <sensor id="4" label="NIKON D3000 (32 mm)" type="frame">
      <resolution width="3872" height="2592"/>
      <property name="pixel_width" value="0.0061904649606179668"/>
      <property name="pixel_height" value="0.0061904649606179668"/>
      <property name="focal_length" value="32"/>
      <property name="fixed" value="false"/>
    </sensor>
    <sensor id="5" label="NIKON D3000 (18 mm)" type="frame">
      <resolution width="3872" height="2592"/>
      <property name="pixel_width" value="0.0061904649606179677"/>
      <property name="pixel_height" value="0.0061904649606179677"/>
      <property name="focal_length" value="18"/>
      <property name="fixed" value="false"/>
    </sensor>
    <sensor id="6" label="NIKON D3000 (29 mm)" type="frame">
      <resolution width="3872" height="2592"/>
      <property name="pixel_width" value="0.0062624471113228268"/>
      <property name="pixel_height" value="0.0062624471113228268"/>
      <property name="focal_length" value="29"/>
      <property name="fixed" value="false"/>
    </sensor>
    <sensor id="7" label="NIKON D3000 (30 mm)" type="frame">
      <resolution width="3872" height="2592"/>
      <property name="pixel_width" value="0.0061904649606179677"/>
      <property name="pixel_height" value="0.0061904649606179677"/>
      <property name="focal_length" value="30"/>
      <property name="fixed" value="false"/>
      <calibration type="frame" class="adjusted">
        <resolution width="3872" height="2592"/>
        <fx>4846.1626373546633</fx>
        <fy>4846.1626373546633</fy>
        <cx>1936</cx>
        <cy>1296</cy>
      </calibration>
    </sensor>
    <sensor id="8" label="NIKON D3000 (26 mm)" type="frame">
      <resolution width="3872" height="2592"/>
      <property name="pixel_width" value="0.0061904649606179677"/>
      <property name="pixel_height" value="0.0061904649606179677"/>
      <property name="focal_length" value="26"/>
      <property name="fixed" value="false"/>
    </sensor>
    <sensor id="9" label="NIKON D3000 (55 mm)" type="frame">
      <resolution width="3872" height="2592"/>
      <property name="pixel_width" value="0.0062282116981827104"/>
      <property name="pixel_height" value="0.0062282116981827104"/>
      <property name="focal_length" value="55"/>
      <property name="fixed" value="false"/>
    </sensor>
    <sensor id="10" label="NIKON D3000 (40 mm)" type="frame">
      <resolution width="3872" height="2592"/>
      <property name="pixel_width" value="0.0061904649606179668"/>
      <property name="pixel_height" value="0.0061904649606179668"/>
      <property name="focal_length" value="40"/>
      <property name="fixed" value="false"/>
    </sensor>
    <sensor id="11" label="NIKON D3000 (30 mm)" type="frame">
      <resolution width="3872" height="2592"/>
      <property name="pixel_width" value="0.0061904649606179677"/>
      <property name="pixel_height" value="0.0061904649606179677"/>
      <property name="focal_length" value="30"/>
      <property name="fixed" value="false"/>
      <calibration type="frame" class="adjusted">
        <resolution width="3872" height="2592"/>
        <fx>4846.1626373546633</fx>
        <fy>4846.1626373546633</fy>
        <cx>1936</cx>
        <cy>1296</cy>
      </calibration>
    </sensor>
    <sensor id="12" label="NIKON D3000 (20 mm)" type="frame">
      <resolution width="3872" height="2592"/>
      <property name="pixel_width" value="0.0061904649606179668"/>
      <property name="pixel_height" value="0.0061904649606179668"/>
      <property name="focal_length" value="20"/>
      <property name="fixed" value="false"/>
    </sensor>
    <sensor id="13" label="NIKON D3000 (24 mm)" type="frame">
      <resolution width="3872" height="2592"/>
      <property name="pixel_width" value="0.0061904649606179677"/>
      <property name="pixel_height" value="0.0061904649606179677"/>
      <property name="focal_length" value="24"/>
      <property name="fixed" value="false"/>
    </sensor>
    <sensor id="14" label="NIKON D3000 (32 mm)" type="frame">
      <resolution width="3872" height="2592"/>
      <property name="pixel_width" value="0.0061904649606179668"/>
      <property name="pixel_height" value="0.0061904649606179668"/>
      <property name="focal_length" value="32"/>
      <property name="fixed" value="false"/>
    </sensor>
    <sensor id="15" label="NIKON D3000 (18 mm)" type="frame">
      <resolution width="3872" height="2592"/>
      <property name="pixel_width" value="0.0061904649606179677"/>
      <property name="pixel_height" value="0.0061904649606179677"/>
      <property name="focal_length" value="18"/>
      <property name="fixed" value="false"/>
    </sensor>
    <sensor id="16" label="NIKON D3000 (29 mm)" type="frame">
      <resolution width="3872" height="2592"/>
      <property name="pixel_width" value="0.0062624471113228268"/>
      <property name="pixel_height" value="0.0062624471113228268"/>
      <property name="focal_length" value="29"/>
      <property name="fixed" value="false"/>
    </sensor>
    <sensor id="17" label="NIKON D5100 (29 mm)" type="frame">
      <resolution width="4928" height="3264"/>
      <property name="pixel_width" value="0.0049366004100330112"/>
      <property name="pixel_height" value="0.0049366004100330112"/>
      <property name="focal_length" value="29"/>
      <property name="fixed" value="false"/>
    </sensor>
  </sensors>
  <cameras next_id="69" next_group_id="0">
    <camera id="30" label="DSC_0030.JPG" sensor_id="11" enabled="true">
      <transform>8.3965196341228532e-01 -5.2735328443027618e-01 1.2993495964710378e-01 -2.7048757479723227e+00 1.1164842779428544e-01 4.0171894092292182e-01 9.0893152716518211e-01 -9.9504082525284119e+00 -5.3152536055108268e-01 -7.4867910743145916e-01 3.9618226258462813e-01 6.8999662027711093e+00 0.0000000000000000e+00 0.0000000000000000e+00 0.0000000000000000e+00 1.0000000000000000e+00</transform>
    </camera>
    <camera id="31" label="DSC_0031.JPG" sensor_id="11" enabled="true">
      <transform>8.6333572133923553e-01 -5.0424807673809935e-01 1.9629298652514809e-02 -1.2994836731676838e+00 2.0692750782727373e-01 3.8922734163744321e-01 8.9759850881462733e-01 -9.4299428141690491e+00 -4.6025258148548753e-01 -7.7086701422993642e-01 4.4037666560362587e-01 6.2389088117478195e+00 0.0000000000000000e+00 0.0000000000000000e+00 0.0000000000000000e+00 1.0000000000000000e+00</transform>
    </camera>
    <camera id="32" label="DSC_0032.JPG" sensor_id="11" enabled="true">
      <transform>8.8940121740952505e-01 -4.4048196842970627e-01 -1.2223383311811026e-01 2.9862957033356619e-01 3.2035420397404774e-01 4.0984595136049318e-01 8.5404887456723844e-01 -8.8721620330667399e+00 -3.2609608778182081e-01 -7.9875023107458543e-01 5.0562773845160780e-01 5.6873232086935008e+00 0.0000000000000000e+00 0.0000000000000000e+00 0.0000000000000000e+00 1.0000000000000000e+00</transform>
    </camera>
    <camera id="33" label="DSC_0033.JPG" sensor_id="11" enabled="true">
      <transform>8.8968392857795653e-01 -3.9648955849390460e-01 -2.2640348326693588e-01 1.4154205412990020e+00 3.9644880869620175e-01 4.2488590180425517e-01 8.1381835352328280e-01 -8.3438557847875554e+00 -2.2647483152318615e-01 -8.1379850113728591e-01 5.3520197143998915e-01 5.4635438646338210e+00 0.0000000000000000e+00 0.0000000000000000e+00 0.0000000000000000e+00 1.0000000000000000e+00</transform>
    </camera>
    <camera id="34" label="DSC_0034.JPG" sensor_id="11" enabled="true">
      <transform>8.7346204854130727e-01 -3.4303475954713070e-01 -3.4553032211437673e-01 2.7323091183332733e+00 4.7559086778213044e-01 4.4909086241167451e-01 7.5639323356345434e-01 -7.6110524790774310e+00 -1.0429466065078706e-01 -8.2501184903053393e-01 5.5540802363573805e-01 5.3584650206552276e+00 0.0000000000000000e+00 0.0000000000000000e+00 0.0000000000000000e+00 1.0000000000000000e+00</transform>
    </camera>
    <camera id="35" label="DSC_0036.JPG" sensor_id="11" enabled="true">
      <transform>7.7849324311275447e-01 -2.4004322122928307e-01 -5.7993751591844367e-01 5.7397536330868935e+00 6.0355846597442797e-01 5.3985428756838327e-01 5.8674911703779198e-01 -5.9027993651572057e+00 1.7223660638314023e-01 -8.0680642048505213e-01 5.6515303351014257e-01 5.2159232474848212e+00 0.0000000000000000e+00 0.0000000000000000e+00 0.0000000000000000e+00 1.0000000000000000e+00</transform>
    </camera>
    <camera id="36" label="DSC_0037.JPG" sensor_id="11" enabled="true">
      <transform>7.3023103243180310e-01 -2.1182553082085190e-01 -6.4953258868670105e-01 6.6482656309666126e+00 6.3318220451217100e-01 5.6690675408751423e-01 5.2696966521714117e-01 -5.0477756373603446e+00 2.5659878246533074e-01 -7.9608207909889739e-01 5.4809706090699561e-01 5.6088629426505285e+00 0.0000000000000000e+00 0.0000000000000000e+00 0.0000000000000000e+00 1.0000000000000000e+00</transform>
    </camera>
    <camera id="37" label="DSC_0039.JPG" sensor_id="11" enabled="true">
      <transform>5.4537065338439505e-01 -1.3760158520398696e-01 -8.2682323030768057e-01 8.4689905287810827e+00 6.8494956747928648e-01 6.4173551293775777e-01 3.4499220490389543e-01 -2.7896059089204517e+00 4.8313035553255851e-01 -7.5448083818203293e-01 4.4423386226076989e-01 7.1808715448935976e+00 0.0000000000000000e+00 0.0000000000000000e+00 0.0000000000000000e+00 1.0000000000000000e+00</transform>
    </camera>
    <camera id="38" label="DSC_0040.JPG" sensor_id="11" enabled="true">
      <transform>4.2210941394167678e-01 -1.0781234102411769e-01 -9.0011118301280613e-01 9.1524635469198525e+00 6.8861413523058568e-01 6.8390347344890989e-01 2.4101164238506992e-01 -1.5754649022724179e+00 5.8960513517306379e-01 -7.2156256702202581e-01 3.6292319635170422e-01 8.2850103593979085e+00 0.0000000000000000e+00 0.0000000000000000e+00 0.0000000000000000e+00 1.0000000000000000e+00</transform>
    </camera>
    <camera id="39" label="DSC_0041.JPG" sensor_id="11" enabled="true">
      <transform>3.1935221075424702e-01 -8.9422255872690815e-02 -9.4340756072919718e-01 9.4810952722340129e+00 6.7788209039934000e-01 7.1721530520435950e-01 1.6148708151563823e-01 -6.6052704222468073e-01 6.6218580247706615e-01 -6.9109034585592100e-01 2.8966203904299848e-01 9.2446362902215071e+00 0.0000000000000000e+00 0.0000000000000000e+00 0.0000000000000000e+00 1.0000000000000000e+00</transform>
    </camera>
    <camera id="40" label="DSC_0042.JPG" sensor_id="11" enabled="true">
      <transform>-1.5002521106646100e-03 -7.2119048862866297e-02 -9.9739490275152287e-01 9.6739416619474152e+00 5.9908619309216160e-01 7.9853425557768898e-01 -5.8641077030757049e-02 1.1265664256506938e+00 8.0068313488542120e-01 -5.9761349169852374e-01 4.2007523730313745e-02 1.1512806284257515e+01 0.0000000000000000e+00 0.0000000000000000e+00 0.0000000000000000e+00 1.0000000000000000e+00</transform>
    </camera>
    <camera id="41" label="DSC_0043.JPG" sensor_id="11" enabled="true">
      <transform>-1.7921276235072453e-01 -7.8134928341413529e-02 -9.8070266583899157e-01 9.5584224851571502e+00 5.2474696047188296e-01 8.3561063386897727e-01 -1.6246690752459603e-01 1.9012490784969636e+00 8.3217991641600120e-01 -5.4373688631374617e-01 -1.0875102379145421e-01 1.2674667788449717e+01 0.0000000000000000e+00 0.0000000000000000e+00 0.0000000000000000e+00 1.0000000000000000e+00</transform>
    </camera>
    <camera id="42" label="DSC_0044.JPG" sensor_id="11" enabled="true">
      <transform>-3.1825932883693436e-01 -9.3121716275197747e-02 -9.4341896608358788e-01 9.1441009520383325e+00 4.4424465926890377e-01 8.6448259164070052e-01 -2.3519466716155393e-01 2.7694246408417325e+00 8.3747100386778772e-01 -4.9396173405248722e-01 -2.3376082428957212e-01 1.4134527675343893e+01 0.0000000000000000e+00 0.0000000000000000e+00 0.0000000000000000e+00 1.0000000000000000e+00</transform>
    </camera>
    <camera id="43" label="DSC_0045.JPG" sensor_id="11" enabled="true">
      <transform>-4.1889912282112818e-01 -1.0781109416112758e-01 -9.0160983406098105e-01 8.6746762018956751e+00 3.7491398622100192e-01 8.8380501485146779e-01 -2.7987175395040303e-01 3.3107138293382281e+00 8.2702057280068164e-01 -4.5526416913609297e-01 -3.2980525839539798e-01 1.5261010990923520e+01 0.0000000000000000e+00 0.0000000000000000e+00 0.0000000000000000e+00 1.0000000000000000e+00</transform>
    </camera>
    <camera id="44" label="DSC_0046.JPG" sensor_id="11" enabled="true">
      <transform>-5.7918646621129677e-01 -1.4140232319268733e-01 -8.0283772977693391e-01 7.9848327307900115e+00 2.4921671248040647e-01 9.0697682236306232e-01 -3.3953508495685730e-01 3.8190642456242418e+00 7.7616626284458456e-01 -3.9673470568115504e-01 -4.9006887855683967e-01 1.6558807403939490e+01 0.0000000000000000e+00 0.0000000000000000e+00 0.0000000000000000e+00 1.0000000000000000e+00</transform>
    </camera>
    <camera id="45" label="DSC_0047.JPG" sensor_id="11" enabled="true">
      <transform>-7.2228697522076923e-01 -1.8572302486237824e-01 -6.6618952518213614e-01 6.5572247331333884e+00 9.2754587977248157e-02 9.2855073438573377e-01 -3.5943027151435814e-01 4.2280723654115242e+00 6.8534525010070846e-01 -3.2140393853791327e-01 -6.5345343862949756e-01 1.8574746445119914e+01 0.0000000000000000e+00 0.0000000000000000e+00 0.0000000000000000e+00 1.0000000000000000e+00</transform>
    </camera>
    <camera id="46" label="DSC_0048.JPG" sensor_id="11" enabled="true">
      <transform>-8.1424308966197001e-01 -2.3824915828971638e-01 -5.2938221495623627e-01 5.0577338538982364e+00 -3.9224727500543136e-02 9.3239902005290365e-01 -3.5929582262655657e-01 4.3764730224373736e+00 5.7919738577641844e-01 -2.7178926759279431e-01 -7.6854471719681694e-01 2.0033923415306372e+01 0.0000000000000000e+00 0.0000000000000000e+00 0.0000000000000000e+00 1.0000000000000000e+00</transform>
    </camera>
    <camera id="47" label="DSC_0049.JPG" sensor_id="11" enabled="true">
      <transform>-8.5959005210462269e-01 -2.7812238619106255e-01 -4.2866406499980991e-01 3.9341521510964634e+00 -1.2755770514548104e-01 9.2913354738153253e-01 -3.4704449713001811e-01 4.3257821653465136e+00 4.9480700700453939e-01 -2.4363659296090581e-01 -8.3415060773796201e-01 2.0899638779914063e+01 0.0000000000000000e+00 0.0000000000000000e+00 0.0000000000000000e+00 1.0000000000000000e+00</transform>
    </camera>
    <camera id="48" label="DSC_0050.JPG" sensor_id="11" enabled="true">
      <transform>-8.9878325956588268e-01 -3.3531699603934551e-01 -2.8240248669456974e-01 2.2650110799248369e+00 -2.4588971340268739e-01 9.1889558531111892e-01 -3.0849497911389179e-01 3.9935990208989853e+00 3.6294200799421300e-01 -2.0783025637015853e-01 -9.0833896942179171e-01 2.1901946460435745e+01 0.0000000000000000e+00 0.0000000000000000e+00 0.0000000000000000e+00 1.0000000000000000e+00</transform>
    </camera>
    <camera id="49" label="DSC_0051.JPG" sensor_id="11" enabled="true">
      <transform>-9.0993176294174982e-01 -3.8998643735568383e-01 -1.4119052896118917e-01 6.2795989038495925e-01 -3.4722992241727391e-01 9.0246483125546129e-01 -2.5492863574958791e-01 3.4888682632661663e+00 2.2683819732975546e-01 -1.8294208653471014e-01 -9.5659637528401364e-01 2.2637201069956639e+01 0.0000000000000000e+00 0.0000000000000000e+00 0.0000000000000000e+00 1.0000000000000000e+00</transform>
    </camera>
    <camera id="50" label="DSC_0052.JPG" sensor_id="11" enabled="true">
      <transform>-8.9487168664515426e-01 -4.4632339134966492e-01 -3.0785547046834061e-04 -1.0402385798901932e+00 -4.3834217629496264e-01 8.7899891205447078e-01 -1.8766206086487539e-01 2.7979418381988737e+00 8.4028572056490114e-02 -1.6779851888854722e-01 -9.8223360568500051e-01 2.3099338097156085e+01 0.0000000000000000e+00 0.0000000000000000e+00 0.0000000000000000e+00 1.0000000000000000e+00</transform>
    </camera>
    <camera id="51" label="DSC_0053.JPG" sensor_id="11" enabled="true">
      <transform>-8.5319865921845583e-01 -5.0259717601381904e-01 1.3945654007884845e-01 -2.7134836009082735e+00 -5.1725591634291601e-01 8.4969236345354360e-01 -1.0231913065004496e-01 1.8822881923285610e+00 -6.7069851021748991e-02 -1.5943326551151371e-01 -9.8492774807711436e-01 2.3256235128858453e+01 0.0000000000000000e+00 0.0000000000000000e+00 0.0000000000000000e+00 1.0000000000000000e+00</transform>
    </camera>
    <camera id="52" label="DSC_0054.JPG" sensor_id="11" enabled="true">
      <transform>-7.6217653130538010e-01 -5.6961152377273494e-01 3.0761932174784146e-01 -4.8171779890709150e+00 -5.9126832154078912e-01 8.0600591908949126e-01 2.7499642452987499e-02 4.4339101878789045e-01 -2.6360710739590654e-01 -1.6092597794640606e-01 -9.5111204521462978e-01 2.3190982492801176e+01 0.0000000000000000e+00 0.0000000000000000e+00 0.0000000000000000e+00 1.0000000000000000e+00</transform>
      <orientation>1</orientation>
    </camera>
    <camera id="53" label="DSC_0055.JPG" sensor_id="11" enabled="true">
      <transform>-6.4004181711974162e-01 -6.2435513901564033e-01 4.4780255997796559e-01 -6.6509558249471237e+00 -6.2549164765131260e-01 7.6187544651939021e-01 1.6824387866821677e-01 -1.1988641620286709e+00 -4.4621370559016360e-01 -1.7241364324101466e-01 -8.7816106983164244e-01 2.2615897872355443e+01 0.0000000000000000e+00 0.0000000000000000e+00 0.0000000000000000e+00 1.0000000000000000e+00</transform>
      <orientation>1</orientation>
    </camera>
    <camera id="54" label="DSC_0056.JPG" sensor_id="11" enabled="true">
      <transform>-6.8070713432580299e-01 -6.0848732151417395e-01 4.0789824323531904e-01 -6.1292012227355102e+00 -6.1774729429517294e-01 7.7608242441880715e-01 1.2682409431657338e-01 -7.1033282970328671e-01 -3.9373351098039150e-01 -1.6564797030067269e-01 -9.0417623960504589e-01 2.2847341434480807e+01 0.0000000000000000e+00 0.0000000000000000e+00 0.0000000000000000e+00 1.0000000000000000e+00</transform>
      <orientation>1</orientation>
    </camera>
    <camera id="55" label="DSC_0057.JPG" sensor_id="11" enabled="true">
      <transform>-5.3611650326323612e-01 -6.5441704025407943e-01 5.3321424620305402e-01 -7.8388301959916937e+00 -6.2365486655439950e-01 7.3275329855503490e-01 2.7226312802090957e-01 -2.4680587658291149e+00 -5.6888812815158540e-01 -1.8657690339858957e-01 -8.0097150808651041e-01 2.1854331395196713e+01 0.0000000000000000e+00 0.0000000000000000e+00 0.0000000000000000e+00 1.0000000000000000e+00</transform>
      <orientation>1</orientation>
    </camera>
    <camera id="56" label="DSC_0058.JPG" sensor_id="11" enabled="true">
      <transform>-3.5250073052766884e-01 -7.1224623106279772e-01 6.0699962216981618e-01 -8.7106676772627711e+00 -6.7259106137254099e-01 6.4381751753669025e-01 3.6485650367596922e-01 -3.4421377916235247e+00 -6.5066465951303876e-01 -2.7965033604437772e-01 -7.0599659376731261e-01 2.0552469845074178e+01 0.0000000000000000e+00 0.0000000000000000e+00 0.0000000000000000e+00 1.0000000000000000e+00</transform>
      <orientation>1</orientation>
    </camera>
    <camera id="57" label="DSC_0059.JPG" sensor_id="11" enabled="true">
      <transform>-1.7888846778368717e-01 -7.3414617027035711e-01 6.5500253188165014e-01 -9.4394173225325471e+00 -6.3339073435308224e-01 5.9536838218540344e-01 4.9432040937998689e-01 -4.9789774569207257e+00 -7.5287123316651394e-01 -3.2644431404345597e-01 -5.7150591956604424e-01 1.9094733138340438e+01 0.0000000000000000e+00 0.0000000000000000e+00 0.0000000000000000e+00 1.0000000000000000e+00</transform>
      <orientation>1</orientation>
    </camera>
    <camera id="58" label="DSC_0060.JPG" sensor_id="11" enabled="true">
      <transform>4.5528148750351716e-03 -7.4406704049272521e-01 6.6808944844916607e-01 -9.7677555931631908e+00 -5.6946729500453919e-01 5.4725266624089808e-01 6.1336899107506360e-01 -6.4255470413698834e+00 -8.2200138187044847e-01 -3.8324764649587306e-01 -4.2123030477216100e-01 1.7405070545523998e+01 0.0000000000000000e+00 0.0000000000000000e+00 0.0000000000000000e+00 1.0000000000000000e+00</transform>
      <orientation>1</orientation>
    </camera>
    <camera id="59" label="DSC_0061.JPG" sensor_id="11" enabled="true">
      <transform>1.5724121545454844e-01 -7.4291919046543642e-01 6.5065065634375352e-01 -9.7280559342212793e+00 -4.9889410042010313e-01 5.0883736918966882e-01 7.0156197750601701e-01 -7.5368227554131035e+00 -8.5227922462558747e-01 -4.3492023194410911e-01 -2.9062779481200679e-01 1.5903713285579052e+01 0.0000000000000000e+00 0.0000000000000000e+00 0.0000000000000000e+00 1.0000000000000000e+00</transform>
      <orientation>1</orientation>
    </camera>
    <camera id="60" label="DSC_0062.JPG" sensor_id="11" enabled="true">
      <transform>2.7960230548242854e-01 -7.3376107210368779e-01 6.1920694427158762e-01 -9.4819261705145639e+00 -4.3013726106639116e-01 4.8085513729946922e-01 7.6404206270009212e-01 -8.3315028662084245e+00 -8.5837316326363189e-01 -4.7997190125876643e-01 -1.8116977283981775e-01 1.4636718133068076e+01 0.0000000000000000e+00 0.0000000000000000e+00 0.0000000000000000e+00 1.0000000000000000e+00</transform>
      <orientation>1</orientation>
    </camera>
    <camera id="61" label="DSC_0063.JPG" sensor_id="11" enabled="true">
      <transform>3.9031748382637499e-01 -7.1958304510253390e-01 5.7432787066310120e-01 -8.8497610396321598e+00 -3.6355656665647318e-01 4.5265055215723893e-01 8.1420765193696376e-01 -9.1971000643941316e+00 -8.4585984930152858e-01 -5.2660015080961686e-01 -8.4931716731054568e-02 1.2936680021524072e+01 0.0000000000000000e+00 0.0000000000000000e+00 0.0000000000000000e+00 1.0000000000000000e+00</transform>
      <orientation>1</orientation>
    </camera>
    <camera id="62" label="DSC_0064.JPG" sensor_id="11" enabled="true">
      <transform>5.1098767734536454e-01 -6.9472617875528975e-01 5.0620858364241783e-01 -8.0452292195960844e+00 -2.6973352109965154e-01 4.2956017841345751e-01 8.6181313561385353e-01 -9.7984323147714036e+00 -8.1617119600998744e-01 -5.7691731614978570e-01 3.2109019451782760e-02 1.1489908807954629e+01 0.0000000000000000e+00 0.0000000000000000e+00 0.0000000000000000e+00 1.0000000000000000e+00</transform>
      <orientation>1</orientation>
    </camera>
    <camera id="63" label="DSC_0065.JPG" sensor_id="11" enabled="true">
      <transform>6.4999408496609379e-01 -6.4687067689799538e-01 3.9883081234856954e-01 -6.6941196016503177e+00 -1.2857366521395375e-01 4.2364353827444146e-01 8.9665766326495100e-01 -1.0252459348063141e+01 -7.4898364609819135e-01 -6.3410131670565173e-01 1.9219526016428740e-01 9.4590018470190174e+00 0.0000000000000000e+00 0.0000000000000000e+00 0.0000000000000000e+00 1.0000000000000000e+00</transform>
      <orientation>1</orientation>
    </camera>
    <camera id="64" label="DSC_0065.JPG" sensor_id="11" enabled="true">
      <transform>6.4999408496609323e-01 -6.4687067689799549e-01 3.9883081234856965e-01 -6.6941196016505149e+00 -1.2857366521395414e-01 4.2364353827444112e-01 8.9665766326495089e-01 -1.0252459348063155e+01 -7.4898364609819146e-01 -6.3410131670565162e-01 1.9219526016428670e-01 9.4590018470191453e+00 0.0000000000000000e+00 0.0000000000000000e+00 0.0000000000000000e+00 1.0000000000000000e+00</transform>
    </camera>
    <camera id="65" label="DSC_0066.JPG" sensor_id="11" enabled="true">
      <transform>7.4008674469077818e-01 -6.0539134837592457e-01 2.9287015150845785e-01 -4.9825799809974596e+00 -3.4720835846256182e-02 4.0051032991572710e-01 9.1563417323128182e-01 -1.0496111819183321e+01 -6.7161452775468189e-01 -6.8781741104916461e-01 2.7539269265265587e-01 8.0162457962352249e+00 0.0000000000000000e+00 0.0000000000000000e+00 0.0000000000000000e+00 1.0000000000000000e+00</transform>
    </camera>
    <camera id="66" label="DSC_0067.JPG" sensor_id="11" enabled="true">
      <transform>8.4838339586178280e-01 -5.2211482598514258e-01 8.7416944081418840e-02 -2.5074284328178833e+00 1.5892512205258971e-01 4.0870876050406452e-01 8.9872128864726508e-01 -1.0191448777649779e+01 -5.0496378009377962e-01 -7.4856747028824033e-01 4.2971888860005375e-01 6.3020990577356892e+00 0.0000000000000000e+00 0.0000000000000000e+00 0.0000000000000000e+00 1.0000000000000000e+00</transform>
    </camera>
    <camera id="67" label="DSC_0068.JPG" sensor_id="11" enabled="true">
      <transform>8.8801404398335648e-01 -4.5097537714306346e-01 -8.9734424269603374e-02 -3.9085869865009792e-01 3.0217578257118960e-01 4.2525689919452803e-01 8.5313912471234388e-01 -9.5865215217898214e+00 -3.4658455550675454e-01 -7.8471509409347218e-01 5.1390793629409792e-01 5.4126535355398815e+00 0.0000000000000000e+00 0.0000000000000000e+00 0.0000000000000000e+00 1.0000000000000000e+00</transform>
    </camera>
    <camera id="68" label="DSC_0069.JPG" sensor_id="11" enabled="true">
      <transform>8.9167499466620526e-01 -3.9768912600183959e-01 -2.1623844003071208e-01 1.1228948047345999e+00 3.9328948858656487e-01 4.4406708759006486e-01 8.0506384832918432e-01 -8.9537973701377513e+00 -2.2414076392825366e-01 -8.0289960815731543e-01 5.5237047094000979e-01 5.0284460242058779e+00 0.0000000000000000e+00 0.0000000000000000e+00 0.0000000000000000e+00 1.0000000000000000e+00</transform>
    </camera>
    <camera id="0" label="DSC_0182.JPG" sensor_id="7" enabled="true">
      <transform>9.5401324010126243e-01 6.0211871254888520e-02 -2.9365501574377328e-01 2.2268141568224058e+00 -5.6955885240059297e-02 9.9818360280751373e-01 1.9634719828225580e-02 -1.4481313214383965e-01 2.9430386482003967e-01 -2.0064013049358315e-03 9.5570979355963037e-01 4.0948969451114664e-01 0.0000000000000000e+00 0.0000000000000000e+00 0.0000000000000000e+00 1.0000000000000000e+00</transform>
      <orientation>1</orientation>
    </camera>
    <camera id="1" label="DSC_0183.JPG" sensor_id="7" enabled="true">
      <transform>9.9351131628481193e-01 -1.7662810537351342e-02 -1.1235341355714121e-01 8.3907108421039697e-02 1.9661750633836250e-02 9.9966706764434443e-01 1.6708364054288469e-02 -9.1787175923979600e-02 1.1202089080181968e-01 -1.8809013564762760e-02 9.9352782599818878e-01 -1.7025433731274055e-02 0.0000000000000000e+00 0.0000000000000000e+00 0.0000000000000000e+00 1.0000000000000000e+00</transform>
      <orientation>1</orientation>
    </camera>
    <camera id="2" label="DSC_0184.JPG" sensor_id="7" enabled="true">
      <transform>9.9407791542752189e-01 -8.9713618850022978e-02 6.1323442924426402e-02 -1.8698538473791670e+00 8.8300678299966365e-02 9.9577046647030165e-01 2.5380471179309524e-02 -1.4701706932812827e-01 -6.3341047284035570e-02 -1.9815264276580185e-02 9.9779520295029023e-01 -9.3528470342642514e-02 0.0000000000000000e+00 0.0000000000000000e+00 0.0000000000000000e+00 1.0000000000000000e+00</transform>
      <orientation>1</orientation>
    </camera>
    <camera id="3" label="DSC_0185.JPG" sensor_id="7" enabled="true">
      <transform>9.6200893444259516e-01 -1.5442330474944899e-01 2.2514940151570775e-01 -3.7813005925926166e+00 1.4868655430330324e-01 9.8797826068000882e-01 4.2323338633848961e-02 -3.4290649779813126e-01 -2.2897842392250287e-01 -7.2387411863806504e-03 9.7340458289654830e-01 1.3583493105735309e-01 0.0000000000000000e+00 0.0000000000000000e+00 0.0000000000000000e+00 1.0000000000000000e+00</transform>
      <orientation>1</orientation>
    </camera>
    <camera id="4" label="DSC_0186.JPG" sensor_id="7" enabled="true">
      <transform>8.8381125411785888e-01 -2.2867061152968290e-01 4.0815122015897271e-01 -5.9530944548395039e+00 2.1655120881025572e-01 9.7327969373250045e-01 7.6368918617374992e-02 -7.2576932060149668e-01 -4.1470862187496699e-01 2.0889930363959527e-02 9.0971444407130009e-01 8.2776774246778184e-01 0.0000000000000000e+00 0.0000000000000000e+00 0.0000000000000000e+00 1.0000000000000000e+00</transform>
      <orientation>1</orientation>
    </camera>
    <camera id="5" label="DSC_0187.JPG" sensor_id="7" enabled="true">
      <transform>7.7536674985205667e-01 -2.8968570906287450e-01 5.6114935016321454e-01 -7.7682505410994800e+00 2.7121819453719320e-01 9.5521279294108941e-01 1.1836051349022086e-01 -1.1981147762975255e+00 -5.7030438730194200e-01 6.0421106961253163e-02 8.1920827367509741e-01 1.8426709400657908e+00 0.0000000000000000e+00 0.0000000000000000e+00 0.0000000000000000e+00 1.0000000000000000e+00</transform>
      <orientation>1</orientation>
    </camera>
    <camera id="6" label="DSC_0188.JPG" sensor_id="7" enabled="true">
      <transform>6.3345271791768765e-01 -3.4613127682601130e-01 6.9204825941944936e-01 -9.4867672840819282e+00 3.1893919547356986e-01 9.3165885653244418e-01 1.7403897447218711e-01 -1.9225520259900266e+00 -7.0499322248754026e-01 1.1047585368510962e-01 7.0055666580168929e-01 3.3492534737901920e+00 0.0000000000000000e+00 0.0000000000000000e+00 0.0000000000000000e+00 1.0000000000000000e+00</transform>
      <orientation>1</orientation>
    </camera>
    <camera id="7" label="DSC_0189.JPG" sensor_id="7" enabled="true">
      <transform>4.9511850989282757e-01 -3.7889935499465999e-01 7.8185224943472331e-01 -1.0538078544435612e+01 3.4539285456359547e-01 9.1156896480140248e-01 2.2303766145498949e-01 -2.4964428390234343e+00 -7.9722107170967149e-01 1.5961610568965201e-01 5.8220379733092842e-01 4.7353702054457179e+00 0.0000000000000000e+00 0.0000000000000000e+00 0.0000000000000000e+00 1.0000000000000000e+00</transform>
      <orientation>1</orientation>
    </camera>
    <camera id="8" label="DSC_0190.JPG" sensor_id="7" enabled="true">
      <transform>3.1851615554069518e-01 -4.0564856801483956e-01 8.5673607250254491e-01 -1.1422470846633875e+01 3.6608241491025889e-01 8.8632853941677958e-01 2.8355843438133044e-01 -3.1946704273487643e+00 -8.7437470466216538e-01 2.2331806797218245e-01 4.3081076630479304e-01 6.5047088749794062e+00 0.0000000000000000e+00 0.0000000000000000e+00 0.0000000000000000e+00 1.0000000000000000e+00</transform>
      <orientation>1</orientation>
    </camera>
    <camera id="9" label="DSC_0191.JPG" sensor_id="7" enabled="true">
      <transform>1.5780953066620867e-01 -4.1708003025071055e-01 8.9506446717372112e-01 -1.1908216944083353e+01 3.7880955216257578e-01 8.6264396783086139e-01 3.3518458788467054e-01 -3.9161726330508535e+00 -9.1192076148166490e-01 2.8616364746608536e-01 2.9412733917064948e-01 8.3988328641373773e+00 0.0000000000000000e+00 0.0000000000000000e+00 0.0000000000000000e+00 1.0000000000000000e+00</transform>
      <orientation>1</orientation>
    </camera>
    <camera id="10" label="DSC_0192.JPG" sensor_id="7" enabled="true">
      <transform>-1.8712730054853535e-02 -4.1993078713244397e-01 9.0736319506150354e-01 -1.1995614090227699e+01 3.7618160771166537e-01 8.3787956077680070e-01 3.9553159121863096e-01 -4.6022510414027842e+00 -9.2635696777935483e-01 3.4873482139127071e-01 1.4229122459181237e-01 1.0168350286393235e+01 0.0000000000000000e+00 0.0000000000000000e+00 0.0000000000000000e+00 1.0000000000000000e+00</transform>
      <orientation>1</orientation>
    </camera>
    <camera id="11" label="DSC_0193.JPG" sensor_id="7" enabled="true">
      <transform>-2.1000425541902870e-01 -4.0693286482529195e-01 8.8899035778290658e-01 -1.1716277520269072e+01 3.6172004909520067e-01 8.1241040828108435e-01 4.5732694497386389e-01 -5.3000229191744870e+00 -9.0832638340437133e-01 4.1760624042468836e-01 -2.3413867042682945e-02 1.2095853446637651e+01 0.0000000000000000e+00 0.0000000000000000e+00 0.0000000000000000e+00 1.0000000000000000e+00</transform>
      <orientation>1</orientation>
    </camera>
    <camera id="12" label="DSC_0194.JPG" sensor_id="7" enabled="true">
      <transform>-3.9112320695910296e-01 -3.8789565814231874e-01 8.3460145900445448e-01 -1.1119751903722833e+01 3.3203133253258832e-01 7.8629823417566402e-01 5.2104729262214422e-01 -6.0811777707408696e+00 -8.5835763595057546e-01 4.8090752263462255e-01 -1.7874597472046608e-01 1.3907706634633371e+01 0.0000000000000000e+00 0.0000000000000000e+00 0.0000000000000000e+00 1.0000000000000000e+00</transform>
      <orientation>1</orientation>
    </camera>
    <camera id="13" label="DSC_0195.JPG" sensor_id="7" enabled="true">
      <transform>-6.1142585798829185e-01 -3.3345947776023782e-01 7.1760936231012940e-01 -9.6852697796106977e+00 2.7426199357272624e-01 7.6135562324758255e-01 5.8746742363368443e-01 -6.8488235990632891e+00 -7.4225250357596972e-01 5.5600574784902579e-01 -3.7405725403212098e-01 1.6136984296081714e+01 0.0000000000000000e+00 0.0000000000000000e+00 0.0000000000000000e+00 1.0000000000000000e+00</transform>
      <orientation>1</orientation>
    </camera>
    <camera id="14" label="DSC_0196.JPG" sensor_id="7" enabled="true">
      <transform>-7.8340655952777527e-01 -2.6853355460511813e-01 5.6050324935721307e-01 -7.7938048800172757e+00 2.0232279225905944e-01 7.4253036809321282e-01 6.3852497225390814e-01 -7.4624862608914020e+00 -5.8765606456613018e-01 6.1362723416622966e-01 -5.2737270242983880e-01 1.7917730198025907e+01 0.0000000000000000e+00 0.0000000000000000e+00 0.0000000000000000e+00 1.0000000000000000e+00</transform>
      <orientation>1</orientation>
    </camera>
    <camera id="15" label="DSC_0197.JPG" sensor_id="7" enabled="true">
      <transform>-9.0876078998476228e-01 -1.7931266019987424e-01 3.7682993044384799e-01 -5.6068287338542167e+00 1.3483450579043876e-01 7.2838854235467942e-01 6.7176617019218310e-01 -7.8004942496460377e+00 -3.9493478276105159e-01 6.6128443294732819e-01 -6.3775341324606916e-01 1.9124936518798417e+01 0.0000000000000000e+00 0.0000000000000000e+00 0.0000000000000000e+00 1.0000000000000000e+00</transform>
      <orientation>1</orientation>
    </camera>
    <camera id="16" label="DSC_0198.JPG" sensor_id="7" enabled="true">
      <transform>-9.7427142465898042e-01 -1.0462476621541977e-01 1.9962176581557761e-01 -3.5177474811843887e+00 6.3329190739892904e-02 7.2294949593073565e-01 6.8799232549042666e-01 -7.9519830905860243e+00 -2.1629749118561409e-01 6.8293314799317184e-01 -6.9772323358115684e-01 1.9771046408883326e+01 0.0000000000000000e+00 0.0000000000000000e+00 0.0000000000000000e+00 1.0000000000000000e+00</transform>
      <orientation>1</orientation>
    </camera>
    <camera id="17" label="DSC_0199.JPG" sensor_id="7" enabled="true">
      <transform>-9.9890720101299502e-01 -3.7016972874530617e-02 2.8533269766890912e-02 -1.5224481667314451e+00 -7.1516286293348778e-03 7.2436898843083208e-01 6.8937538598911530e-01 -7.9557283478335252e+00 -4.6187205721194960e-02 6.8841797791668691e-01 -7.2384213037703748e-01 2.0038171215609115e+01 0.0000000000000000e+00 0.0000000000000000e+00 0.0000000000000000e+00 1.0000000000000000e+00</transform>
      <orientation>1</orientation>
    </camera>
    <camera id="18" label="DSC_0200.JPG" sensor_id="7" enabled="true">
      <transform>-9.8657962477233530e-01 3.7935705659438511e-02 -1.5881286541146000e-01 6.5246571676135490e-01 -8.1080981425255078e-02 7.3042018396047514e-01 6.7816828981769972e-01 -7.8071060325174395e+00 1.4172691499921780e-01 6.8194371989136071e-01 -7.1754180677193846e-01 1.9914396042931315e+01 0.0000000000000000e+00 0.0000000000000000e+00 0.0000000000000000e+00 1.0000000000000000e+00</transform>
      <orientation>1</orientation>
    </camera>
    <camera id="19" label="DSC_0201.JPG" sensor_id="7" enabled="true">
      <transform>-9.4228271258159624e-01 1.0089672309568612e-01 -3.1925403809258451e-01 2.5067835101386025e+00 -1.4348541549250293e-01 7.3983073804881794e-01 6.5731454767035580e-01 -7.5506947036160330e+00 3.0251483453016442e-01 6.6518443330154164e-01 -6.8265250646466846e-01 1.9474494698888162e+01 0.0000000000000000e+00 0.0000000000000000e+00 0.0000000000000000e+00 1.0000000000000000e+00</transform>
      <orientation>1</orientation>
    </camera>
    <camera id="20" label="DSC_0202.JPG" sensor_id="7" enabled="true">
      <transform>-8.5265444034108373e-01 1.6823373805975436e-01 -4.9464918350794346e-01 4.5626132753219437e+00 -2.0859932995922811e-01 7.5839750911821291e-01 6.1751075918064091e-01 -7.0653057863814697e+00 4.7902685196885803e-01 6.2970677901840333e-01 -6.1155755865746053e-01 1.8578959170092645e+01 0.0000000000000000e+00 0.0000000000000000e+00 0.0000000000000000e+00 1.0000000000000000e+00</transform>
      <orientation>1</orientation>
    </camera>
    <camera id="21" label="DSC_0203.JPG" sensor_id="7" enabled="true">
      <transform>-7.5647060473387739e-01 2.1578459952008555e-01 -6.1740524032722477e-01 6.0430090769096010e+00 -2.4856709810718830e-01 7.7831413968434648e-01 5.7657739957961152e-01 -6.5701801505044184e+00 6.0495175172251003e-01 5.8963048308018462e-01 -5.3513481620101566e-01 1.7573651601274982e+01 0.0000000000000000e+00 0.0000000000000000e+00 0.0000000000000000e+00 1.0000000000000000e+00</transform>
      <orientation>1</orientation>
    </camera>
    <camera id="22" label="DSC_0204.JPG" sensor_id="7" enabled="true">
      <transform>-5.8429199473564464e-01 2.6989820553966615e-01 -7.6534817144506828e-01 7.9587836415925235e+00 -2.9460427374194909e-01 8.0820114566333934e-01 5.0992080761765812e-01 -5.6523146875002812e+00 7.5618197993658920e-01 5.2341748804843535e-01 -3.9271229471999719e-01 1.5487958167680084e+01 0.0000000000000000e+00 0.0000000000000000e+00 0.0000000000000000e+00 1.0000000000000000e+00</transform>
      <orientation>1</orientation>
    </camera>
    <camera id="23" label="DSC_0205.JPG" sensor_id="7" enabled="true">
      <transform>-3.8130139275462077e-01 3.0806510460515868e-01 -8.7161065803947069e-01 9.0076223462945002e+00 -3.2506472948029475e-01 8.3795081645003089e-01 4.3837352892097647e-01 -4.7738671369745820e+00 8.6541444957389602e-01 4.5048231989206855e-01 -2.1937071348147361e-01 1.3419265712738051e+01 0.0000000000000000e+00 0.0000000000000000e+00 0.0000000000000000e+00 1.0000000000000000e+00</transform>
      <orientation>1</orientation>
    </camera>
    <camera id="24" label="DSC_0206.JPG" sensor_id="7" enabled="true">
      <transform>-1.1877545425406456e-01 3.2944947883251785e-01 -9.3667253208563939e-01 9.5350307935661931e+00 -3.3903619455606870e-01 8.7319733491911500e-01 3.5011551389662054e-01 -3.7201308311048931e+00 9.3324533229354023e-01 3.5915102002797872e-01 7.9808874934005347e-03 1.0751167008938419e+01 0.0000000000000000e+00 0.0000000000000000e+00 0.0000000000000000e+00 1.0000000000000000e+00</transform>
      <orientation>1</orientation>
    </camera>
    <camera id="25" label="DSC_0207.JPG" sensor_id="7" enabled="true">
      <transform>9.5034977392156064e-02 3.2532545024912890e-01 -9.4081438365507264e-01 9.4002273190310444e+00 -3.2976717356897783e-01 9.0201785311850458e-01 2.7859900195767362e-01 -2.9090174195715739e+00 9.3926671627839564e-01 2.8377305029844846e-01 1.9300490049714855e-01 8.6040241967932722e+00 0.0000000000000000e+00 0.0000000000000000e+00 0.0000000000000000e+00 1.0000000000000000e+00</transform>
      <orientation>1</orientation>
    </camera>
    <camera id="26" label="DSC_0210.JPG" sensor_id="7" enabled="true">
      <transform>4.1424339053100800e-01 2.8677855141529185e-01 -8.6380580910846039e-01 8.2565941660244331e+00 -2.8715336091419930e-01 9.4177129723231623e-01 1.7495648323237420e-01 -1.7550372740999189e+00 8.6368128422297930e-01 1.7557017445314346e-01 4.7247196014730691e-01 5.4105013802766830e+00 0.0000000000000000e+00 0.0000000000000000e+00 0.0000000000000000e+00 1.0000000000000000e+00</transform>
      <orientation>1</orientation>
    </camera>
    <camera id="27" label="DSC_0211.JPG" sensor_id="7" enabled="true">
      <transform>6.2975599375320712e-01 2.3075166622354484e-01 -7.4172842527906957e-01 6.6689585914424168e+00 -2.2811963552065692e-01 9.6769501950118997e-01 1.0736750496548868e-01 -1.0058311631858157e+00 7.4254213363406729e-01 1.0158748824362844e-01 6.6205072465070036e-01 3.3026149556759852e+00 0.0000000000000000e+00 0.0000000000000000e+00 0.0000000000000000e+00 1.0000000000000000e+00</transform>
      <orientation>1</orientation>
    </camera>
    <camera id="28" label="DSC_0212.JPG" sensor_id="7" enabled="true">
      <transform>8.1822636196952969e-01 1.5022542416745019e-01 -5.5492156428797923e-01 4.3628052981499286e+00 -1.4672156055681093e-01 9.8785767671532310e-01 5.1088102552142911e-02 -4.2930110928269005e-01 5.5585825913256182e-01 3.9617325607792853e-02 8.3033250163160777e-01 1.4901411946260179e+00 0.0000000000000000e+00 0.0000000000000000e+00 0.0000000000000000e+00 1.0000000000000000e+00</transform>
      <orientation>1</orientation>
    </camera>
    <camera id="29" label="DSC_0214.JPG" sensor_id="7" enabled="true">
      <transform>9.7275504169001892e-01 1.6449333271835696e-02 -2.3125105037936927e-01 9.1909754479399153e-01 -1.2181925464636008e-02 9.9972836554762634e-01 1.9869469329743240e-02 -1.4777600481677469e-01 2.3151507414987810e-01 -1.6511043406872677e-02 9.7269119245883628e-01 1.2487701991968675e-01 0.0000000000000000e+00 0.0000000000000000e+00 0.0000000000000000e+00 1.0000000000000000e+00</transform>
      <orientation>1</orientation>
    </camera>
  </cameras>
  <markers next_id="15">
    <marker id="0" label="6"/>
    <marker id="2" label="8"/>
    <marker id="9" label="BL"/>
    <marker id="14" label="BL"/>
    <marker id="1" label="Centre6"/>
    <marker id="5" label="LWB"/>
    <marker id="11" label="LWB"/>
    <marker id="4" label="LWT"/>
    <marker id="10" label="LWT"/>
    <marker id="8" label="LeftSun"/>
    <marker id="3" label="Middle6"/>
    <marker id="6" label="RWB"/>
    <marker id="13" label="RWB"/>
    <marker id="7" label="RWT"/>
    <marker id="12" label="RWT"/>
  </markers>
  <frames next_id="1">
    <frame id="0" path="0/frame.zip"/>
  </frames>
  <transform>
    <rotation>-4.3339363823183408e-01 4.5127582324602655e-01 -7.8007697421074973e-01 2.8841279389129143e-01 -7.5061644904060987e-01 -5.9446867600360709e-01 -8.5380794951791927e-01 -4.8262312189045220e-01 1.9515867276839025e-01</rotation>
    <translation>1.1792013004363405e+01 8.7838249424137960e+00 7.8985151706661316e+00</translation>
    <scale>1.0973199081276883e+00</scale>
  </transform>
  <reference>LOCAL_CS["Local Coordinates (m)",LOCAL_DATUM["Local Datum",0],UNIT["metre",1,AUTHORITY["EPSG","9001"]]]</reference>
  <region>
    <center>-1.4833172361352012e+00 2.8905706739175363e-01 1.1294104839661921e+01</center>
    <size>5.3185266137123115e+00 2.4609072804450989e+00 8.4699313759803765e+00</size>
    <R>-8.8603295290597711e-02 -2.3469230199129787e-01 -9.6802323290800862e-01 5.1299263289413144e-01 -8.4379763308671296e-01 1.5762015414790051e-01 -8.5380794951791950e-01 -4.8262312189045237e-01 1.9515867276838994e-01</R>
  </region>
  <settings>
    <property name="accuracy_tiepoints" value="1"/>
    <property name="accuracy_cameras" value="10"/>
    <property name="accuracy_cameras_ypr" value="2"/>
    <property name="accuracy_markers" value="0.0050000000000000001"/>
    <property name="accuracy_scalebars" value="0.001"/>
    <property name="accuracy_projections" value="0.10000000000000001"/>
  </settings>
</chunk>
