<?xml version="1.0" encoding="UTF-8"?>
<chunk label="Merged Chunk" enabled="true">
  <sensors next_id="20">
    <sensor id="0" label="NIKON D3000 (48 mm)" type="frame">
      <resolution width="3872" height="2592"/>
      <property name="pixel_width" value="0.0061904649606179677"/>
      <property name="pixel_height" value="0.0061904649606179677"/>
      <property name="focal_length" value="48"/>
      <property name="fixed" value="false"/>
    </sensor>
    <sensor id="1" label="NIKON D3000 (28 mm)" type="frame">
      <resolution width="3872" height="2592"/>
      <property name="pixel_width" value="0.0061904649606179677"/>
      <property name="pixel_height" value="0.0061904649606179677"/>
      <property name="focal_length" value="28"/>
      <property name="fixed" value="false"/>
    </sensor>
    <sensor id="2" label="NIKON D3000 (20 mm)" type="frame">
      <resolution width="3872" height="2592"/>
      <property name="pixel_width" value="0.0061904649606179668"/>
      <property name="pixel_height" value="0.0061904649606179668"/>
      <property name="focal_length" value="20"/>
      <property name="fixed" value="false"/>
    </sensor>
    <sensor id="3" label="NIKON D3000 (24 mm)" type="frame">
      <resolution width="3872" height="2592"/>
      <property name="pixel_width" value="0.0061904649606179677"/>
      <property name="pixel_height" value="0.0061904649606179677"/>
      <property name="focal_length" value="24"/>
      <property name="fixed" value="false"/>
    </sensor>
    <sensor id="4" label="NIKON D3000 (32 mm)" type="frame">
      <resolution width="3872" height="2592"/>
      <property name="pixel_width" value="0.0061904649606179668"/>
      <property name="pixel_height" value="0.0061904649606179668"/>
      <property name="focal_length" value="32"/>
      <property name="fixed" value="false"/>
    </sensor>
    <sensor id="5" label="NIKON D3000 (18 mm)" type="frame">
      <resolution width="3872" height="2592"/>
      <property name="pixel_width" value="0.0061904649606179677"/>
      <property name="pixel_height" value="0.0061904649606179677"/>
      <property name="focal_length" value="18"/>
      <property name="fixed" value="false"/>
    </sensor>
    <sensor id="6" label="NIKON D3000 (29 mm)" type="frame">
      <resolution width="3872" height="2592"/>
      <property name="pixel_width" value="0.0062624471113228268"/>
      <property name="pixel_height" value="0.0062624471113228268"/>
      <property name="focal_length" value="29"/>
      <property name="fixed" value="false"/>
    </sensor>
    <sensor id="7" label="NIKON D3000 (30 mm)" type="frame">
      <resolution width="3872" height="2592"/>
      <property name="pixel_width" value="0.0061904649606179677"/>
      <property name="pixel_height" value="0.0061904649606179677"/>
      <property name="focal_length" value="30"/>
      <property name="fixed" value="false"/>
      <calibration type="frame" class="adjusted">
        <resolution width="3872" height="2592"/>
        <fx>4846.1626373546633</fx>
        <fy>4846.1626373546633</fy>
        <cx>1936</cx>
        <cy>1296</cy>
      </calibration>
    </sensor>
    <sensor id="8" label="NIKON D3000 (26 mm)" type="frame">
      <resolution width="3872" height="2592"/>
      <property name="pixel_width" value="0.0061904649606179677"/>
      <property name="pixel_height" value="0.0061904649606179677"/>
      <property name="focal_length" value="26"/>
      <property name="fixed" value="false"/>
    </sensor>
    <sensor id="9" label="NIKON D3000 (55 mm)" type="frame">
      <resolution width="3872" height="2592"/>
      <property name="pixel_width" value="0.0062282116981827104"/>
      <property name="pixel_height" value="0.0062282116981827104"/>
      <property name="focal_length" value="55"/>
      <property name="fixed" value="false"/>
    </sensor>
    <sensor id="10" label="NIKON D3000 (40 mm)" type="frame">
      <resolution width="3872" height="2592"/>
      <property name="pixel_width" value="0.0061904649606179668"/>
      <property name="pixel_height" value="0.0061904649606179668"/>
      <property name="focal_length" value="40"/>
      <property name="fixed" value="false"/>
    </sensor>
    <sensor id="11" label="NIKON D3000 (30 mm)" type="frame">
      <resolution width="3872" height="2592"/>
      <property name="pixel_width" value="0.0061904649606179677"/>
      <property name="pixel_height" value="0.0061904649606179677"/>
      <property name="focal_length" value="30"/>
      <property name="fixed" value="false"/>
      <calibration type="frame" class="adjusted">
        <resolution width="3872" height="2592"/>
        <fx>4846.1626373546633</fx>
        <fy>4846.1626373546633</fy>
        <cx>1936</cx>
        <cy>1296</cy>
      </calibration>
    </sensor>
    <sensor id="12" label="NIKON D3000 (20 mm)" type="frame">
      <resolution width="3872" height="2592"/>
      <property name="pixel_width" value="0.0061904649606179668"/>
      <property name="pixel_height" value="0.0061904649606179668"/>
      <property name="focal_length" value="20"/>
      <property name="fixed" value="false"/>
    </sensor>
    <sensor id="13" label="NIKON D3000 (24 mm)" type="frame">
      <resolution width="3872" height="2592"/>
      <property name="pixel_width" value="0.0061904649606179677"/>
      <property name="pixel_height" value="0.0061904649606179677"/>
      <property name="focal_length" value="24"/>
      <property name="fixed" value="false"/>
    </sensor>
    <sensor id="14" label="NIKON D3000 (32 mm)" type="frame">
      <resolution width="3872" height="2592"/>
      <property name="pixel_width" value="0.0061904649606179668"/>
      <property name="pixel_height" value="0.0061904649606179668"/>
      <property name="focal_length" value="32"/>
      <property name="fixed" value="false"/>
    </sensor>
    <sensor id="15" label="NIKON D3000 (18 mm)" type="frame">
      <resolution width="3872" height="2592"/>
      <property name="pixel_width" value="0.0061904649606179677"/>
      <property name="pixel_height" value="0.0061904649606179677"/>
      <property name="focal_length" value="18"/>
      <property name="fixed" value="false"/>
    </sensor>
    <sensor id="16" label="NIKON D3000 (29 mm)" type="frame">
      <resolution width="3872" height="2592"/>
      <property name="pixel_width" value="0.0062624471113228268"/>
      <property name="pixel_height" value="0.0062624471113228268"/>
      <property name="focal_length" value="29"/>
      <property name="fixed" value="false"/>
    </sensor>
    <sensor id="17" label="NIKON D5100 (29 mm)" type="frame">
      <resolution width="4928" height="3264"/>
      <property name="pixel_width" value="0.0049366004100330112"/>
      <property name="pixel_height" value="0.0049366004100330112"/>
      <property name="focal_length" value="29"/>
      <property name="fixed" value="false"/>
    </sensor>
    <sensor id="18" label="NIKON D3000 (30 mm)" type="frame">
      <resolution width="3872" height="2592"/>
      <property name="pixel_width" value="0.0061904649606179677"/>
      <property name="pixel_height" value="0.0061904649606179677"/>
      <property name="focal_length" value="30"/>
      <property name="fixed" value="false"/>
      <calibration type="frame" class="adjusted">
        <resolution width="3872" height="2592"/>
        <fx>4846.1626373546633</fx>
        <fy>4846.1626373546633</fy>
        <cx>1936</cx>
        <cy>1296</cy>
      </calibration>
    </sensor>
    <sensor id="19" label="NIKON D3000 (30 mm)" type="frame">
      <resolution width="3872" height="2592"/>
      <property name="pixel_width" value="0.0061904649606179677"/>
      <property name="pixel_height" value="0.0061904649606179677"/>
      <property name="focal_length" value="30"/>
      <property name="fixed" value="false"/>
      <calibration type="frame" class="adjusted">
        <resolution width="3872" height="2592"/>
        <fx>4846.1626373546633</fx>
        <fy>4846.1626373546633</fy>
        <cx>1936</cx>
        <cy>1296</cy>
      </calibration>
    </sensor>
  </sensors>
  <cameras next_id="171" next_group_id="0">
    <camera id="30" label="DSC_0030.JPG" sensor_id="11" enabled="true">
      <transform>8.5325240655247159e-01 -5.1628534151228078e-01 7.3551185251926332e-02 -2.0511721812562183e+00 1.2174566803886919e-01 3.3434486239983802e-01 9.3455417462049939e-01 -1.0035357901642346e+01 -5.0708808211807255e-01 -7.8845606036505356e-01 3.4813606226220517e-01 7.5009578330662494e+00 0.0000000000000000e+00 0.0000000000000000e+00 0.0000000000000000e+00 1.0000000000000000e+00</transform>
    </camera>
    <camera id="31" label="DSC_0031.JPG" sensor_id="11" enabled="true">
      <transform>8.6988229915258297e-01 -4.9181484809930609e-01 -3.7721887679077387e-02 -6.6835556411692432e-01 2.2182959416362880e-01 3.2175474557000128e-01 9.2047026831744194e-01 -9.4946885388695499e+00 -4.4056374881986848e-01 -8.0906862434050697e-01 3.8898784599720287e-01 6.8711305559000913e+00 0.0000000000000000e+00 0.0000000000000000e+00 0.0000000000000000e+00 1.0000000000000000e+00</transform>
    </camera>
    <camera id="32" label="DSC_0032.JPG" sensor_id="11" enabled="true">
      <transform>8.8568760230408938e-01 -4.2803812372553252e-01 -1.7983557980099174e-01 8.9814601077825040e-01 3.4359861846113882e-01 3.4379738545983107e-01 8.7392410834269874e-01 -8.9024390332418371e+00 -3.1224583346528401e-01 -8.3581500488356286e-01 4.5157038996712356e-01 6.3534491468018031e+00 0.0000000000000000e+00 0.0000000000000000e+00 0.0000000000000000e+00 1.0000000000000000e+00</transform>
    </camera>
    <camera id="33" label="DSC_0033.JPG" sensor_id="11" enabled="true">
      <transform>8.7875290807346862e-01 -3.8423384897969359e-01 -2.8312130942525682e-01 1.9806437443953313e+00 4.2500671121088007e-01 3.6004892903374741e-01 8.3050229628060823e-01 -8.3437435057992921e+00 -2.1716956964117595e-01 -8.5013476461082427e-01 4.7969600792790101e-01 6.1427575727355199e+00 0.0000000000000000e+00 0.0000000000000000e+00 0.0000000000000000e+00 1.0000000000000000e+00</transform>
    </camera>
    <camera id="34" label="DSC_0034.JPG" sensor_id="11" enabled="true">
      <transform>8.5435045776601681e-01 -3.3154387775574162e-01 -4.0020488807320115e-01 3.2462785145933157e+00 5.0991873734792836e-01 3.8610091750722264e-01 7.6870603145908467e-01 -7.5684454177941838e+00 -1.0034030404823374e-01 -8.6081632107132278e-01 4.9892593113681843e-01 6.0441644179985898e+00 0.0000000000000000e+00 0.0000000000000000e+00 0.0000000000000000e+00 1.0000000000000000e+00</transform>
    </camera>
    <camera id="35" label="DSC_0036.JPG" sensor_id="11" enabled="true">
      <transform>7.4328459038458339e-01 -2.3353118508076881e-01 -6.2689010463684458e-01 6.1314928405232374e+00 6.4832346906421678e-01 4.8250468293030391e-01 5.8895323278751643e-01 -5.7584706923689426e+00 1.6493846475992710e-01 -8.4418742974833427e-01 5.1004204365673589e-01 5.9127763545678471e+00 0.0000000000000000e+00 0.0000000000000000e+00 0.0000000000000000e+00 1.0000000000000000e+00</transform>
    </camera>
    <camera id="36" label="DSC_0037.JPG" sensor_id="11" enabled="true">
      <transform>6.9057161491584051e-01 -2.0699369373726789e-01 -6.9301115101095612e-01 6.9717153850387907e+00 6.8024310529666132e-01 5.1141350371941730e-01 5.2509574927796265e-01 -4.8551025341892435e+00 2.4572375214635545e-01 -8.3403227693323223e-01 4.9397368215795145e-01 6.2824237470402036e+00 0.0000000000000000e+00 0.0000000000000000e+00 0.0000000000000000e+00 1.0000000000000000e+00</transform>
    </camera>
    <camera id="37" label="DSC_0039.JPG" sensor_id="11" enabled="true">
      <transform>4.9511422466297805e-01 -1.3786246768080118e-01 -8.5782040343030896e-01 8.6020576753209141e+00 7.3563293783252459e-01 5.9185508299301648e-01 3.2947191308398127e-01 -2.4671759064286212e+00 4.6228355509607638e-01 -7.9416717430292316e-01 3.9445204264579914e-01 7.7634391657989275e+00 0.0000000000000000e+00 0.0000000000000000e+00 0.0000000000000000e+00 1.0000000000000000e+00</transform>
    </camera>
    <camera id="38" label="DSC_0040.JPG" sensor_id="11" enabled="true">
      <transform>3.6787146871068066e-01 -1.1128077658059354e-01 -9.2319400521898243e-01 9.1785652151453228e+00 7.3933309535937553e-01 6.3713943098924564e-01 2.1780706963968050e-01 -1.1829612917019503e+00 5.6396556332365821e-01 -7.6267288809968870e-01 3.1665897925482650e-01 8.8038474226023116e+00 0.0000000000000000e+00 0.0000000000000000e+00 0.0000000000000000e+00 1.0000000000000000e+00</transform>
    </camera>
    <camera id="39" label="DSC_0041.JPG" sensor_id="11" enabled="true">
      <transform>2.6303195825333048e-01 -9.5584736857121100e-02 -9.6004049238423961e-01 9.4250203136699149e+00 7.2777355091726059e-01 6.7291641734158747e-01 1.3239771092222036e-01 -2.1696927820920564e-01 6.3337180827907047e-01 -7.3351690733896335e-01 2.4656256635017215e-01 9.7067352457631486e+00 0.0000000000000000e+00 0.0000000000000000e+00 0.0000000000000000e+00 1.0000000000000000e+00</transform>
    </camera>
    <camera id="40" label="DSC_0042.JPG" sensor_id="11" enabled="true">
      <transform>-5.8935562055291990e-02 -8.5532600476705967e-02 -9.9459075693519250e-01 9.4503495894113492e+00 6.4164669143674824e-01 7.6000139300834801e-01 -1.0337991097716004e-01 1.6703282037060454e+00 7.6473271336690007e-01 -6.4426862167970222e-01 1.0090600846107828e-02 1.1841574199086381e+01 0.0000000000000000e+00 0.0000000000000000e+00 0.0000000000000000e+00 1.0000000000000000e+00</transform>
    </camera>
    <camera id="41" label="DSC_0043.JPG" sensor_id="11" enabled="true">
      <transform>-2.3416412997300595e-01 -9.5256392858592859e-02 -9.6751918836452788e-01 9.2589570401814605e+00 5.6083136494058783e-01 7.9967016685489178e-01 -2.1446632449209199e-01 2.4888811173252687e+00 7.9412551925552843e-01 -5.9283542729988692e-01 -1.3383129606074265e-01 1.2935587276308194e+01 0.0000000000000000e+00 0.0000000000000000e+00 0.0000000000000000e+00 1.0000000000000000e+00</transform>
    </camera>
    <camera id="42" label="DSC_0044.JPG" sensor_id="11" enabled="true">
      <transform>-3.6952309107679204e-01 -1.1340866846190625e-01 -9.2227499102965516e-01 8.7585907398879126e+00 4.7425240766792531e-01 8.3050508697144176e-01 -2.9214029906148697e-01 3.4015236459794469e+00 7.9908531395729521e-01 -5.4534372136502718e-01 -2.5310647282421439e-01 1.4306749665204705e+01 0.0000000000000000e+00 0.0000000000000000e+00 0.0000000000000000e+00 1.0000000000000000e+00</transform>
    </camera>
    <camera id="43" label="DSC_0045.JPG" sensor_id="11" enabled="true">
      <transform>-4.6645226115077554e-01 -1.3041228209468836e-01 -8.7487994876221975e-01 8.2310634716692466e+00 3.9976422363976849e-01 8.5121807728700805e-01 -3.4002404385205187e-01 3.9724588294479712e+00 7.8905693936814336e-01 -5.0835068759534929e-01 -3.4491843217826701e-01 1.5366802974998606e+01 0.0000000000000000e+00 0.0000000000000000e+00 0.0000000000000000e+00 1.0000000000000000e+00</transform>
    </camera>
    <camera id="44" label="DSC_0046.JPG" sensor_id="11" enabled="true">
      <transform>-6.1884304281246350e-01 -1.6720982015937547e-01 -7.6751167053334168e-01 7.4819663015270255e+00 2.6400384849055208e-01 8.7597072487795957e-01 -4.0370441803250090e-01 4.5100891069763502e+00 7.3982109752614467e-01 -4.5245570523428247e-01 -4.9794435277062737e-01 1.6589353703153549e+01 0.0000000000000000e+00 0.0000000000000000e+00 0.0000000000000000e+00 1.0000000000000000e+00</transform>
    </camera>
    <camera id="45" label="DSC_0047.JPG" sensor_id="11" enabled="true">
      <transform>-7.5117090421765687e-01 -2.1528175586946890e-01 -6.2401605608075994e-01 5.9853704173832805e+00 9.6166498810071346e-02 8.9954967091611260e-01 -4.2610138941492109e-01 4.9548261049133089e+00 6.5306529318548256e-01 -3.8008440528976201e-01 -6.5501264697110051e-01 1.8497384886385383e+01 0.0000000000000000e+00 0.0000000000000000e+00 0.0000000000000000e+00 1.0000000000000000e+00</transform>
    </camera>
    <camera id="46" label="DSC_0048.JPG" sensor_id="11" enabled="true">
      <transform>-8.3297204242717937e-01 -2.6976867983854669e-01 -4.8309671486448857e-01 4.4504912677022830e+00 -4.5678290265111790e-02 9.0364132615295023e-01 -4.2584721141155019e-01 5.1100141704469468e+00 5.5142639611570055e-01 -3.3265178948369573e-01 -7.6503053312932912e-01 1.9870550420485980e+01 0.0000000000000000e+00 0.0000000000000000e+00 0.0000000000000000e+00 1.0000000000000000e+00</transform>
    </camera>
    <camera id="47" label="DSC_0049.JPG" sensor_id="11" enabled="true">
      <transform>-8.7104537561415385e-01 -3.1049020122701804e-01 -3.8062552274276568e-01 3.3160964754435645e+00 -1.4058442359882223e-01 9.0005176466593262e-01 -4.1248374605931898e-01 5.0549395255866738e+00 4.7065483473835118e-01 -3.0578203979918067e-01 -8.2763601339820136e-01 2.0684891202722266e+01 0.0000000000000000e+00 0.0000000000000000e+00 0.0000000000000000e+00 1.0000000000000000e+00</transform>
    </camera>
    <camera id="48" label="DSC_0050.JPG" sensor_id="11" enabled="true">
      <transform>-8.9982011213917878e-01 -3.6847688216936175e-01 -2.3355631675589944e-01 1.6529220730988845e+00 -2.6774064824874338e-01 8.8911091413812815e-01 -3.7120981618998761e-01 4.7054311637474004e+00 3.4443970599392054e-01 -2.7148953878042514e-01 -8.9869612176063918e-01 2.1630263613581672e+01 0.0000000000000000e+00 0.0000000000000000e+00 0.0000000000000000e+00 1.0000000000000000e+00</transform>
    </camera>
    <camera id="49" label="DSC_0051.JPG" sensor_id="11" enabled="true">
      <transform>-9.0120804285076028e-01 -4.2324906875256207e-01 -9.3189534290021303e-02 3.8936593121785101e-02 -3.7685661176001128e-01 8.7151024521403864e-01 -3.1376581499540268e-01 4.1734506745299704e+00 2.1401672288367146e-01 -2.4764918390144974e-01 -9.4491625239440113e-01 2.2324061124478160e+01 0.0000000000000000e+00 0.0000000000000000e+00 0.0000000000000000e+00 1.0000000000000000e+00</transform>
    </camera>
    <camera id="50" label="DSC_0052.JPG" sensor_id="11" enabled="true">
      <transform>-8.7664241029798229e-01 -4.7899841039422653e-01 4.5371877928384784e-02 -1.5871822979964429e+00 -4.7490140139366332e-01 8.4627595661582999e-01 -2.4142424113642094e-01 3.4423180596550882e+00 7.7244698337677581e-02 -2.3318989706624552e-01 -9.6935841074648699e-01 2.2758895731187575e+01 0.0000000000000000e+00 0.0000000000000000e+00 0.0000000000000000e+00 1.0000000000000000e+00</transform>
    </camera>
    <camera id="51" label="DSC_0053.JPG" sensor_id="11" enabled="true">
      <transform>-8.2574886180995288e-01 -5.3416362051037913e-01 1.8112990847127078e-01 -3.1968644078819759e+00 -5.5997795793827876e-01 8.1484516169591714e-01 -1.4984007836366642e-01 2.4736641627641074e+00 -6.7553710799944350e-02 -2.2515903042960128e-01 -9.7197731824007050e-01 2.2906275131482698e+01 0.0000000000000000e+00 0.0000000000000000e+00 0.0000000000000000e+00 1.0000000000000000e+00</transform>
    </camera>
    <camera id="52" label="DSC_0054.JPG" sensor_id="11" enabled="true">
      <transform>-7.2409417474356053e-01 -5.9902632669915035e-01 3.4184073195534370e-01 -5.1980321686083117e+00 -6.4033950400779627e-01 7.6801971662200474e-01 -1.0537290301892099e-02 9.5902844457118164e-01 -2.5622830778329653e-01 -2.2652411527512864e-01 -9.3969882382033898e-01 2.2849794149955219e+01 0.0000000000000000e+00 0.0000000000000000e+00 0.0000000000000000e+00 1.0000000000000000e+00</transform>
      <orientation>1</orientation>
    </camera>
    <camera id="53" label="DSC_0055.JPG" sensor_id="11" enabled="true">
      <transform>-5.9371028651505386e-01 -6.5124123979188242e-01 4.7264462683981173e-01 -6.9058243798254120e+00 -6.7877524593479432e-01 7.2078030401843951e-01 1.4049882150838816e-01 -7.7045255703677817e-01 -4.3217156453470235e-01 -2.3740387725017964e-01 -8.6998111351581042e-01 2.2313208254917516e+01 0.0000000000000000e+00 0.0000000000000000e+00 0.0000000000000000e+00 1.0000000000000000e+00</transform>
      <orientation>1</orientation>
    </camera>
    <camera id="54" label="DSC_0056.JPG" sensor_id="11" enabled="true">
      <transform>-6.3664197230616382e-01 -6.3630054286818905e-01 4.3567030911431837e-01 -6.4233918498888256e+00 -6.7007813212082035e-01 7.3607443062507416e-01 9.5863076486443585e-02 -2.5379789596087310e-01 -3.8168350233091064e-01 -2.3090268886615672e-01 -8.9498695650986360e-01 2.2531313968568195e+01 0.0000000000000000e+00 0.0000000000000000e+00 0.0000000000000000e+00 1.0000000000000000e+00</transform>
      <orientation>1</orientation>
    </camera>
    <camera id="55" label="DSC_0057.JPG" sensor_id="11" enabled="true">
      <transform>-4.8540565834920862e-01 -6.7939582748463989e-01 5.5027507343058224e-01 -7.9884304219322617e+00 -6.7879857844244440e-01 6.8953006671959227e-01 2.5254856363517675e-01 -2.1136132300301655e+00 -5.5101164846769624e-01 -2.5093743580051098e-01 -7.9587471788389941e-01 2.1594928925157120e+01 0.0000000000000000e+00 0.0000000000000000e+00 0.0000000000000000e+00 1.0000000000000000e+00</transform>
      <orientation>1</orientation>
    </camera>
    <camera id="56" label="DSC_0058.JPG" sensor_id="11" enabled="true">
      <transform>-2.9679840722343626e-01 -7.2957364663707336e-01 6.1614365175851193e-01 -8.7534191896354479e+00 -7.2342943636851864e-01 5.9295232153384037e-01 3.5363455004164535e-01 -3.1816120576309368e+00 -6.2334625695929136e-01 -3.4077828352216410e-01 -7.0378235656666521e-01 2.0340280003492978e+01 0.0000000000000000e+00 0.0000000000000000e+00 0.0000000000000000e+00 1.0000000000000000e+00</transform>
      <orientation>1</orientation>
    </camera>
    <camera id="57" label="DSC_0059.JPG" sensor_id="11" enabled="true">
      <transform>-1.2139507937782640e-01 -7.4747010243444112e-01 6.5310924099226864e-01 -9.3468620064641890e+00 -6.8175904144260568e-01 5.4101059789608208e-01 4.9245521864976022e-01 -4.8040631356209662e+00 -7.2143457368919506e-01 -3.8548148973818436e-01 -5.7527052501855114e-01 1.8969003124373081e+01 0.0000000000000000e+00 0.0000000000000000e+00 0.0000000000000000e+00 1.0000000000000000e+00</transform>
      <orientation>1</orientation>
    </camera>
    <camera id="58" label="DSC_0060.JPG" sensor_id="11" enabled="true">
      <transform>6.1448503374002206e-02 -7.5304458124390505e-01 6.5509384067649945e-01 -9.5421141481609375e+00 -6.1313906823876385e-01 4.8941569305371524e-01 6.2010705720226411e-01 -6.3318149787506783e+00 -7.8758146526717843e-01 -4.3976827767807813e-01 -4.3164719102023719e-01 1.7378715773201254e+01 0.0000000000000000e+00 0.0000000000000000e+00 0.0000000000000000e+00 1.0000000000000000e+00</transform>
      <orientation>1</orientation>
    </camera>
    <camera id="59" label="DSC_0061.JPG" sensor_id="11" enabled="true">
      <transform>2.1182098746658501e-01 -7.4820312987037563e-01 6.2874791905886607e-01 -9.3975841019340045e+00 -5.3719706304426340e-01 4.4830282618174216e-01 7.1445356146783956e-01 -7.5029057870575642e+00 -8.1642585990725358e-01 -4.8909779440275147e-01 -3.0697257660101396e-01 1.5967406930208270e+01 0.0000000000000000e+00 0.0000000000000000e+00 0.0000000000000000e+00 1.0000000000000000e+00</transform>
      <orientation>1</orientation>
    </camera>
    <camera id="60" label="DSC_0062.JPG" sensor_id="11" enabled="true">
      <transform>3.3108583594835217e-01 -7.3608845403603396e-01 5.9038627784631159e-01 -9.0730019286158594e+00 -4.6316664041926092e-01 4.1834021961933643e-01 7.8132459570371915e-01 -8.3407258423890553e+00 -8.2210633888634854e-01 -5.3213273577528275e-01 -2.0242509498379216e-01 1.4775762354430439e+01 0.0000000000000000e+00 0.0000000000000000e+00 0.0000000000000000e+00 1.0000000000000000e+00</transform>
      <orientation>1</orientation>
    </camera>
    <camera id="61" label="DSC_0063.JPG" sensor_id="11" enabled="true">
      <transform>4.3811926938853929e-01 -7.1889287246748179e-01 5.3967077344053493e-01 -8.3496764005630411e+00 -3.9083028383443474e-01 3.8830641014113043e-01 8.3454767454064793e-01 -9.2537428952502925e+00 -8.0950799565436504e-01 -5.7655109900056645e-01 -1.1084058468309953e-01 1.3176059971329968e+01 0.0000000000000000e+00 0.0000000000000000e+00 0.0000000000000000e+00 1.0000000000000000e+00</transform>
      <orientation>1</orientation>
    </camera>
    <camera id="62" label="DSC_0064.JPG" sensor_id="11" enabled="true">
      <transform>5.5320656417919445e-01 -6.9112902293565259e-01 4.6508404724851732e-01 -7.4781515469531135e+00 -2.8990397019893754e-01 3.6367504996525629e-01 8.8526614421633787e-01 -9.8854389579519477e+00 -7.8097258941139813e-01 -6.2456475379961907e-01 8.2637720021809524e-04 1.1816344987434181e+01 0.0000000000000000e+00 0.0000000000000000e+00 0.0000000000000000e+00 1.0000000000000000e+00</transform>
      <orientation>1</orientation>
    </camera>
    <camera id="63" label="DSC_0065.JPG" sensor_id="11" enabled="true">
      <transform>6.8303502519580106e-01 -6.4092439805237722e-01 3.5025572134794503e-01 -6.0541820532366595e+00 -1.3882733787877255e-01 3.5688140079718850e-01 9.2377629111302129e-01 -1.0378765198091461e+01 -7.1707051578855519e-01 -6.7959663164721051e-01 1.5478466862225412e-01 9.8934768026998530e+00 0.0000000000000000e+00 0.0000000000000000e+00 0.0000000000000000e+00 1.0000000000000000e+00</transform>
      <orientation>1</orientation>
    </camera>
    <camera id="64" label="DSC_0065.JPG" sensor_id="11" enabled="true">
      <transform>6.8303502519580039e-01 -6.4092439805237744e-01 3.5025572134794608e-01 -6.0541820532368567e+00 -1.3882733787877333e-01 3.5688140079718911e-01 9.2377629111302106e-01 -1.0378765198091479e+01 -7.1707051578855574e-01 -6.7959663164721007e-01 1.5478466862225379e-01 9.8934768026999720e+00 0.0000000000000000e+00 0.0000000000000000e+00 0.0000000000000000e+00 1.0000000000000000e+00</transform>
    </camera>
    <camera id="65" label="DSC_0066.JPG" sensor_id="11" enabled="true">
      <transform>7.6579186749705397e-01 -5.9643646296465791e-01 2.4047112367513676e-01 -4.3072413834543930e+00 -3.6685584986392683e-02 3.3280647460075785e-01 9.4228128407499490e-01 -1.0616716492696733e+01 -6.4204126310509102e-01 -7.3041316808366996e-01 2.3297987114855179e-01 8.5491425159663148e+00 0.0000000000000000e+00 0.0000000000000000e+00 0.0000000000000000e+00 1.0000000000000000e+00</transform>
    </camera>
    <camera id="66" label="DSC_0067.JPG" sensor_id="11" enabled="true">
      <transform>8.5882227392048405e-01 -5.1137677036487217e-01 3.0300174079402248e-02 -1.8240664701995284e+00 1.7077734189130137e-01 3.4157030704650226e-01 9.2421037910245296e-01 -1.0295373295330547e+01 -4.8296935856697043e-01 -7.8855787617355722e-01 3.8067975334926624e-01 6.9339615351505497e+00 0.0000000000000000e+00 0.0000000000000000e+00 0.0000000000000000e+00 1.0000000000000000e+00</transform>
    </camera>
    <camera id="67" label="DSC_0068.JPG" sensor_id="11" enabled="true">
      <transform>8.8590160622056491e-01 -4.3974239359311013e-01 -1.4766506483534070e-01 2.6252557402915189e-01 3.2427119084007688e-01 3.5944588371107611e-01 8.7501248646766283e-01 -9.6510313718058995e+00 -3.3170248550015657e-01 -8.2305849364438599e-01 4.6102947536231631e-01 6.0997118280718272e+00 0.0000000000000000e+00 0.0000000000000000e+00 0.0000000000000000e+00 1.0000000000000000e+00</transform>
    </camera>
    <camera id="68" label="DSC_0069.JPG" sensor_id="11" enabled="true">
      <transform>8.8079521800722826e-01 -3.8671249423297427e-01 -2.7322743409055927e-01 1.7365283685950126e+00 4.2207891249632867e-01 3.7972442273643792e-01 8.2320031244126446e-01 -8.9800159817698280e+00 -2.1459071639172927e-01 -8.4039443690542759e-01 4.9768264472140633e-01 5.7393382481754678e+00 0.0000000000000000e+00 0.0000000000000000e+00 0.0000000000000000e+00 1.0000000000000000e+00</transform>
    </camera>
    <camera id="69" label="DSC_0070.JPG" sensor_id="18" enabled="true">
      <transform>7.2353682150376453e-01 6.8688267282488058e-01 6.8459197345406508e-02 -2.1424368316092153e+00 2.7219173117283091e-01 -1.9275723289478378e-01 -9.4273872873022635e-01 1.1821211177770881e+01 -6.3435489231924946e-01 7.0074021073411641e-01 -3.2643073943937823e-01 1.4635093923027716e+01 0.0000000000000000e+00 0.0000000000000000e+00 0.0000000000000000e+00 1.0000000000000000e+00</transform>
    </camera>
    <camera id="70" label="DSC_0071.JPG" sensor_id="18" enabled="true">
      <transform>7.4579097517927795e-01 6.4449054635523473e-01 1.6860532909689629e-01 -3.4350627885927292e+00 3.8798873306352577e-01 -2.1447490019148924e-01 -8.9636223715839947e-01 1.1322247969159676e+01 -5.4153537682860731e-01 7.3391583498830570e-01 -4.1000851551707612e-01 1.5809733339403559e+01 0.0000000000000000e+00 0.0000000000000000e+00 0.0000000000000000e+00 1.0000000000000000e+00</transform>
    </camera>
    <camera id="71" label="DSC_0072.JPG" sensor_id="18" enabled="true">
      <transform>7.5249538232024948e-01 6.1168832007183693e-01 2.4410673623314039e-01 -4.5404976041985776e+00 4.6755932548149748e-01 -2.3513483876123192e-01 -8.5211494808858779e-01 1.0741372898860194e+01 -4.6383076303969861e-01 7.5534694458137819e-01 -4.6293845872814171e-01 1.6629918990454268e+01 0.0000000000000000e+00 0.0000000000000000e+00 0.0000000000000000e+00 1.0000000000000000e+00</transform>
    </camera>
    <camera id="72" label="DSC_0073.JPG" sensor_id="18" enabled="true">
      <transform>7.4388908287749933e-01 5.7034235905750241e-01 3.4833694297389095e-01 -5.7679249356065734e+00 5.6840410805036801e-01 -2.6581433005690164e-01 -7.7862668326218187e-01 9.9377899365893150e+00 -3.5149082822619759e-01 7.7720803868792021e-01 -5.2192131808514786e-01 1.7359764304424289e+01 0.0000000000000000e+00 0.0000000000000000e+00 0.0000000000000000e+00 1.0000000000000000e+00</transform>
    </camera>
    <camera id="73" label="DSC_0074.JPG" sensor_id="18" enabled="true">
      <transform>7.1608364785229150e-01 5.2521824976570464e-01 4.5974993136661252e-01 -7.0387899217482648e+00 6.6280293178010041e-01 -3.0507888584153192e-01 -6.8382683995101645e-01 8.8752435280941739e+00 -2.1889833919483864e-01 7.9440082044691984e-01 -5.6657819722523917e-01 1.7926641715355608e+01 0.0000000000000000e+00 0.0000000000000000e+00 0.0000000000000000e+00 1.0000000000000000e+00</transform>
    </camera>
    <camera id="74" label="DSC_0075.JPG" sensor_id="18" enabled="true">
      <transform>6.7175988011424692e-01 4.8459754932895449e-01 5.6027125453057447e-01 -8.2145481240678766e+00 7.3557519002698468e-01 -3.4696558257384291e-01 -5.8184536117937657e-01 7.7242291546774284e+00 -8.7565993888367805e-02 8.0298200458887337e-01 -5.8953549258783144e-01 1.8250499629013238e+01 0.0000000000000000e+00 0.0000000000000000e+00 0.0000000000000000e+00 1.0000000000000000e+00</transform>
    </camera>
    <camera id="75" label="DSC_0076.JPG" sensor_id="18" enabled="true">
      <transform>6.1957316961935471e-01 4.5155089835571610e-01 6.4205208019441184e-01 -9.1859139781096708e+00 7.8434701712910471e-01 -3.8791161077820602e-01 -4.8407059293468058e-01 6.6207195717780056e+00 3.0476945524472943e-02 8.0350878552608440e-01 -5.9451222642927626e-01 1.8360079555634410e+01 0.0000000000000000e+00 0.0000000000000000e+00 0.0000000000000000e+00 1.0000000000000000e+00</transform>
    </camera>
    <camera id="76" label="DSC_0077.JPG" sensor_id="18" enabled="true">
      <transform>5.1227317602948219e-01 4.0636092751633962e-01 7.5660226652365203e-01 -1.0552089826008970e+01 8.3161081688949956e-01 -4.5471515593237966e-01 -3.1883785251718644e-01 4.7322780229877148e+00 2.1447527212489265e-01 7.9253070827157979e-01 -5.7087252000205901e-01 1.8171681248167268e+01 0.0000000000000000e+00 0.0000000000000000e+00 0.0000000000000000e+00 1.0000000000000000e+00</transform>
    </camera>
    <camera id="77" label="DSC_0078.JPG" sensor_id="18" enabled="true">
      <transform>3.9458201217345024e-01 3.7392397694767360e-01 8.3933658036141057e-01 -1.1552529842966843e+01 8.4013659978540578e-01 -5.1674841675914285e-01 -1.6474698017850270e-01 2.9521520395094534e+00 3.7212300301132673e-01 7.7016357563867865e-01 -5.1804684864332229e-01 1.7629021398579717e+01 0.0000000000000000e+00 0.0000000000000000e+00 0.0000000000000000e+00 1.0000000000000000e+00</transform>
    </camera>
    <camera id="78" label="DSC_0079.JPG" sensor_id="18" enabled="true">
      <transform>2.6949461303558719e-01 3.5359882128659387e-01 8.9573462985949726e-01 -1.2288231525619237e+01 8.1700755999261876e-01 -5.7633666542670947e-01 -1.8294671347919178e-02 1.2615435110674369e+00 5.0977573545600086e-01 7.3675227971792012e-01 -4.4421253682301781e-01 1.6846004174737597e+01 0.0000000000000000e+00 0.0000000000000000e+00 0.0000000000000000e+00 1.0000000000000000e+00</transform>
    </camera>
    <camera id="79" label="DSC_0080.JPG" sensor_id="18" enabled="true">
      <transform>1.0591679425490996e-01 3.3973284274619098e-01 9.3453904586932857e-01 -1.2777661676917710e+01 7.5125642732842013e-01 -6.4305825686536089e-01 1.4862657459223766e-01 -6.9268191933304202e-01 6.5145637850319771e-01 6.8633641447680427e-01 -3.2333715077396064e-01 1.5498876240989024e+01 0.0000000000000000e+00 0.0000000000000000e+00 0.0000000000000000e+00 1.0000000000000000e+00</transform>
    </camera>
    <camera id="80" label="DSC_0081.JPG" sensor_id="18" enabled="true">
      <transform>-1.2923497122426131e-02 3.3721718672304779e-01 9.4133817101014250e-01 -1.2972319744295753e+01 6.7927777896029151e-01 -6.8787789411491818e-01 2.5574538470674096e-01 -1.9807083243745218e+00 7.3376745787265629e-01 6.4273522679764383e-01 -2.2017435363929461e-01 1.4349820581673997e+01 0.0000000000000000e+00 0.0000000000000000e+00 0.0000000000000000e+00 1.0000000000000000e+00</transform>
    </camera>
    <camera id="81" label="DSC_0082.JPG" sensor_id="18" enabled="true">
      <transform>-2.6735023528437729e-01 3.5662731642026041e-01 8.9517641215364441e-01 -1.2514826168558736e+01 4.7008120207969190e-01 -7.6267893510294138e-01 4.4423474132664942e-01 -4.2319475226259922e+00 8.4115843641058474e-01 5.3957186651374511e-01 3.6258595148918937e-02 1.1449318405175402e+01 0.0000000000000000e+00 0.0000000000000000e+00 0.0000000000000000e+00 1.0000000000000000e+00</transform>
    </camera>
    <camera id="82" label="DSC_0083.JPG" sensor_id="18" enabled="true">
      <transform>-3.8021882425924813e-01 3.7802062614141330e-01 8.4411732116487748e-01 -1.1959269003121291e+01 3.4560649519737519e-01 -7.8848050097027922e-01 5.0877760373963421e-01 -5.0374064647260290e+00 8.5789847660215701e-01 4.8517925120651173e-01 1.6914874531721125e-01 9.9272690222176507e+00 0.0000000000000000e+00 0.0000000000000000e+00 0.0000000000000000e+00 1.0000000000000000e+00</transform>
    </camera>
    <camera id="83" label="DSC_0084.JPG" sensor_id="18" enabled="true">
      <transform>-4.7890454438638397e-01 4.0541044659745701e-01 7.7864806373336615e-01 -1.1250706212977637e+01 2.1764564771979983e-01 -8.0445273954072338e-01 5.5270802588170698e-01 -5.6069461166486541e+00 8.5045917561908779e-01 4.3416374749059300e-01 2.9702025346805094e-01 8.4336615239100059e+00 0.0000000000000000e+00 0.0000000000000000e+00 0.0000000000000000e+00 1.0000000000000000e+00</transform>
    </camera>
    <camera id="84" label="DSC_0085.JPG" sensor_id="18" enabled="true">
      <transform>-5.6068428716578533e-01 4.3728161946885746e-01 7.0314857277824883e-01 -1.0419572800239420e+01 8.7034316760239788e-02 -8.1335607404710819e-01 5.7521902308316708e-01 -5.9322594107801798e+00 8.2344286858984528e-01 3.8371432353427759e-01 4.1797746360678090e-01 7.0266078267388288e+00 0.0000000000000000e+00 0.0000000000000000e+00 0.0000000000000000e+00 1.0000000000000000e+00</transform>
    </camera>
    <camera id="85" label="DSC_0086.JPG" sensor_id="18" enabled="true">
      <transform>-6.1495276713501812e-01 4.7170359311051857e-01 6.3192469048108135e-01 -9.2940034551147139e+00 -2.8349831735391601e-02 -8.1406809057187257e-01 5.8007709052611311e-01 -6.0054218762399465e+00 7.8805417404741851e-01 3.3880505332608557e-01 5.1398614242715646e-01 5.4440366121123835e+00 0.0000000000000000e+00 0.0000000000000000e+00 0.0000000000000000e+00 1.0000000000000000e+00</transform>
    </camera>
    <camera id="86" label="DSC_0087.JPG" sensor_id="18" enabled="true">
      <transform>-6.7179522197824859e-01 5.1097230243345604e-01 5.3628209542464522e-01 -8.1696773566774787e+00 -1.6238733558437501e-01 -8.0796506556697523e-01 5.6641222273637504e-01 -5.8263190436732302e+00 7.2271815597022537e-01 2.9342760430676257e-01 6.2576250132281896e-01 4.1715125036911109e+00 0.0000000000000000e+00 0.0000000000000000e+00 0.0000000000000000e+00 1.0000000000000000e+00</transform>
    </camera>
    <camera id="87" label="DSC_0088.JPG" sensor_id="18" enabled="true">
      <transform>-7.1447792411388855e-01 5.5851791049727939e-01 4.2140128097534496e-01 -6.8247215120676490e+00 -3.0654732789438000e-01 -7.9130009841062421e-01 5.2903014093353118e-01 -5.3678630886455103e+00 6.2892768401043075e-01 2.4880092023360650e-01 7.3657862470763225e-01 2.8880879420581342e+00 0.0000000000000000e+00 0.0000000000000000e+00 0.0000000000000000e+00 1.0000000000000000e+00</transform>
    </camera>
    <camera id="88" label="DSC_0089.JPG" sensor_id="18" enabled="true">
      <transform>-7.3200599372494546e-01 6.0546013963874035e-01 3.1238637047635753e-01 -5.4049680793696178e+00 -4.3082730220931309e-01 -7.6656666015020392e-01 4.7619679883133070e-01 -4.6535898276750434e+00 5.2778315700844436e-01 2.1399433369787799e-01 8.2198014837549460e-01 1.8130147379475243e+00 0.0000000000000000e+00 0.0000000000000000e+00 0.0000000000000000e+00 1.0000000000000000e+00</transform>
    </camera>
    <camera id="89" label="DSC_0090.JPG" sensor_id="18" enabled="true">
      <transform>-7.3295085645037539e-01 6.4237534037133259e-01 2.2391284936661371e-01 -4.3506067256205601e+00 -5.2194048563093065e-01 -7.4211681370835492e-01 4.2052439200444380e-01 -3.9430951308138624e+00 4.3630398976861251e-01 1.9135453194051474e-01 8.7921685130451033e-01 1.1484863903139386e+00 0.0000000000000000e+00 0.0000000000000000e+00 0.0000000000000000e+00 1.0000000000000000e+00</transform>
    </camera>
    <camera id="90" label="DSC_0091.JPG" sensor_id="18" enabled="true">
      <transform>-7.1246918091904532e-01 6.9520465492827144e-01 9.5279347219677041e-02 -2.8724757235032987e+00 -6.3708071323645232e-01 -6.9778090982325203e-01 3.2745987037859725e-01 -2.8137730356440223e+00 2.9413573577972096e-01 1.7260443114908050e-01 9.4004887068972365e-01 4.8845479503786660e-01 0.0000000000000000e+00 0.0000000000000000e+00 0.0000000000000000e+00 1.0000000000000000e+00</transform>
    </camera>
    <camera id="91" label="DSC_0092.JPG" sensor_id="18" enabled="true">
      <transform>-6.8545178569332521e-01 7.2792393826625856e-01 1.6810401207940515e-02 -1.9698508831112900e+00 -7.0042623072788834e-01 -6.6551354371066540e-01 2.5786589236654578e-01 -1.9707368643801484e+00 1.9889430559509369e-01 1.6498019043695025e-01 9.6603446727600395e-01 2.1678079378861259e-01 0.0000000000000000e+00 0.0000000000000000e+00 0.0000000000000000e+00 1.0000000000000000e+00</transform>
    </camera>
    <camera id="92" label="DSC_0093.JPG" sensor_id="18" enabled="true">
      <transform>-6.1582004462862872e-01 7.7977572924860128e-01 -1.1276295805097503e-01 -5.0594585896181554e-01 -7.8762043866108200e-01 -6.0555275033087541e-01 1.1384160561955059e-01 -2.9318934456622436e-01 2.0487001657603643e-02 1.5892035313805652e-01 9.8707882366179711e-01 3.9504260731280105e-02 0.0000000000000000e+00 0.0000000000000000e+00 0.0000000000000000e+00 1.0000000000000000e+00</transform>
    </camera>
    <camera id="93" label="DSC_0094.JPG" sensor_id="18" enabled="true">
      <transform>-4.9347319699606240e-01 8.3317460323102055e-01 -2.4960826183705720e-01 1.0314791956717504e+00 -8.4761121094037173e-01 -5.2503097248768082e-01 -7.6796569043395019e-02 1.9524682400511413e+00 -1.9503701939550411e-01 1.7367371263225642e-01 9.6529684688485640e-01 3.6292386619327743e-01 0.0000000000000000e+00 0.0000000000000000e+00 0.0000000000000000e+00 1.0000000000000000e+00</transform>
    </camera>
    <camera id="94" label="DSC_0095.JPG" sensor_id="18" enabled="true">
      <transform>-3.1697842911924123e-01 8.7615752523764434e-01 -3.6314276316972738e-01 2.2622788169991281e+00 -8.5253510351856088e-01 -4.3098796470981293e-01 -2.9569117596554956e-01 4.4932953269239633e+00 -4.1558220936620316e-01 2.1586422872893876e-01 8.8356893450005680e-01 1.3982961206802402e+00 0.0000000000000000e+00 0.0000000000000000e+00 0.0000000000000000e+00 1.0000000000000000e+00</transform>
    </camera>
    <camera id="95" label="DSC_0096.JPG" sensor_id="18" enabled="true">
      <transform>-2.1545048209967149e-01 8.9093966695242033e-01 -3.9975942717305601e-01 2.6611475395330180e+00 -8.2871516383737132e-01 -3.8336111212378488e-01 -4.0775658785262309e-01 5.7999234296919004e+00 -5.1653873716210130e-01 2.4343534575308795e-01 8.2093054849302405e-01 2.1797906920076597e+00 0.0000000000000000e+00 0.0000000000000000e+00 0.0000000000000000e+00 1.0000000000000000e+00</transform>
    </camera>
    <camera id="96" label="DSC_0098.JPG" sensor_id="18" enabled="true">
      <transform>-5.1724473329632648e-02 8.9939195436686692e-01 -4.3407221896698261e-01 2.9703700026848128e+00 -7.5503515392224396e-01 -3.1970740035905021e-01 -5.7245881467339765e-01 7.6651393311421110e+00 -6.5364095281766565e-01 2.9812965396921820e-01 6.9560923960497334e-01 3.6878677351595224e+00 0.0000000000000000e+00 0.0000000000000000e+00 0.0000000000000000e+00 1.0000000000000000e+00</transform>
    </camera>
    <camera id="97" label="DSC_0099.JPG" sensor_id="18" enabled="true">
      <transform>2.2744527495773914e-01 8.8434325185633811e-01 -4.0768328368422946e-01 2.7715345788218348e+00 -5.3725045883972355e-01 -2.3521643495126113e-01 -8.0995998247155754e-01 9.7669132141972828e+00 -8.1217645334982791e-01 4.0324960213864641e-01 4.2161495110956215e-01 6.2068403126255092e+00 0.0000000000000000e+00 0.0000000000000000e+00 0.0000000000000000e+00 1.0000000000000000e+00</transform>
    </camera>
    <camera id="98" label="DSC_0100.JPG" sensor_id="18" enabled="true">
      <transform>3.6761791519093240e-01 8.6043890506038956e-01 -3.5284835140489257e-01 2.2041345390106462e+00 -3.9160106636765724e-01 -2.0091409966746765e-01 -8.9793214074033711e-01 1.0861341478221068e+01 -8.4350795683881152e-01 4.6827173223811935e-01 2.6308917031365026e-01 8.0201249532621404e+00 0.0000000000000000e+00 0.0000000000000000e+00 0.0000000000000000e+00 1.0000000000000000e+00</transform>
    </camera>
    <camera id="99" label="DSC_0101.JPG" sensor_id="18" enabled="true">
      <transform>3.6562304735253570e-01 8.6056954347274162e-01 -3.5459815015276364e-01 2.1973451249680429e+00 -3.9400302541305204e-01 -2.0205755526586328e-01 -8.9662386780931946e-01 1.0874514518401822e+01 -8.4325642790909494e-01 4.6753909484352141e-01 2.6519010460968073e-01 8.0297996595935839e+00 0.0000000000000000e+00 0.0000000000000000e+00 0.0000000000000000e+00 1.0000000000000000e+00</transform>
    </camera>
    <camera id="100" label="DSC_0102.JPG" sensor_id="18" enabled="true">
      <transform>4.4995744903669144e-01 8.3940756202414013e-01 -3.0484953480870253e-01 1.6880905946165607e+00 -2.8850354702279440e-01 -1.8642497539718911e-01 -9.3915463684284894e-01 1.1393510928231919e+01 -8.4516507110247940e-01 5.1052979674534837e-01 1.5828875267527337e-01 9.2116329889639470e+00 0.0000000000000000e+00 0.0000000000000000e+00 0.0000000000000000e+00 1.0000000000000000e+00</transform>
    </camera>
    <camera id="101" label="DSC_0103.JPG" sensor_id="18" enabled="true">
      <transform>5.3437841964655808e-01 8.1172246020684069e-01 -2.3568273634655712e-01 9.2631535574064761e-01 -1.6341534750060605e-01 -1.7435626188435713e-01 -9.7102796980466510e-01 1.1824499548669106e+01 -8.2929797347955880e-01 5.5741056819678914e-01 3.9475684227503416e-02 1.0606341518013302e+01 0.0000000000000000e+00 0.0000000000000000e+00 0.0000000000000000e+00 1.0000000000000000e+00</transform>
    </camera>
    <camera id="102" label="DSC_0104.JPG" sensor_id="18" enabled="true">
      <transform>6.0927027678036372e-01 7.7777530171193843e-01 -1.5445164252568422e-01 2.6177886186770749e-02 -3.3423404949356139e-02 -1.6941594767410981e-01 -9.8497772191825461e-01 1.2037812725440146e+01 -7.9225791623281994e-01 6.0527994904885662e-01 -7.7224202461686847e-02 1.1969628367333780e+01 0.0000000000000000e+00 0.0000000000000000e+00 0.0000000000000000e+00 1.0000000000000000e+00</transform>
    </camera>
    <camera id="103" label="DSC_0105.JPG" sensor_id="18" enabled="true">
      <transform>6.7250960127305071e-01 7.3774018941165820e-01 -5.8908820412679475e-02 -1.0281440722145856e+00 1.0259810905366989e-01 -1.7176232760693622e-01 -9.7978126683135713e-01 1.2045070889978645e+01 -7.3294233348482063e-01 6.5286837551063714e-01 -1.9120256285920412e-01 1.3326025453308308e+01 0.0000000000000000e+00 0.0000000000000000e+00 0.0000000000000000e+00 1.0000000000000000e+00</transform>
    </camera>
    <camera id="104" label="DSC_0106.JPG" sensor_id="18" enabled="true">
      <transform>7.2902706878969903e-01 6.7995485725887150e-01 7.8618859454759771e-02 -2.5893241590845042e+00 2.8120523112556728e-01 -1.9280429950984995e-01 -9.4007984771408259e-01 1.1673359453842860e+01 -6.2405380453893222e-01 7.0745169035106836e-01 -3.3176641611215019e-01 1.4989136619683430e+01 0.0000000000000000e+00 0.0000000000000000e+00 0.0000000000000000e+00 1.0000000000000000e+00</transform>
    </camera>
    <camera id="105" label="DSC_0107.JPG" sensor_id="18" enabled="true">
      <transform>7.5347902939068534e-01 6.2718330955805235e-01 1.9725731540371169e-01 -4.0927631981360824e+00 4.1677635290568699e-01 -2.2359088798342538e-01 -8.8108148684977927e-01 1.0978632465915672e+01 -5.0849466460043147e-01 7.4608860802359922e-01 -4.2986621761927624e-01 1.6292846349296475e+01 0.0000000000000000e+00 0.0000000000000000e+00 0.0000000000000000e+00 1.0000000000000000e+00</transform>
    </camera>
    <camera id="106" label="DSC_0108.JPG" sensor_id="18" enabled="true">
      <transform>7.5202588827528993e-01 5.8479880484898494e-01 3.0408456259889116e-01 -5.3325838732338005e+00 5.2537706850335475e-01 -2.5322287229468665e-01 -8.1231589473409294e-01 1.0225119443823084e+01 -3.9804019803856694e-01 7.7064163837287381e-01 -4.9767003722485748e-01 1.7107914393876438e+01 0.0000000000000000e+00 0.0000000000000000e+00 0.0000000000000000e+00 1.0000000000000000e+00</transform>
    </camera>
    <camera id="107" label="DSC_0109.JPG" sensor_id="18" enabled="true">
      <transform>7.2697864643607313e-01 5.3248986641450702e-01 4.3353960579378975e-01 -6.8374436019264806e+00 6.4035936859264608e-01 -2.9782515542280102e-01 -7.0798309008973637e-01 9.0574959452936490e+00 -2.4787482058813853e-01 7.9230973675908123e-01 -5.5749740300305750e-01 1.7842927957345168e+01 0.0000000000000000e+00 0.0000000000000000e+00 0.0000000000000000e+00 1.0000000000000000e+00</transform>
    </camera>
    <camera id="108" label="DSC_0110.JPG" sensor_id="18" enabled="true">
      <transform>6.7136986724781489e-01 4.8112424875247539e-01 5.6372152576783630e-01 -8.3625992992722100e+00 7.3691219336206215e-01 -3.5240394136104225e-01 -5.7686383262215157e-01 7.5683480671613310e+00 -7.8885490592160601e-02 8.0270226072658413e-01 -5.9113971275703081e-01 1.8280080916508762e+01 0.0000000000000000e+00 0.0000000000000000e+00 0.0000000000000000e+00 1.0000000000000000e+00</transform>
    </camera>
    <camera id="109" label="DSC_0111.JPG" sensor_id="18" enabled="true">
      <transform>5.9894934526083654e-01 4.3937259689106001e-01 6.6948592435750354e-01 -9.6052695859450559e+00 7.9730053590496208e-01 -4.0512667829345406e-01 -4.4741952346826824e-01 6.0902901370814098e+00 7.4642730773164412e-02 8.0176311690930135e-01 -5.9296236567475902e-01 1.8349035877763409e+01 0.0000000000000000e+00 0.0000000000000000e+00 0.0000000000000000e+00 1.0000000000000000e+00</transform>
    </camera>
    <camera id="110" label="DSC_0112.JPG" sensor_id="18" enabled="true">
      <transform>4.8126629462256254e-01 3.9460597443138185e-01 7.8273167727090742e-01 -1.0947612907406814e+01 8.3631081402540608e-01 -4.7421917272451586e-01 -2.7513705414690726e-01 4.1037299149701800e+00 2.6261564310686208e-01 7.8702115674455364e-01 -5.5823894779210259e-01 1.8004821858728501e+01 0.0000000000000000e+00 0.0000000000000000e+00 0.0000000000000000e+00 1.0000000000000000e+00</transform>
    </camera>
    <camera id="111" label="DSC_0114.JPG" sensor_id="18" enabled="true">
      <transform>1.5203920404683546e-01 3.4243631424717441e-01 9.2715772720590284e-01 -1.2698624763993044e+01 7.7323965451670462e-01 -6.2549077544056075e-01 1.0421960718431672e-01 -2.9359599007143622e-01 6.1561718390221376e-01 7.0106965454480807e-01 -3.5988445695907945e-01 1.5810144775102234e+01 0.0000000000000000e+00 0.0000000000000000e+00 0.0000000000000000e+00 1.0000000000000000e+00</transform>
    </camera>
    <camera id="112" label="DSC_0115.JPG" sensor_id="18" enabled="true">
      <transform>-7.9301869003675529e-02 3.4068363076474456e-01 9.3682756006720647e-01 -1.2918160163977198e+01 6.3115281339091700e-01 -7.1026549595974098e-01 3.1171950756696870e-01 -2.7342949023316514e+00 7.7159402519800158e-01 6.1600128975353163e-01 -1.5869805071497078e-01 1.3563234493971407e+01 0.0000000000000000e+00 0.0000000000000000e+00 0.0000000000000000e+00 1.0000000000000000e+00</transform>
    </camera>
    <camera id="113" label="DSC_0116.JPG" sensor_id="18" enabled="true">
      <transform>-2.9267246785785705e-01 3.6272304905990604e-01 8.8474562233371734e-01 -1.2342901626562517e+01 4.4136110334259404e-01 -7.6955696947390684e-01 4.6150021364062732e-01 -4.5103695494541416e+00 8.4825892451196760e-01 5.2556071049387010e-01 6.5136292272272245e-02 1.1018595673181824e+01 0.0000000000000000e+00 0.0000000000000000e+00 0.0000000000000000e+00 1.0000000000000000e+00</transform>
    </camera>
    <camera id="114" label="DSC_0117.JPG" sensor_id="18" enabled="true">
      <transform>-4.5391438533880879e-01 4.0017965501025043e-01 7.9612685829481233e-01 -1.1332620447749354e+01 2.4872859428673832e-01 -8.0105365326126743e-01 5.4446958682824531e-01 -5.5543736892251943e+00 8.5562597971697552e-01 4.4516209217840419e-01 2.6407365359064383e-01 8.6477950725246266e+00 0.0000000000000000e+00 0.0000000000000000e+00 0.0000000000000000e+00 1.0000000000000000e+00</transform>
    </camera>
    <camera id="115" label="DSC_0118.JPG" sensor_id="18" enabled="true">
      <transform>-5.4503896411129338e-01 4.3528109400688031e-01 7.1656325387272124e-01 -1.0427473945846492e+01 1.0560395789991883e-01 -8.1221951057167951e-01 5.7371357899440867e-01 -5.9412917169394888e+00 8.3173332966544067e-01 3.8836817048629890e-01 3.9672387434683676e-01 7.0683069562945331e+00 0.0000000000000000e+00 0.0000000000000000e+00 0.0000000000000000e+00 1.0000000000000000e+00</transform>
    </camera>
    <camera id="116" label="DSC_0119.JPG" sensor_id="18" enabled="true">
      <transform>-6.0593930488720948e-01 4.6452783687822580e-01 6.4579520558613779e-01 -9.6104816629406056e+00 -5.3569070052017498e-03 -8.1416359627610091e-01 5.8061083528134738e-01 -6.0226733612316572e+00 7.9549284241917806e-01 3.4835546107963172e-01 4.9582215601549584e-01 5.9239851269175556e+00 0.0000000000000000e+00 0.0000000000000000e+00 0.0000000000000000e+00 1.0000000000000000e+00</transform>
    </camera>
    <camera id="117" label="DSC_0120.JPG" sensor_id="18" enabled="true">
      <transform>-6.5368695007895972e-01 4.9523507431000846e-01 5.7221988122541478e-01 -8.7395293471613886e+00 -1.1147757234721109e-01 -8.1090579542490637e-01 5.7446021777828293e-01 -5.9694666865479640e+00 7.4850926658261197e-01 3.1172746449336192e-01 5.8528614003792989e-01 4.8368636642969092e+00 0.0000000000000000e+00 0.0000000000000000e+00 0.0000000000000000e+00 1.0000000000000000e+00</transform>
    </camera>
    <camera id="118" label="DSC_0121.JPG" sensor_id="18" enabled="true">
      <transform>-6.7657652092221587e-01 5.2207745800281935e-01 5.1930659458753725e-01 -7.7818816341012980e+00 -1.8614765779231623e-01 -8.0357716239763288e-01 5.6534307599138689e-01 -5.7556425883778175e+00 7.1245579570610906e-01 2.8583014522314243e-01 6.4086493682092782e-01 3.7987028061211801e+00 0.0000000000000000e+00 0.0000000000000000e+00 0.0000000000000000e+00 1.0000000000000000e+00</transform>
    </camera>
    <camera id="119" label="DSC_0122.JPG" sensor_id="18" enabled="true">
      <transform>-7.1354022157541119e-01 5.6644299522024222e-01 4.1231381902627717e-01 -6.5237162540945857e+00 -3.1883548608146989e-01 -7.8656580467158843e-01 5.2882716244206807e-01 -5.2686312067607659e+00 6.2386239268712607e-01 2.4587917375665899e-01 7.4184846626749645e-01 2.6574899210965857e+00 0.0000000000000000e+00 0.0000000000000000e+00 0.0000000000000000e+00 1.0000000000000000e+00</transform>
    </camera>
    <camera id="120" label="DSC_0123.JPG" sensor_id="18" enabled="true">
      <transform>-7.3256185874099045e-01 6.1976591262230629e-01 2.8150193013438640e-01 -4.9993901803052392e+00 -4.6474807215023711e-01 -7.5754309274433773e-01 4.5840777924025411e-01 -4.4020825761619840e+00 4.9735535842150436e-01 2.0498457548504334e-01 8.4298218917283940e-01 1.5543028474505958e+00 0.0000000000000000e+00 0.0000000000000000e+00 0.0000000000000000e+00 1.0000000000000000e+00</transform>
    </camera>
    <camera id="121" label="DSC_0124.JPG" sensor_id="19" enabled="true">
      <transform>-8.8400055967911906e-01 -2.5844021611740486e-01 3.8955316091670106e-01 -6.0422567231192819e+00 -1.7724679586246872e-01 -5.8578575024764534e-01 -7.9084677919511770e-01 1.0069918533774514e+01 4.3258130315987126e-01 -7.6815604501949464e-01 4.7202723084215670e-01 5.9312653624754077e+00 0.0000000000000000e+00 0.0000000000000000e+00 0.0000000000000000e+00 1.0000000000000000e+00</transform>
    </camera>
    <camera id="122" label="DSC_0125.JPG" sensor_id="19" enabled="true">
      <transform>-9.3907335032121675e-01 -2.1008972566917733e-01 2.7203593491436945e-01 -4.6629165517177462e+00 -1.0385899357313816e-01 -5.8101877903482546e-01 -8.0723632714518945e-01 1.0229870980076681e+01 3.2765004527767133e-01 -7.8630750064916088e-01 5.2379954395971851e-01 5.3986958641166956e+00 0.0000000000000000e+00 0.0000000000000000e+00 0.0000000000000000e+00 1.0000000000000000e+00</transform>
    </camera>
    <camera id="123" label="DSC_0126.JPG" sensor_id="19" enabled="true">
      <transform>-9.7754793931799688e-01 -1.5735638101889959e-01 1.4013920111008463e-01 -3.1269259210444549e+00 -2.3724847637732679e-02 -5.7864747569943864e-01 -8.1523262353222470e-01 1.0266971594989830e+01 2.0937325029646028e-01 -8.0025375239314100e-01 5.6192239129704868e-01 5.0062657545001006e+00 0.0000000000000000e+00 0.0000000000000000e+00 0.0000000000000000e+00 1.0000000000000000e+00</transform>
    </camera>
    <camera id="124" label="DSC_0127.JPG" sensor_id="19" enabled="true">
      <transform>-9.9439098249314639e-01 -1.0479701994754800e-01 1.4288406014257626e-02 -1.6496605130585551e+00 4.9604622369910638e-02 -5.8140937160061057e-01 -8.1209760746755155e-01 1.0203451951099506e+01 9.3412822331056938e-02 -8.0683376678538699e-01 5.8334665285664411e-01 4.7995960601442347e+00 0.0000000000000000e+00 0.0000000000000000e+00 0.0000000000000000e+00 1.0000000000000000e+00</transform>
    </camera>
    <camera id="125" label="DSC_0128.JPG" sensor_id="19" enabled="true">
      <transform>-9.9477573792389384e-01 -5.8463108010869194e-02 -8.3685699134809444e-02 -6.5732051475052788e-02 1.0205619349733104e-01 -5.8882462415963244e-01 -8.0179180299632835e-01 1.0008176675524124e+01 -2.4009595597863573e-03 -8.0614367639086348e-01 5.9171497226977077e-01 4.7647439041113904e+00 0.0000000000000000e+00 0.0000000000000000e+00 0.0000000000000000e+00 1.0000000000000000e+00</transform>
    </camera>
    <camera id="126" label="DSC_0129.JPG" sensor_id="19" enabled="true">
      <transform>-9.8159891404131694e-01 -1.7200503845962500e-02 -1.9017811288461225e-01 1.1167387722363316e+00 1.6272041534792561e-01 -5.9652743038108613e-01 -7.8592435464994781e-01 9.7926497942528794e+00 -9.9928166108989830e-02 -8.0240835456168036e-01 5.8834955098793995e-01 4.8895233523252957e+00 0.0000000000000000e+00 0.0000000000000000e+00 0.0000000000000000e+00 1.0000000000000000e+00</transform>
    </camera>
    <camera id="127" label="DSC_0131.JPG" sensor_id="19" enabled="true">
      <transform>-8.9664184359503907e-01 8.1347256030199933e-02 -4.3521951731378816e-01 3.9053845773042566e+00 2.9406840799710232e-01 -6.2543415417224568e-01 -7.2274192504164114e-01 8.9613093530046779e+00 -3.3099422311052407e-01 -7.7602496269849763e-01 5.3686877496857266e-01 5.6650984043213501e+00 0.0000000000000000e+00 0.0000000000000000e+00 0.0000000000000000e+00 1.0000000000000000e+00</transform>
    </camera>
    <camera id="128" label="DSC_0133.JPG" sensor_id="19" enabled="true">
      <transform>-6.7533918109440727e-01 1.8998434556888916e-01 -7.1261696507836259e-01 6.9750410619202627e+00 4.2966060716784921e-01 -6.8398739773275485e-01 -5.8953626045471486e-01 7.2944801595073514e+00 -5.9942368415578196e-01 -7.0432037325462560e-01 3.8029469979421782e-01 7.6748614013583598e+00 0.0000000000000000e+00 0.0000000000000000e+00 0.0000000000000000e+00 1.0000000000000000e+00</transform>
    </camera>
    <camera id="129" label="DSC_0134.JPG" sensor_id="19" enabled="true">
      <transform>-6.7587243504714611e-01 1.9036892736458075e-01 -7.1200851331813475e-01 6.9378274212038908e+00 4.2977541832980215e-01 -6.8301412319318699e-01 -5.9058005157479343e-01 7.2680253645898212e+00 -5.9873996137128260e-01 -7.0516053421380653e-01 3.7981453321906256e-01 7.6941369883019952e+00 0.0000000000000000e+00 0.0000000000000000e+00 0.0000000000000000e+00 1.0000000000000000e+00</transform>
    </camera>
    <camera id="130" label="DSC_0135.JPG" sensor_id="19" enabled="true">
      <transform>-4.8088537381483065e-01 2.4103645784235161e-01 -8.4300099836345554e-01 8.3332430696403748e+00 4.8344698872204073e-01 -7.2921251842091561e-01 -4.8428102592793870e-01 6.0289278188714768e+00 -7.3145626413789200e-01 -6.4042995633327315e-01 2.3413928479518420e-01 9.4808378252038139e+00 0.0000000000000000e+00 0.0000000000000000e+00 0.0000000000000000e+00 1.0000000000000000e+00</transform>
    </camera>
    <camera id="131" label="DSC_0136.JPG" sensor_id="19" enabled="true">
      <transform>-2.9965304738278620e-01 2.6696171181111716e-01 -9.1593640369901652e-01 9.0500821274939511e+00 5.0887694603591083e-01 -7.6735696634064765e-01 -3.9013784743554791e-01 4.9013298076024894e+00 -8.0700204769713846e-01 -5.8300491476089311e-01 9.4090192779425097e-02 1.1170898098782535e+01 0.0000000000000000e+00 0.0000000000000000e+00 0.0000000000000000e+00 1.0000000000000000e+00</transform>
    </camera>
    <camera id="132" label="DSC_0137.JPG" sensor_id="19" enabled="true">
      <transform>-2.7459145992167810e-02 2.8085599027135633e-01 -9.5935702844669679e-01 9.3578604017828653e+00 5.1417968431572891e-01 -8.1905410487632690e-01 -2.5449877312516911e-01 3.6258138132559328e+00 -8.5724281714013673e-01 -5.0027021299887009e-01 -1.2191991817462444e-01 1.3166645605128572e+01 0.0000000000000000e+00 0.0000000000000000e+00 0.0000000000000000e+00 1.0000000000000000e+00</transform>
    </camera>
    <camera id="133" label="DSC_0138.JPG" sensor_id="19" enabled="true">
      <transform>2.0885645635011052e-01 2.6750592187167582e-01 -9.4064847972261090e-01 9.1659091283832410e+00 4.8552345729899932e-01 -8.6330946146254606e-01 -1.3770891823580467e-01 2.4307224584431086e+00 -8.4890868357750993e-01 -4.2794550530743236e-01 -3.1018815488968199e-01 1.5096884758093816e+01 0.0000000000000000e+00 0.0000000000000000e+00 0.0000000000000000e+00 1.0000000000000000e+00</transform>
    </camera>
    <camera id="134" label="DSC_0139.JPG" sensor_id="19" enabled="true">
      <transform>4.1156213802848018e-01 2.4305205012052822e-01 -8.7837481035924170e-01 8.5326892338883873e+00 4.3072959516731413e-01 -9.0122712016823958e-01 -4.7557267796447950e-02 1.3997053097705301e+00 -8.0317409220444058e-01 -3.5876925565810347e-01 -4.7560067157869201e-01 1.6940726562310495e+01 0.0000000000000000e+00 0.0000000000000000e+00 0.0000000000000000e+00 1.0000000000000000e+00</transform>
    </camera>
    <camera id="135" label="DSC_0140.JPG" sensor_id="19" enabled="true">
      <transform>6.5464641462114981e-01 1.7966503799017386e-01 -7.3427416265837842e-01 6.9296007446885524e+00 3.2762774804359429e-01 -9.4280914603389310e-01 6.1408247546436021e-02 1.1383647618365522e-01 -6.8124748112235722e-01 -2.8076927944280278e-01 -6.7606987892200376e-01 1.9309812583544897e+01 0.0000000000000000e+00 0.0000000000000000e+00 0.0000000000000000e+00 1.0000000000000000e+00</transform>
    </camera>
    <camera id="136" label="DSC_0141.JPG" sensor_id="19" enabled="true">
      <transform>8.2699174857016611e-01 8.9291501079554955e-02 -5.5507808066236886e-01 4.8948052495775585e+00 2.0531889689597216e-01 -9.6708066276017257e-01 1.5033011106483790e-01 -9.5623658561527414e-01 -5.2338207685617266e-01 -2.3828978062498862e-01 -8.1810096080826977e-01 2.1014353833513979e+01 0.0000000000000000e+00 0.0000000000000000e+00 0.0000000000000000e+00 1.0000000000000000e+00</transform>
    </camera>
    <camera id="137" label="DSC_0142.JPG" sensor_id="19" enabled="true">
      <transform>9.0516486416626818e-01 3.0604470966262856e-02 -4.2395746842783172e-01 3.4088504275872245e+00 1.1802974194942166e-01 -9.7627787371622377e-01 1.8152270741557919e-01 -1.3401934559184294e+00 -4.0834488939401908e-01 -2.1434756739698307e-01 -8.8730466676152564e-01 2.1847641587681331e+01 0.0000000000000000e+00 0.0000000000000000e+00 0.0000000000000000e+00 1.0000000000000000e+00</transform>
    </camera>
    <camera id="138" label="DSC_0143.JPG" sensor_id="19" enabled="true">
      <transform>9.5541567993794052e-01 -2.5846108280738141e-02 -2.9413068050691910e-01 1.9521318627747544e+00 3.4970332994456489e-02 -9.7924466093716267e-01 1.9964210436758612e-01 -1.5823770721984936e+00 -2.9318586995109391e-01 -2.0102704472981159e-01 -9.3468185654168900e-01 2.2422893976604875e+01 0.0000000000000000e+00 0.0000000000000000e+00 0.0000000000000000e+00 1.0000000000000000e+00</transform>
    </camera>
    <camera id="139" label="DSC_0145.JPG" sensor_id="19" enabled="true">
      <transform>9.8415373657868810e-01 -7.5197695398903863e-02 -1.6058246910824184e-01 6.4329211488219862e-01 -4.2930646532528940e-02 -9.7972751835744354e-01 1.9568073324030724e-01 -1.5784887189955015e+00 -1.7204180412476741e-01 -1.8568601557429923e-01 -9.6743078370167457e-01 2.2791928598278602e+01 0.0000000000000000e+00 0.0000000000000000e+00 0.0000000000000000e+00 1.0000000000000000e+00</transform>
    </camera>
    <camera id="140" label="DSC_0147.JPG" sensor_id="19" enabled="true">
      <transform>9.7684541401462976e-01 -1.8562017631528038e-01 1.0638696942422142e-01 -2.8457190346816139e+00 -2.0100617712070823e-01 -9.6656529963020521e-01 1.5921067272670580e-01 -1.1864199908304531e+00 7.3277239835466509e-02 -1.7690865353468710e-01 -9.8149568232704909e-01 2.3124995288298841e+01 0.0000000000000000e+00 0.0000000000000000e+00 0.0000000000000000e+00 1.0000000000000000e+00</transform>
    </camera>
    <camera id="141" label="DSC_0149.JPG" sensor_id="19" enabled="true">
      <transform>8.9008909612400866e-01 -2.8560477379201371e-01 3.5520601648671107e-01 -5.7667194590900621e+00 -3.3590341528410167e-01 -9.3780726132994663e-01 8.7672322869315408e-02 -4.0632192782449117e-01 3.0807514758841120e-01 -1.9735109268518841e-01 -9.3066763651388495e-01 2.2607343039990766e+01 0.0000000000000000e+00 0.0000000000000000e+00 0.0000000000000000e+00 1.0000000000000000e+00</transform>
    </camera>
    <camera id="142" label="DSC_0151.JPG" sensor_id="19" enabled="true">
      <transform>7.5772565265838221e-01 -3.5965717444212197e-01 5.4451680614627285e-01 -8.0498643014745959e+00 -4.3165305455701086e-01 -9.0202654020234363e-01 4.8745525119830990e-03 5.8663307128543529e-01 4.8941544294702316e-01 -2.3873591611422637e-01 -8.3873576683128892e-01 2.1604631777922002e+01 0.0000000000000000e+00 0.0000000000000000e+00 0.0000000000000000e+00 1.0000000000000000e+00</transform>
    </camera>
    <camera id="143" label="DSC_0152.JPG" sensor_id="19" enabled="true">
      <transform>6.8643512821662300e-01 -3.8787087028614142e-01 6.1511218711199389e-01 -8.8977007186050496e+00 -4.6453913908628863e-01 -8.8467365340627302e-01 -3.9445091275939564e-02 1.0750202364234926e+00 5.5947314770880563e-01 -2.5866718955497370e-01 -7.8745227286517638e-01 2.1011890839575941e+01 0.0000000000000000e+00 0.0000000000000000e+00 0.0000000000000000e+00 1.0000000000000000e+00</transform>
    </camera>
    <camera id="144" label="DSC_0153.JPG" sensor_id="19" enabled="true">
      <transform>6.2337947679015737e-01 -4.0722693701272528e-01 6.6750599224880691e-01 -9.5529963676488769e+00 -4.8763707364188602e-01 -8.6979836761727525e-01 -7.5238847016026955e-02 1.5062624411367214e+00 6.1123490764746746e-01 -2.7859831561148601e-01 -7.4079340319122355e-01 2.0513950785462008e+01 0.0000000000000000e+00 0.0000000000000000e+00 0.0000000000000000e+00 1.0000000000000000e+00</transform>
    </camera>
    <camera id="145" label="DSC_0154.JPG" sensor_id="19" enabled="true">
      <transform>6.2271185826900632e-01 -4.0796525720397553e-01 6.6767828367085225e-01 -9.5278270205935698e+00 -4.8677116106944002e-01 -8.7007200902938864e-01 -7.7643646582787079e-02 1.4938135159282222e+00 6.1260409590719378e-01 -2.7665691391696234e-01 -7.4038987949571011e-01 2.0473387114117131e+01 0.0000000000000000e+00 0.0000000000000000e+00 0.0000000000000000e+00 1.0000000000000000e+00</transform>
    </camera>
    <camera id="146" label="DSC_0155.JPG" sensor_id="19" enabled="true">
      <transform>5.1009580304896307e-01 -4.3784171741465777e-01 7.4033566860122035e-01 -1.0410955420727944e+01 -5.1927083517421524e-01 -8.4294086765029963e-01 -1.4074264947922835e-01 2.2274548152510842e+00 6.8568219420465182e-01 -3.1264248613447099e-01 -6.5733903308289177e-01 1.9509888281353746e+01 0.0000000000000000e+00 0.0000000000000000e+00 0.0000000000000000e+00 1.0000000000000000e+00</transform>
    </camera>
    <camera id="147" label="DSC_0156.JPG" sensor_id="19" enabled="true">
      <transform>5.1188974317461211e-01 -4.3451729561158259e-01 7.4105574058030621e-01 -1.0442578493871029e+01 -5.1960143427687278e-01 -8.4356316104847939e-01 -1.3570387916089116e-01 2.2401524425286157e+00 6.8409300561403641e-01 -3.1558820183317010e-01 -6.5758713987855644e-01 1.9541835018752622e+01 0.0000000000000000e+00 0.0000000000000000e+00 0.0000000000000000e+00 1.0000000000000000e+00</transform>
    </camera>
    <camera id="148" label="DSC_0157.JPG" sensor_id="19" enabled="true">
      <transform>3.9685064828283134e-01 -4.5493092934062118e-01 7.9721227567491415e-01 -1.1117786827716046e+01 -5.3924455788806713e-01 -8.1839999306937561e-01 -1.9858690322412761e-01 2.9749708140253102e+00 7.4278184532579916e-01 -3.5108303985428402e-01 -5.7010159566613705e-01 1.8494736640231800e+01 0.0000000000000000e+00 0.0000000000000000e+00 0.0000000000000000e+00 1.0000000000000000e+00</transform>
    </camera>
    <camera id="149" label="DSC_0158.JPG" sensor_id="19" enabled="true">
      <transform>2.7726354792923991e-01 -4.7085844065698496e-01 8.3750656943797286e-01 -1.1647894435595603e+01 -5.5078341401416331e-01 -7.9212773334395647e-01 -2.6300434390760224e-01 3.7226853425144117e+00 7.8724999576792132e-01 -3.8836321006171287e-01 -4.7896916522253230e-01 1.7452922357339247e+01 0.0000000000000000e+00 0.0000000000000000e+00 0.0000000000000000e+00 1.0000000000000000e+00</transform>
    </camera>
    <camera id="150" label="DSC_0159.JPG" sensor_id="19" enabled="true">
      <transform>1.4044230442616923e-01 -4.8064834171890863e-01 8.6559409120576247e-01 -1.1986900445347683e+01 -5.5283505428212631e-01 -7.6334790907797756e-01 -3.3417566108733604e-01 4.5102396618729736e+00 8.2137041697661894e-01 -4.3159835647178141e-01 -3.7292559151459659e-01 1.6240458444223535e+01 0.0000000000000000e+00 0.0000000000000000e+00 0.0000000000000000e+00 1.0000000000000000e+00</transform>
    </camera>
    <camera id="151" label="DSC_0160.JPG" sensor_id="19" enabled="true">
      <transform>1.0230061245469324e-02 -4.8179811205632012e-01 8.7622253170406394e-01 -1.2124634673030179e+01 -5.4462838032875827e-01 -7.3757500720639912e-01 -3.9920300109712814e-01 5.2421981238133979e+00 8.3861509239184762e-01 -4.7313178709894965e-01 -2.6994636291153640e-01 1.5061823939281522e+01 0.0000000000000000e+00 0.0000000000000000e+00 0.0000000000000000e+00 1.0000000000000000e+00</transform>
    </camera>
    <camera id="152" label="DSC_0161.JPG" sensor_id="19" enabled="true">
      <transform>-1.0662875126969307e-01 -4.7869149723606580e-01 8.7148422812840387e-01 -1.2090976075974847e+01 -5.2893882880524035e-01 -7.1486232624183055e-01 -4.5737902214931037e-01 5.8932211095172171e+00 8.4193469151995792e-01 -5.0973160093721115e-01 -1.7697364273015703e-01 1.3984842866945298e+01 0.0000000000000000e+00 0.0000000000000000e+00 0.0000000000000000e+00 1.0000000000000000e+00</transform>
    </camera>
    <camera id="153" label="DSC_0162.JPG" sensor_id="19" enabled="true">
      <transform>-2.1387245864276705e-01 -4.7171259357447526e-01 8.5542141690358675e-01 -1.1941988388120905e+01 -5.0813700310838239e-01 -6.9416555312261474e-01 -5.0983425829381679e-01 6.4878938129428709e+00 8.3429932129070439e-01 -5.4371078150172492e-01 -9.1231730075965967e-02 1.2991484463000713e+01 0.0000000000000000e+00 0.0000000000000000e+00 0.0000000000000000e+00 1.0000000000000000e+00</transform>
    </camera>
    <camera id="154" label="DSC_0163.JPG" sensor_id="19" enabled="true">
      <transform>-3.2533012684178353e-01 -4.5848481664304147e-01 8.2701389436750428e-01 -1.1656558761858530e+01 -4.7979523048813838e-01 -6.7360909509388422e-01 -5.6218086396428735e-01 7.1129875430503393e+00 8.1483547134985668e-01 -5.7969169384647468e-01 -8.3349592788761750e-04 1.1918023972919759e+01 0.0000000000000000e+00 0.0000000000000000e+00 0.0000000000000000e+00 1.0000000000000000e+00</transform>
    </camera>
    <camera id="155" label="DSC_0164.JPG" sensor_id="19" enabled="true">
      <transform>-4.0094391330660384e-01 -4.4384251368139876e-01 8.0140364450841128e-01 -1.1235628705430980e+01 -4.6262728996888308e-01 -6.5695962759895976e-01 -5.9529827673283531e-01 7.6958248053817453e+00 7.9070852338800146e-01 -6.0943241688805305e-01 5.8070304696573816e-02 1.0924424536668528e+01 0.0000000000000000e+00 0.0000000000000000e+00 0.0000000000000000e+00 1.0000000000000000e+00</transform>
    </camera>
    <camera id="156" label="DSC_0165.JPG" sensor_id="19" enabled="true">
      <transform>-5.0759480259116241e-01 -4.2073651082561603e-01 7.5188317233512081e-01 -1.0651058972636463e+01 -4.2339009104082737e-01 -6.3822733140252630e-01 -6.4296710978031346e-01 8.2500838144987050e+00 7.5039212895050988e-01 -6.4470664794858135e-01 1.4582520666889198e-01 9.9050276387822542e+00 0.0000000000000000e+00 0.0000000000000000e+00 0.0000000000000000e+00 1.0000000000000000e+00</transform>
    </camera>
    <camera id="157" label="DSC_0166.JPG" sensor_id="19" enabled="true">
      <transform>-6.0112665399552201e-01 -3.9599437927225523e-01 6.9414349917068963e-01 -9.9691152215386474e+00 -3.7925075954730814e-01 -6.2319955363140911e-01 -6.8395261366296589e-01 8.7368798822170461e+00 7.0343130953842103e-01 -6.7439659543802088e-01 2.2444069333048400e-01 8.9758285453606064e+00 0.0000000000000000e+00 0.0000000000000000e+00 0.0000000000000000e+00 1.0000000000000000e+00</transform>
    </camera>
    <camera id="158" label="DSC_0167.JPG" sensor_id="19" enabled="true">
      <transform>-6.6332238556565681e-01 -3.7084850450442758e-01 6.4998061472194357e-01 -9.1081909490643724e+00 -3.5014554444883944e-01 -6.1381827437920877e-01 -7.0754874301404569e-01 9.2210970925480282e+00 6.6136337251930710e-01 -6.9692073634306495e-01 2.7730845054727082e-01 8.0571400941596085e+00 0.0000000000000000e+00 0.0000000000000000e+00 0.0000000000000000e+00 1.0000000000000000e+00</transform>
    </camera>
    <camera id="159" label="DSC_0168.JPG" sensor_id="19" enabled="true">
      <transform>-7.3358436402389116e-01 -3.4441866797656673e-01 5.8585814154017746e-01 -8.3301892366781249e+00 -3.0605661970755849e-01 -6.0226686126523488e-01 -7.3729503820038356e-01 9.5228264128981088e+00 6.0678111901479437e-01 -7.2017387412413791e-01 3.3640193910883387e-01 7.3869274976743551e+00 0.0000000000000000e+00 0.0000000000000000e+00 0.0000000000000000e+00 1.0000000000000000e+00</transform>
    </camera>
    <camera id="160" label="DSC_0169.JPG" sensor_id="19" enabled="true">
      <transform>-8.3213175560564911e-01 -2.9475295134316254e-01 4.6976317329815837e-01 -6.9200295745855973e+00 -2.2883740322040871e-01 -5.8909297681296247e-01 -7.7498574667988751e-01 9.9315188745924043e+00 5.0516352223809702e-01 -7.5238963466021902e-01 4.2275247303340824e-01 6.4426072930874874e+00 0.0000000000000000e+00 0.0000000000000000e+00 0.0000000000000000e+00 1.0000000000000000e+00</transform>
    </camera>
    <camera id="161" label="DSC_0170.JPG" sensor_id="19" enabled="true">
      <transform>-9.1526588885128246e-01 -2.3380311641646026e-01 3.2806166411091536e-01 -5.1184180517855218e+00 -1.3981764996797622e-01 -5.7936797400500595e-01 -8.0298429340477606e-01 1.0221685462340732e+01 3.7780865191615770e-01 -7.8081294395731315e-01 4.9758594140712009e-01 5.6015529071547094e+00 0.0000000000000000e+00 0.0000000000000000e+00 0.0000000000000000e+00 1.0000000000000000e+00</transform>
    </camera>
    <camera id="162" label="DSC_0171.JPG" sensor_id="19" enabled="true">
      <transform>-9.1580070067956254e-01 -2.3405209777942523e-01 3.2638733455799518e-01 -5.1240623510309451e+00 -1.3831792857961453e-01 -5.7914368406260519e-01 -8.0340571559072049e-01 1.0225933017343955e+01 3.7706395646927982e-01 -7.8090473729863075e-01 4.9800659031411298e-01 5.5990621999871157e+00 0.0000000000000000e+00 0.0000000000000000e+00 0.0000000000000000e+00 1.0000000000000000e+00</transform>
    </camera>
    <camera id="163" label="DSC_0172.JPG" sensor_id="19" enabled="true">
      <transform>-9.7258802145519041e-01 -1.6520485326891390e-01 1.6364564454416369e-01 -3.1810278747324530e+00 -3.9390228138112438e-02 -5.7652800322129238e-01 -8.1612736225965177e-01 1.0299751695422755e+01 2.2917449781575960e-01 -8.0020173578796128e-01 5.5421677310672268e-01 5.0287868008982191e+00 0.0000000000000000e+00 0.0000000000000000e+00 0.0000000000000000e+00 1.0000000000000000e+00</transform>
    </camera>
    <camera id="164" label="DSC_0173.JPG" sensor_id="19" enabled="true">
      <transform>-9.9589176886345487e-01 -9.0376327939601930e-02 5.6306356810254116e-03 -9.7174942435267464e-01 4.8072046832154623e-02 -5.8037185124464696e-01 -8.1293148087414380e-01 1.0152378783369331e+01 7.6737624561788745e-02 -8.0932109427038579e-01 5.8233212460382011e-01 4.7709981571490072e+00 0.0000000000000000e+00 0.0000000000000000e+00 0.0000000000000000e+00 1.0000000000000000e+00</transform>
    </camera>
    <camera id="165" label="DSC_0174.JPG" sensor_id="19" enabled="true">
      <transform>-9.9226113981243247e-01 -5.1441946245043703e-02 -1.1301131175530330e-01 -1.2394154187486550e-01 1.2166766409217208e-01 -5.8455316551178327e-01 -8.0218113677928626e-01 1.0026049981384984e+01 -2.4795361108213447e-02 -8.0972299143390736e-01 5.8628821172767709e-01 4.7777675576581133e+00 0.0000000000000000e+00 0.0000000000000000e+00 0.0000000000000000e+00 1.0000000000000000e+00</transform>
    </camera>
    <camera id="166" label="DSC_0175.JPG" sensor_id="19" enabled="true">
      <transform>-9.7523056643564732e-01 -3.8426360187235331e-05 -2.2119073401257441e-01 1.5841744753615110e+00 1.7746276897551455e-01 -5.9704819155955891e-01 -7.8233012378599076e-01 9.6860911483602461e+00 -1.3203146563281706e-01 -8.0220536988907987e-01 5.8226646529228854e-01 4.9592490515721410e+00 0.0000000000000000e+00 0.0000000000000000e+00 0.0000000000000000e+00 1.0000000000000000e+00</transform>
    </camera>
    <camera id="167" label="DSC_0177.JPG" sensor_id="19" enabled="true">
      <transform>-8.3779012716705148e-01 1.2402652515807665e-01 -5.3171902719258479e-01 5.0420611588766295e+00 3.4061029409614579e-01 -6.4240010339717180e-01 -6.8651783276987066e-01 8.4236392837114487e+00 -4.2672277930426067e-01 -7.5626683664730132e-01 4.9595175310742834e-01 6.2238583549285433e+00 0.0000000000000000e+00 0.0000000000000000e+00 0.0000000000000000e+00 1.0000000000000000e+00</transform>
    </camera>
    <camera id="168" label="DSC_0178.JPG" sensor_id="19" enabled="true">
      <transform>-7.1224749516601049e-01 1.7849350001138284e-01 -6.7885460599706504e-01 6.6389325840019628e+00 4.1216821842434637e-01 -6.7648688133125079e-01 -6.1031373825895363e-01 7.4874308569102164e+00 -5.6817327053518119e-01 -7.1449672486331584e-01 4.0825673884083202e-01 7.3873266891195088e+00 0.0000000000000000e+00 0.0000000000000000e+00 0.0000000000000000e+00 1.0000000000000000e+00</transform>
    </camera>
    <camera id="169" label="DSC_0179.JPG" sensor_id="19" enabled="true">
      <transform>-5.8249199028956378e-01 2.1653016564629646e-01 -7.8346523127302226e-01 7.7025742728141440e+00 4.5981944035474476e-01 -7.0703743952741860e-01 -5.3727473547372506e-01 6.6565066574909224e+00 -6.7027543854773020e-01 -6.7321077417975084e-01 3.1227886577216291e-01 8.5424802893451002e+00 0.0000000000000000e+00 0.0000000000000000e+00 0.0000000000000000e+00 1.0000000000000000e+00</transform>
    </camera>
    <camera id="170" label="DSC_0180.JPG" sensor_id="19" enabled="true">
      <transform>-4.0004465810874590e-01 2.5315785783715489e-01 -8.8083787982463579e-01 8.7107052580398125e+00 4.9661037253010470e-01 -7.4789398308252064e-01 -4.4049146185195559e-01 5.5142007173487508e+00 -7.7028722527000737e-01 -6.1364948389472729e-01 1.7347017467440229e-01 1.0217417439019208e+01 0.0000000000000000e+00 0.0000000000000000e+00 0.0000000000000000e+00 1.0000000000000000e+00</transform>
    </camera>
    <camera id="0" label="DSC_0182.JPG" sensor_id="7" enabled="true">
      <transform>9.5401324010126243e-01 6.0211871254888770e-02 -2.9365501574377323e-01 2.2268141568224067e+00 -5.6955885240059463e-02 9.9818360280751373e-01 1.9634719828225872e-02 -1.4481313214383887e-01 2.9430386482003962e-01 -2.0064013049360622e-03 9.5570979355963037e-01 4.0948969451114486e-01 0.0000000000000000e+00 0.0000000000000000e+00 0.0000000000000000e+00 1.0000000000000000e+00</transform>
      <orientation>1</orientation>
    </camera>
    <camera id="1" label="DSC_0183.JPG" sensor_id="7" enabled="true">
      <transform>9.9351131628481193e-01 -1.7662810537351272e-02 -1.1235341355714119e-01 8.3907108421040599e-02 1.9661750633836187e-02 9.9966706764434443e-01 1.6708364054288542e-02 -9.1787175923978698e-02 1.1202089080181966e-01 -1.8809013564762826e-02 9.9352782599818878e-01 -1.7025433731275814e-02 0.0000000000000000e+00 0.0000000000000000e+00 0.0000000000000000e+00 1.0000000000000000e+00</transform>
      <orientation>1</orientation>
    </camera>
    <camera id="2" label="DSC_0184.JPG" sensor_id="7" enabled="true">
      <transform>9.9407791542752189e-01 -8.9713618850022964e-02 6.1323442924426395e-02 -1.8698538473791662e+00 8.8300678299966351e-02 9.9577046647030165e-01 2.5380471179309583e-02 -1.4701706932812725e-01 -6.3341047284035557e-02 -1.9815264276580244e-02 9.9779520295029023e-01 -9.3528470342644318e-02 0.0000000000000000e+00 0.0000000000000000e+00 0.0000000000000000e+00 1.0000000000000000e+00</transform>
      <orientation>1</orientation>
    </camera>
    <camera id="3" label="DSC_0185.JPG" sensor_id="7" enabled="true">
      <transform>9.6200893444259450e-01 -1.5442330474945029e-01 2.2514940151570970e-01 -3.7813005925926158e+00 1.4868655430330449e-01 9.8797826068000860e-01 4.2323338633849295e-02 -3.4290649779813009e-01 -2.2897842392250486e-01 -7.2387411863803867e-03 9.7340458289654785e-01 1.3583493105735123e-01 0.0000000000000000e+00 0.0000000000000000e+00 0.0000000000000000e+00 1.0000000000000000e+00</transform>
      <orientation>1</orientation>
    </camera>
    <camera id="4" label="DSC_0186.JPG" sensor_id="7" enabled="true">
      <transform>8.8381125411785888e-01 -2.2867061152968293e-01 4.0815122015897298e-01 -5.9530944548395031e+00 2.1655120881025575e-01 9.7327969373250045e-01 7.6368918617375089e-02 -7.2576932060149546e-01 -4.1470862187496726e-01 2.0889930363959405e-02 9.0971444407129998e-01 8.2776774246777973e-01 0.0000000000000000e+00 0.0000000000000000e+00 0.0000000000000000e+00 1.0000000000000000e+00</transform>
      <orientation>1</orientation>
    </camera>
    <camera id="5" label="DSC_0187.JPG" sensor_id="7" enabled="true">
      <transform>7.7536674985205578e-01 -2.8968570906287477e-01 5.6114935016321554e-01 -7.7682505410994791e+00 2.7121819453719359e-01 9.5521279294108918e-01 1.1836051349022098e-01 -1.1981147762975242e+00 -5.7030438730194299e-01 6.0421106961253725e-02 8.1920827367509674e-01 1.8426709400657886e+00 0.0000000000000000e+00 0.0000000000000000e+00 0.0000000000000000e+00 1.0000000000000000e+00</transform>
      <orientation>1</orientation>
    </camera>
    <camera id="6" label="DSC_0188.JPG" sensor_id="7" enabled="true">
      <transform>6.3345271791768942e-01 -3.4613127682601058e-01 6.9204825941944825e-01 -9.4867672840819282e+00 3.1893919547356958e-01 9.3165885653244451e-01 1.7403897447218600e-01 -1.9225520259900251e+00 -7.0499322248753893e-01 1.1047585368510940e-01 7.0055666580169085e-01 3.3492534737901893e+00 0.0000000000000000e+00 0.0000000000000000e+00 0.0000000000000000e+00 1.0000000000000000e+00</transform>
      <orientation>1</orientation>
    </camera>
    <camera id="7" label="DSC_0189.JPG" sensor_id="7" enabled="true">
      <transform>4.9511850989282580e-01 -3.7889935499466010e-01 7.8185224943472409e-01 -1.0538078544435610e+01 3.4539285456359525e-01 9.1156896480140226e-01 2.2303766145499018e-01 -2.4964428390234330e+00 -7.9722107170967249e-01 1.5961610568965220e-01 5.8220379733092675e-01 4.7353702054457152e+00 0.0000000000000000e+00 0.0000000000000000e+00 0.0000000000000000e+00 1.0000000000000000e+00</transform>
      <orientation>1</orientation>
    </camera>
    <camera id="8" label="DSC_0190.JPG" sensor_id="7" enabled="true">
      <transform>3.1851615554069579e-01 -4.0564856801483901e-01 8.5673607250254491e-01 -1.1422470846633875e+01 3.6608241491025900e-01 8.8632853941677969e-01 2.8355843438132955e-01 -3.1946704273487625e+00 -8.7437470466216494e-01 2.2331806797218257e-01 4.3081076630479342e-01 6.5047088749794026e+00 0.0000000000000000e+00 0.0000000000000000e+00 0.0000000000000000e+00 1.0000000000000000e+00</transform>
      <orientation>1</orientation>
    </camera>
    <camera id="9" label="DSC_0191.JPG" sensor_id="7" enabled="true">
      <transform>1.5780953066620934e-01 -4.1708003025071055e-01 8.9506446717372101e-01 -1.1908216944083353e+01 3.7880955216257622e-01 8.6264396783086150e-01 3.3518458788467020e-01 -3.9161726330508517e+00 -9.1192076148166479e-01 2.8616364746608558e-01 2.9412733917065026e-01 8.3988328641373737e+00 0.0000000000000000e+00 0.0000000000000000e+00 0.0000000000000000e+00 1.0000000000000000e+00</transform>
      <orientation>1</orientation>
    </camera>
    <camera id="10" label="DSC_0192.JPG" sensor_id="7" enabled="true">
      <transform>-1.8712730054853778e-02 -4.1993078713244381e-01 9.0736319506150342e-01 -1.1995614090227697e+01 3.7618160771166598e-01 8.3787956077680015e-01 3.9553159121863074e-01 -4.6022510414027824e+00 -9.2635696777935450e-01 3.4873482139127138e-01 1.4229122459181234e-01 1.0168350286393231e+01 0.0000000000000000e+00 0.0000000000000000e+00 0.0000000000000000e+00 1.0000000000000000e+00</transform>
      <orientation>1</orientation>
    </camera>
    <camera id="11" label="DSC_0193.JPG" sensor_id="7" enabled="true">
      <transform>-2.1000425541902870e-01 -4.0693286482529162e-01 8.8899035778290658e-01 -1.1716277520269070e+01 3.6172004909520022e-01 8.1241040828108457e-01 4.5732694497386367e-01 -5.3000229191744852e+00 -9.0832638340437155e-01 4.1760624042468791e-01 -2.3413867042683306e-02 1.2095853446637646e+01 0.0000000000000000e+00 0.0000000000000000e+00 0.0000000000000000e+00 1.0000000000000000e+00</transform>
      <orientation>1</orientation>
    </camera>
    <camera id="12" label="DSC_0194.JPG" sensor_id="7" enabled="true">
      <transform>-3.9112320695910235e-01 -3.8789565814231852e-01 8.3460145900445504e-01 -1.1119751903722833e+01 3.3203133253258932e-01 7.8629823417566425e-01 5.2104729262214400e-01 -6.0811777707408678e+00 -8.5835763595057535e-01 4.8090752263462322e-01 -1.7874597472046508e-01 1.3907706634633366e+01 0.0000000000000000e+00 0.0000000000000000e+00 0.0000000000000000e+00 1.0000000000000000e+00</transform>
      <orientation>1</orientation>
    </camera>
    <camera id="13" label="DSC_0195.JPG" sensor_id="7" enabled="true">
      <transform>-6.1142585798829152e-01 -3.3345947776023815e-01 7.1760936231012962e-01 -9.6852697796106959e+00 2.7426199357272668e-01 7.6135562324758266e-01 5.8746742363368465e-01 -6.8488235990632864e+00 -7.4225250357596995e-01 5.5600574784902601e-01 -3.7405725403212031e-01 1.6136984296081707e+01 0.0000000000000000e+00 0.0000000000000000e+00 0.0000000000000000e+00 1.0000000000000000e+00</transform>
      <orientation>1</orientation>
    </camera>
    <camera id="14" label="DSC_0196.JPG" sensor_id="7" enabled="true">
      <transform>-7.8340655952777571e-01 -2.6853355460512013e-01 5.6050324935721163e-01 -7.7938048800172730e+00 2.0232279225905636e-01 7.4253036809321382e-01 6.3852497225390870e-01 -7.4624862608914002e+00 -5.8765606456613073e-01 6.1362723416622822e-01 -5.2737270242984002e-01 1.7917730198025900e+01 0.0000000000000000e+00 0.0000000000000000e+00 0.0000000000000000e+00 1.0000000000000000e+00</transform>
      <orientation>1</orientation>
    </camera>
    <camera id="15" label="DSC_0197.JPG" sensor_id="7" enabled="true">
      <transform>-9.0876078998476173e-01 -1.7931266019987416e-01 3.7682993044384944e-01 -5.6068287338542140e+00 1.3483450579043973e-01 7.2838854235467998e-01 6.7176617019218277e-01 -7.8004942496460359e+00 -3.9493478276105259e-01 6.6128443294732808e-01 -6.3775341324606893e-01 1.9124936518798414e+01 0.0000000000000000e+00 0.0000000000000000e+00 0.0000000000000000e+00 1.0000000000000000e+00</transform>
      <orientation>1</orientation>
    </camera>
    <camera id="16" label="DSC_0198.JPG" sensor_id="7" enabled="true">
      <transform>-9.7427142465898176e-01 -1.0462476621541758e-01 1.9962176581557245e-01 -3.5177474811843861e+00 6.3329190739890961e-02 7.2294949593073543e-01 6.8799232549042710e-01 -7.9519830905860225e+00 -2.1629749118560887e-01 6.8293314799317251e-01 -6.9772323358115784e-01 1.9771046408883322e+01 0.0000000000000000e+00 0.0000000000000000e+00 0.0000000000000000e+00 1.0000000000000000e+00</transform>
      <orientation>1</orientation>
    </camera>
    <camera id="17" label="DSC_0199.JPG" sensor_id="7" enabled="true">
      <transform>-9.9890720101299413e-01 -3.7016972874553702e-02 2.8533269766893125e-02 -1.5224481667314422e+00 -7.1516286293500410e-03 7.2436898843083031e-01 6.8937538598911596e-01 -7.9557283478335235e+00 -4.6187205721212481e-02 6.8841797791668646e-01 -7.2384213037703671e-01 2.0038171215609111e+01 0.0000000000000000e+00 0.0000000000000000e+00 0.0000000000000000e+00 1.0000000000000000e+00</transform>
      <orientation>1</orientation>
    </camera>
    <camera id="18" label="DSC_0200.JPG" sensor_id="7" enabled="true">
      <transform>-9.8657962477233441e-01 3.7935705659440808e-02 -1.5881286541146525e-01 6.5246571676135778e-01 -8.1080981425256923e-02 7.3042018396047537e-01 6.7816828981769928e-01 -7.8071060325174377e+00 1.4172691499922321e-01 6.8194371989136027e-01 -7.1754180677193791e-01 1.9914396042931308e+01 0.0000000000000000e+00 0.0000000000000000e+00 0.0000000000000000e+00 1.0000000000000000e+00</transform>
      <orientation>1</orientation>
    </camera>
    <camera id="19" label="DSC_0201.JPG" sensor_id="7" enabled="true">
      <transform>-9.4228271258159602e-01 1.0089672309568684e-01 -3.1925403809258474e-01 2.5067835101386051e+00 -1.4348541549250235e-01 7.3983073804881816e-01 6.5731454767035524e-01 -7.5506947036160312e+00 3.0251483453016520e-01 6.6518443330154087e-01 -6.8265250646466868e-01 1.9474494698888158e+01 0.0000000000000000e+00 0.0000000000000000e+00 0.0000000000000000e+00 1.0000000000000000e+00</transform>
      <orientation>1</orientation>
    </camera>
    <camera id="20" label="DSC_0202.JPG" sensor_id="7" enabled="true">
      <transform>-8.5265444034108306e-01 1.6823373805975450e-01 -4.9464918350794451e-01 4.5626132753219464e+00 -2.0859932995922853e-01 7.5839750911821291e-01 6.1751075918064036e-01 -7.0653057863814679e+00 4.7902685196885897e-01 6.2970677901840300e-01 -6.1155755865746031e-01 1.8578959170092638e+01 0.0000000000000000e+00 0.0000000000000000e+00 0.0000000000000000e+00 1.0000000000000000e+00</transform>
      <orientation>1</orientation>
    </camera>
    <camera id="21" label="DSC_0203.JPG" sensor_id="7" enabled="true">
      <transform>-7.5647060473387673e-01 2.1578459952008566e-01 -6.1740524032722544e-01 6.0430090769096036e+00 -2.4856709810718869e-01 7.7831413968434648e-01 5.7657739957961129e-01 -6.5701801505044166e+00 6.0495175172251048e-01 5.8963048308018462e-01 -5.3513481620101500e-01 1.7573651601274975e+01 0.0000000000000000e+00 0.0000000000000000e+00 0.0000000000000000e+00 1.0000000000000000e+00</transform>
      <orientation>1</orientation>
    </camera>
    <camera id="22" label="DSC_0204.JPG" sensor_id="7" enabled="true">
      <transform>-5.8429199473564430e-01 2.6989820553966604e-01 -7.6534817144506850e-01 7.9587836415925262e+00 -2.9460427374194953e-01 8.0820114566333945e-01 5.0992080761765790e-01 -5.6523146875002812e+00 7.5618197993658920e-01 5.2341748804843558e-01 -3.9271229471999680e-01 1.5487958167680080e+01 0.0000000000000000e+00 0.0000000000000000e+00 0.0000000000000000e+00 1.0000000000000000e+00</transform>
      <orientation>1</orientation>
    </camera>
    <camera id="23" label="DSC_0205.JPG" sensor_id="7" enabled="true">
      <transform>-3.8130139275462099e-01 3.0806510460515829e-01 -8.7161065803947069e-01 9.0076223462945002e+00 -3.2506472948029602e-01 8.3795081645002978e-01 4.3837352892097642e-01 -4.7738671369745820e+00 8.6541444957389535e-01 4.5048231989206983e-01 -2.1937071348147330e-01 1.3419265712738047e+01 0.0000000000000000e+00 0.0000000000000000e+00 0.0000000000000000e+00 1.0000000000000000e+00</transform>
      <orientation>1</orientation>
    </camera>
    <camera id="24" label="DSC_0206.JPG" sensor_id="7" enabled="true">
      <transform>-1.1877545425406436e-01 3.2944947883251824e-01 -9.3667253208563928e-01 9.5350307935661931e+00 -3.3903619455606854e-01 8.7319733491911489e-01 3.5011551389662077e-01 -3.7201308311048922e+00 9.3324533229354034e-01 3.5915102002797838e-01 7.9808874934007845e-03 1.0751167008938417e+01 0.0000000000000000e+00 0.0000000000000000e+00 0.0000000000000000e+00 1.0000000000000000e+00</transform>
      <orientation>1</orientation>
    </camera>
    <camera id="25" label="DSC_0207.JPG" sensor_id="7" enabled="true">
      <transform>9.5034977392155828e-02 3.2532545024912907e-01 -9.4081438365507242e-01 9.4002273190310461e+00 -3.2976717356897722e-01 9.0201785311850458e-01 2.7859900195767401e-01 -2.9090174195715734e+00 9.3926671627839586e-01 2.8377305029844785e-01 1.9300490049714822e-01 8.6040241967932705e+00 0.0000000000000000e+00 0.0000000000000000e+00 0.0000000000000000e+00 1.0000000000000000e+00</transform>
      <orientation>1</orientation>
    </camera>
    <camera id="26" label="DSC_0210.JPG" sensor_id="7" enabled="true">
      <transform>4.1424339053100839e-01 2.8677855141529218e-01 -8.6380580910845994e-01 8.2565941660244349e+00 -2.8715336091419941e-01 9.4177129723231601e-01 1.7495648323237442e-01 -1.7550372740999183e+00 8.6368128422297885e-01 1.7557017445314330e-01 4.7247196014730741e-01 5.4105013802766813e+00 0.0000000000000000e+00 0.0000000000000000e+00 0.0000000000000000e+00 1.0000000000000000e+00</transform>
      <orientation>1</orientation>
    </camera>
    <camera id="27" label="DSC_0211.JPG" sensor_id="7" enabled="true">
      <transform>6.2975599375320679e-01 2.3075166622354495e-01 -7.4172842527906957e-01 6.6689585914424176e+00 -2.2811963552065687e-01 9.6769501950118975e-01 1.0736750496548887e-01 -1.0058311631858152e+00 7.4254213363406751e-01 1.0158748824362833e-01 6.6205072465070003e-01 3.3026149556759825e+00 0.0000000000000000e+00 0.0000000000000000e+00 0.0000000000000000e+00 1.0000000000000000e+00</transform>
      <orientation>1</orientation>
    </camera>
    <camera id="28" label="DSC_0212.JPG" sensor_id="7" enabled="true">
      <transform>8.1822636196952969e-01 1.5022542416745022e-01 -5.5492156428797923e-01 4.3628052981499295e+00 -1.4672156055681090e-01 9.8785767671532310e-01 5.1088102552142980e-02 -4.2930110928268939e-01 5.5585825913256182e-01 3.9617325607792783e-02 8.3033250163160777e-01 1.4901411946260159e+00 0.0000000000000000e+00 0.0000000000000000e+00 0.0000000000000000e+00 1.0000000000000000e+00</transform>
      <orientation>1</orientation>
    </camera>
    <camera id="29" label="DSC_0214.JPG" sensor_id="7" enabled="true">
      <transform>9.7275504169001981e-01 1.6449333271835433e-02 -2.3125105037936564e-01 9.1909754479399242e-01 -1.2181925464635892e-02 9.9972836554762634e-01 1.9869469329742859e-02 -1.4777600481677383e-01 2.3151507414987446e-01 -1.6511043406872393e-02 9.7269119245883717e-01 1.2487701991968500e-01 0.0000000000000000e+00 0.0000000000000000e+00 0.0000000000000000e+00 1.0000000000000000e+00</transform>
      <orientation>1</orientation>
    </camera>
  </cameras>
  <markers next_id="56">
    <marker id="21" label="6"/>
    <marker id="36" label="6"/>
    <marker id="0" label="6"/>
    <marker id="38" label="8"/>
    <marker id="23" label="8"/>
    <marker id="2" label="8"/>
    <marker id="9" label="BL"/>
    <marker id="49" label="BL"/>
    <marker id="18" label="BL"/>
    <marker id="54" label="BR"/>
    <marker id="26" label="BR"/>
    <marker id="1" label="Centre6"/>
    <marker id="37" label="Centre6"/>
    <marker id="22" label="Centre6"/>
    <marker id="13" label="FrontR"/>
    <marker id="42" label="FrontR"/>
    <marker id="27" label="FrontR"/>
    <marker id="52" label="Hole"/>
    <marker id="5" label="LWB"/>
    <marker id="15" label="LWB"/>
    <marker id="4" label="LWT"/>
    <marker id="14" label="LWT"/>
    <marker id="45" label="LeftDip"/>
    <marker id="31" label="LeftDip"/>
    <marker id="11" label="LeftDip"/>
    <marker id="20" label="LeftSun"/>
    <marker id="8" label="LeftSun"/>
    <marker id="24" label="Middle6"/>
    <marker id="39" label="Middle6"/>
    <marker id="3" label="Middle6"/>
    <marker id="43" label="Notch"/>
    <marker id="28" label="RE"/>
    <marker id="47" label="RE"/>
    <marker id="6" label="RWB"/>
    <marker id="40" label="RWB"/>
    <marker id="17" label="RWB"/>
    <marker id="41" label="RWT"/>
    <marker id="7" label="RWT"/>
    <marker id="16" label="RWT"/>
    <marker id="12" label="RightDip"/>
    <marker id="30" label="RightDip"/>
    <marker id="44" label="RightDip"/>
    <marker id="46" label="RightPoint"/>
    <marker id="35" label="RightSun"/>
    <marker id="25" label="RightSun"/>
    <marker id="51" label="Scab"/>
    <marker id="48" label="Toe"/>
    <marker id="29" label="Toe2"/>
    <marker id="53" label="Tongue"/>
    <marker id="33" label="Tongue"/>
    <marker id="50" label="Triangle"/>
    <marker id="32" label="Triangle"/>
    <marker id="10" label="U"/>
    <marker id="19" label="U"/>
    <marker id="34" label="shine"/>
    <marker id="55" label="shine"/>
  </markers>
  <frames next_id="1">
    <frame id="0" path="0/frame.zip"/>
  </frames>
  <transform>
    <rotation>-4.4498019817461693e-01 3.3540909084198600e-01 -8.3035737186649661e-01 4.2482532408809565e-01 -7.3718582961848889e-01 -5.2543362722911291e-01 -7.8836290326595349e-01 -5.8656439918414138e-01 1.8554282083611456e-01</rotation>
    <translation>1.2673013345344652e+01 8.4187125656513189e+00 8.2426590469228156e+00</translation>
    <scale>1.1144444120231800e+00</scale>
  </transform>
  <reference>LOCAL_CS["Local Coordinates (m)",LOCAL_DATUM["Local Datum",0],UNIT["metre",1,AUTHORITY["EPSG","9001"]]]</reference>
  <region>
    <center>-1.6394836537962394e+00 5.0462933163103085e-01 1.1315035799808674e+01</center>
    <size>5.4279325803120919e+00 2.9142198880513508e+00 8.1621939023335770e+00</size>
    <R>-7.7152187832913388e-02 3.9347474687649764e-01 9.1609233349213837e-01 -6.1035356365525728e-01 7.0789817712734759e-01 -3.5545562051134683e-01 -7.8836290326595337e-01 -5.8656439918414316e-01 1.8554282083611451e-01</R>
  </region>
  <settings>
    <property name="accuracy_tiepoints" value="1"/>
    <property name="accuracy_cameras" value="10"/>
    <property name="accuracy_cameras_ypr" value="2"/>
    <property name="accuracy_markers" value="0.0050000000000000001"/>
    <property name="accuracy_scalebars" value="0.001"/>
    <property name="accuracy_projections" value="0.10000000000000001"/>
  </settings>
</chunk>
