<?xml version="1.0" encoding="UTF-8"?>
<frame>
  <cameras>
    <camera camera_id="0">
      <photo path="../../../images/DSC_0030.JPG">
        <meta>
          <property name="Exif/DateTime" value="2016:06:21 00:49:50"/>
          <property name="Exif/DateTimeOriginal" value="2016:06:21 00:49:50"/>
          <property name="Exif/ExposureTime" value="0.0333333333333333"/>
          <property name="Exif/FNumber" value="4.5"/>
          <property name="Exif/FocalLength" value="30"/>
          <property name="Exif/FocalLengthIn35mmFilm" value="45"/>
          <property name="Exif/ISOSpeedRatings" value="1100"/>
          <property name="Exif/Make" value="NIKON CORPORATION"/>
          <property name="Exif/Model" value="NIKON D3000"/>
          <property name="Exif/Orientation" value="1"/>
          <property name="Exif/Software" value="Ver.1.00 "/>
          <property name="File/ImageHeight" value="2592"/>
          <property name="File/ImageWidth" value="3872"/>
          <property name="System/FileModifyDate" value="2016:06:21 00:49:50"/>
          <property name="System/FileSize" value="2716477"/>
        </meta>
      </photo>
    </camera>
    <camera camera_id="1">
      <photo path="../../../images/DSC_0031.JPG">
        <meta>
          <property name="Exif/DateTime" value="2016:06:21 00:50:02"/>
          <property name="Exif/DateTimeOriginal" value="2016:06:21 00:50:02"/>
          <property name="Exif/ExposureTime" value="0.0333333333333333"/>
          <property name="Exif/FNumber" value="4.5"/>
          <property name="Exif/FocalLength" value="30"/>
          <property name="Exif/FocalLengthIn35mmFilm" value="45"/>
          <property name="Exif/ISOSpeedRatings" value="1100"/>
          <property name="Exif/Make" value="NIKON CORPORATION"/>
          <property name="Exif/Model" value="NIKON D3000"/>
          <property name="Exif/Orientation" value="1"/>
          <property name="Exif/Software" value="Ver.1.00 "/>
          <property name="File/ImageHeight" value="2592"/>
          <property name="File/ImageWidth" value="3872"/>
          <property name="System/FileModifyDate" value="2016:06:21 00:50:02"/>
          <property name="System/FileSize" value="2653250"/>
        </meta>
      </photo>
    </camera>
    <camera camera_id="2">
      <photo path="../../../images/DSC_0032.JPG">
        <meta>
          <property name="Exif/DateTime" value="2016:06:21 00:50:08"/>
          <property name="Exif/DateTimeOriginal" value="2016:06:21 00:50:08"/>
          <property name="Exif/ExposureTime" value="0.0333333333333333"/>
          <property name="Exif/FNumber" value="4.5"/>
          <property name="Exif/FocalLength" value="30"/>
          <property name="Exif/FocalLengthIn35mmFilm" value="45"/>
          <property name="Exif/ISOSpeedRatings" value="1100"/>
          <property name="Exif/Make" value="NIKON CORPORATION"/>
          <property name="Exif/Model" value="NIKON D3000"/>
          <property name="Exif/Orientation" value="1"/>
          <property name="Exif/Software" value="Ver.1.00 "/>
          <property name="File/ImageHeight" value="2592"/>
          <property name="File/ImageWidth" value="3872"/>
          <property name="System/FileModifyDate" value="2016:06:21 00:50:08"/>
          <property name="System/FileSize" value="2694669"/>
        </meta>
      </photo>
    </camera>
    <camera camera_id="3">
      <photo path="../../../images/DSC_0033.JPG">
        <meta>
          <property name="Exif/DateTime" value="2016:06:21 00:50:17"/>
          <property name="Exif/DateTimeOriginal" value="2016:06:21 00:50:17"/>
          <property name="Exif/ExposureTime" value="0.0333333333333333"/>
          <property name="Exif/FNumber" value="4.5"/>
          <property name="Exif/FocalLength" value="30"/>
          <property name="Exif/FocalLengthIn35mmFilm" value="45"/>
          <property name="Exif/ISOSpeedRatings" value="1000"/>
          <property name="Exif/Make" value="NIKON CORPORATION"/>
          <property name="Exif/Model" value="NIKON D3000"/>
          <property name="Exif/Orientation" value="1"/>
          <property name="Exif/Software" value="Ver.1.00 "/>
          <property name="File/ImageHeight" value="2592"/>
          <property name="File/ImageWidth" value="3872"/>
          <property name="System/FileModifyDate" value="2016:06:21 00:50:18"/>
          <property name="System/FileSize" value="2701364"/>
        </meta>
      </photo>
    </camera>
    <camera camera_id="4">
      <photo path="../../../images/DSC_0034.JPG">
        <meta>
          <property name="Exif/DateTime" value="2016:06:21 00:50:22"/>
          <property name="Exif/DateTimeOriginal" value="2016:06:21 00:50:22"/>
          <property name="Exif/ExposureTime" value="0.0333333333333333"/>
          <property name="Exif/FNumber" value="4.5"/>
          <property name="Exif/FocalLength" value="30"/>
          <property name="Exif/FocalLengthIn35mmFilm" value="45"/>
          <property name="Exif/ISOSpeedRatings" value="1100"/>
          <property name="Exif/Make" value="NIKON CORPORATION"/>
          <property name="Exif/Model" value="NIKON D3000"/>
          <property name="Exif/Orientation" value="1"/>
          <property name="Exif/Software" value="Ver.1.00 "/>
          <property name="File/ImageHeight" value="2592"/>
          <property name="File/ImageWidth" value="3872"/>
          <property name="System/FileModifyDate" value="2016:06:21 00:50:22"/>
          <property name="System/FileSize" value="2706243"/>
        </meta>
      </photo>
    </camera>
    <camera camera_id="6">
      <photo path="../../../images/DSC_0036.JPG">
        <meta>
          <property name="Exif/DateTime" value="2016:06:21 00:50:50"/>
          <property name="Exif/DateTimeOriginal" value="2016:06:21 00:50:50"/>
          <property name="Exif/ExposureTime" value="0.0333333333333333"/>
          <property name="Exif/FNumber" value="4.5"/>
          <property name="Exif/FocalLength" value="30"/>
          <property name="Exif/FocalLengthIn35mmFilm" value="45"/>
          <property name="Exif/ISOSpeedRatings" value="900"/>
          <property name="Exif/Make" value="NIKON CORPORATION"/>
          <property name="Exif/Model" value="NIKON D3000"/>
          <property name="Exif/Orientation" value="1"/>
          <property name="Exif/Software" value="Ver.1.00 "/>
          <property name="File/ImageHeight" value="2592"/>
          <property name="File/ImageWidth" value="3872"/>
          <property name="System/FileModifyDate" value="2016:06:21 00:50:50"/>
          <property name="System/FileSize" value="2725510"/>
        </meta>
      </photo>
    </camera>
    <camera camera_id="7">
      <photo path="../../../images/DSC_0037.JPG">
        <meta>
          <property name="Exif/DateTime" value="2016:06:21 00:51:17"/>
          <property name="Exif/DateTimeOriginal" value="2016:06:21 00:51:17"/>
          <property name="Exif/ExposureTime" value="0.0333333333333333"/>
          <property name="Exif/FNumber" value="4.5"/>
          <property name="Exif/FocalLength" value="30"/>
          <property name="Exif/FocalLengthIn35mmFilm" value="45"/>
          <property name="Exif/ISOSpeedRatings" value="900"/>
          <property name="Exif/Make" value="NIKON CORPORATION"/>
          <property name="Exif/Model" value="NIKON D3000"/>
          <property name="Exif/Orientation" value="1"/>
          <property name="Exif/Software" value="Ver.1.00 "/>
          <property name="File/ImageHeight" value="2592"/>
          <property name="File/ImageWidth" value="3872"/>
          <property name="System/FileModifyDate" value="2016:06:21 00:51:18"/>
          <property name="System/FileSize" value="2727550"/>
        </meta>
      </photo>
    </camera>
    <camera camera_id="9">
      <photo path="../../../images/DSC_0039.JPG">
        <meta>
          <property name="Exif/DateTime" value="2016:06:21 00:51:41"/>
          <property name="Exif/DateTimeOriginal" value="2016:06:21 00:51:41"/>
          <property name="Exif/ExposureTime" value="0.0333333333333333"/>
          <property name="Exif/FNumber" value="4.5"/>
          <property name="Exif/FocalLength" value="30"/>
          <property name="Exif/FocalLengthIn35mmFilm" value="45"/>
          <property name="Exif/ISOSpeedRatings" value="800"/>
          <property name="Exif/Make" value="NIKON CORPORATION"/>
          <property name="Exif/Model" value="NIKON D3000"/>
          <property name="Exif/Orientation" value="1"/>
          <property name="Exif/Software" value="Ver.1.00 "/>
          <property name="File/ImageHeight" value="2592"/>
          <property name="File/ImageWidth" value="3872"/>
          <property name="System/FileModifyDate" value="2016:06:21 00:51:42"/>
          <property name="System/FileSize" value="2699320"/>
        </meta>
      </photo>
    </camera>
    <camera camera_id="10">
      <photo path="../../../images/DSC_0040.JPG">
        <meta>
          <property name="Exif/DateTime" value="2016:06:21 00:51:45"/>
          <property name="Exif/DateTimeOriginal" value="2016:06:21 00:51:45"/>
          <property name="Exif/ExposureTime" value="0.0333333333333333"/>
          <property name="Exif/FNumber" value="4.5"/>
          <property name="Exif/FocalLength" value="30"/>
          <property name="Exif/FocalLengthIn35mmFilm" value="45"/>
          <property name="Exif/ISOSpeedRatings" value="1000"/>
          <property name="Exif/Make" value="NIKON CORPORATION"/>
          <property name="Exif/Model" value="NIKON D3000"/>
          <property name="Exif/Orientation" value="1"/>
          <property name="Exif/Software" value="Ver.1.00 "/>
          <property name="File/ImageHeight" value="2592"/>
          <property name="File/ImageWidth" value="3872"/>
          <property name="System/FileModifyDate" value="2016:06:21 00:51:46"/>
          <property name="System/FileSize" value="2745829"/>
        </meta>
      </photo>
    </camera>
    <camera camera_id="11">
      <photo path="../../../images/DSC_0041.JPG">
        <meta>
          <property name="Exif/DateTime" value="2016:06:21 00:51:49"/>
          <property name="Exif/DateTimeOriginal" value="2016:06:21 00:51:49"/>
          <property name="Exif/ExposureTime" value="0.0333333333333333"/>
          <property name="Exif/FNumber" value="4.5"/>
          <property name="Exif/FocalLength" value="30"/>
          <property name="Exif/FocalLengthIn35mmFilm" value="45"/>
          <property name="Exif/ISOSpeedRatings" value="1000"/>
          <property name="Exif/Make" value="NIKON CORPORATION"/>
          <property name="Exif/Model" value="NIKON D3000"/>
          <property name="Exif/Orientation" value="1"/>
          <property name="Exif/Software" value="Ver.1.00 "/>
          <property name="File/ImageHeight" value="2592"/>
          <property name="File/ImageWidth" value="3872"/>
          <property name="System/FileModifyDate" value="2016:06:21 00:51:50"/>
          <property name="System/FileSize" value="2761028"/>
        </meta>
      </photo>
    </camera>
    <camera camera_id="12">
      <photo path="../../../images/DSC_0042.JPG">
        <meta>
          <property name="Exif/DateTime" value="2016:06:21 00:51:55"/>
          <property name="Exif/DateTimeOriginal" value="2016:06:21 00:51:55"/>
          <property name="Exif/ExposureTime" value="0.0333333333333333"/>
          <property name="Exif/FNumber" value="4.5"/>
          <property name="Exif/FocalLength" value="30"/>
          <property name="Exif/FocalLengthIn35mmFilm" value="45"/>
          <property name="Exif/ISOSpeedRatings" value="1000"/>
          <property name="Exif/Make" value="NIKON CORPORATION"/>
          <property name="Exif/Model" value="NIKON D3000"/>
          <property name="Exif/Orientation" value="1"/>
          <property name="Exif/Software" value="Ver.1.00 "/>
          <property name="File/ImageHeight" value="2592"/>
          <property name="File/ImageWidth" value="3872"/>
          <property name="System/FileModifyDate" value="2016:06:21 00:51:56"/>
          <property name="System/FileSize" value="2716587"/>
        </meta>
      </photo>
    </camera>
    <camera camera_id="13">
      <photo path="../../../images/DSC_0043.JPG">
        <meta>
          <property name="Exif/DateTime" value="2016:06:21 00:52:00"/>
          <property name="Exif/DateTimeOriginal" value="2016:06:21 00:52:00"/>
          <property name="Exif/ExposureTime" value="0.0333333333333333"/>
          <property name="Exif/FNumber" value="4.5"/>
          <property name="Exif/FocalLength" value="30"/>
          <property name="Exif/FocalLengthIn35mmFilm" value="45"/>
          <property name="Exif/ISOSpeedRatings" value="1100"/>
          <property name="Exif/Make" value="NIKON CORPORATION"/>
          <property name="Exif/Model" value="NIKON D3000"/>
          <property name="Exif/Orientation" value="1"/>
          <property name="Exif/Software" value="Ver.1.00 "/>
          <property name="File/ImageHeight" value="2592"/>
          <property name="File/ImageWidth" value="3872"/>
          <property name="System/FileModifyDate" value="2016:06:21 00:52:02"/>
          <property name="System/FileSize" value="2730533"/>
        </meta>
      </photo>
    </camera>
    <camera camera_id="14">
      <photo path="../../../images/DSC_0044.JPG">
        <meta>
          <property name="Exif/DateTime" value="2016:06:21 00:52:05"/>
          <property name="Exif/DateTimeOriginal" value="2016:06:21 00:52:05"/>
          <property name="Exif/ExposureTime" value="0.0333333333333333"/>
          <property name="Exif/FNumber" value="4.5"/>
          <property name="Exif/FocalLength" value="30"/>
          <property name="Exif/FocalLengthIn35mmFilm" value="45"/>
          <property name="Exif/ISOSpeedRatings" value="1000"/>
          <property name="Exif/Make" value="NIKON CORPORATION"/>
          <property name="Exif/Model" value="NIKON D3000"/>
          <property name="Exif/Orientation" value="1"/>
          <property name="Exif/Software" value="Ver.1.00 "/>
          <property name="File/ImageHeight" value="2592"/>
          <property name="File/ImageWidth" value="3872"/>
          <property name="System/FileModifyDate" value="2016:06:21 00:52:06"/>
          <property name="System/FileSize" value="2766555"/>
        </meta>
      </photo>
    </camera>
    <camera camera_id="15">
      <photo path="../../../images/DSC_0045.JPG">
        <meta>
          <property name="Exif/DateTime" value="2016:06:21 00:52:10"/>
          <property name="Exif/DateTimeOriginal" value="2016:06:21 00:52:10"/>
          <property name="Exif/ExposureTime" value="0.0333333333333333"/>
          <property name="Exif/FNumber" value="4.5"/>
          <property name="Exif/FocalLength" value="30"/>
          <property name="Exif/FocalLengthIn35mmFilm" value="45"/>
          <property name="Exif/ISOSpeedRatings" value="1100"/>
          <property name="Exif/Make" value="NIKON CORPORATION"/>
          <property name="Exif/Model" value="NIKON D3000"/>
          <property name="Exif/Orientation" value="1"/>
          <property name="Exif/Software" value="Ver.1.00 "/>
          <property name="File/ImageHeight" value="2592"/>
          <property name="File/ImageWidth" value="3872"/>
          <property name="System/FileModifyDate" value="2016:06:21 00:52:12"/>
          <property name="System/FileSize" value="2781020"/>
        </meta>
      </photo>
    </camera>
    <camera camera_id="16">
      <photo path="../../../images/DSC_0046.JPG">
        <meta>
          <property name="Exif/DateTime" value="2016:06:21 00:52:21"/>
          <property name="Exif/DateTimeOriginal" value="2016:06:21 00:52:21"/>
          <property name="Exif/ExposureTime" value="0.0333333333333333"/>
          <property name="Exif/FNumber" value="4.5"/>
          <property name="Exif/FocalLength" value="30"/>
          <property name="Exif/FocalLengthIn35mmFilm" value="45"/>
          <property name="Exif/ISOSpeedRatings" value="1000"/>
          <property name="Exif/Make" value="NIKON CORPORATION"/>
          <property name="Exif/Model" value="NIKON D3000"/>
          <property name="Exif/Orientation" value="1"/>
          <property name="Exif/Software" value="Ver.1.00 "/>
          <property name="File/ImageHeight" value="2592"/>
          <property name="File/ImageWidth" value="3872"/>
          <property name="System/FileModifyDate" value="2016:06:21 00:52:22"/>
          <property name="System/FileSize" value="2740238"/>
        </meta>
      </photo>
    </camera>
    <camera camera_id="17">
      <photo path="../../../images/DSC_0047.JPG">
        <meta>
          <property name="Exif/DateTime" value="2016:06:21 00:52:25"/>
          <property name="Exif/DateTimeOriginal" value="2016:06:21 00:52:25"/>
          <property name="Exif/ExposureTime" value="0.0333333333333333"/>
          <property name="Exif/FNumber" value="4.5"/>
          <property name="Exif/FocalLength" value="30"/>
          <property name="Exif/FocalLengthIn35mmFilm" value="45"/>
          <property name="Exif/ISOSpeedRatings" value="1000"/>
          <property name="Exif/Make" value="NIKON CORPORATION"/>
          <property name="Exif/Model" value="NIKON D3000"/>
          <property name="Exif/Orientation" value="1"/>
          <property name="Exif/Software" value="Ver.1.00 "/>
          <property name="File/ImageHeight" value="2592"/>
          <property name="File/ImageWidth" value="3872"/>
          <property name="System/FileModifyDate" value="2016:06:21 00:52:26"/>
          <property name="System/FileSize" value="2743551"/>
        </meta>
      </photo>
    </camera>
    <camera camera_id="18">
      <photo path="../../../images/DSC_0048.JPG">
        <meta>
          <property name="Exif/DateTime" value="2016:06:21 00:52:29"/>
          <property name="Exif/DateTimeOriginal" value="2016:06:21 00:52:29"/>
          <property name="Exif/ExposureTime" value="0.0333333333333333"/>
          <property name="Exif/FNumber" value="4.5"/>
          <property name="Exif/FocalLength" value="30"/>
          <property name="Exif/FocalLengthIn35mmFilm" value="45"/>
          <property name="Exif/ISOSpeedRatings" value="1000"/>
          <property name="Exif/Make" value="NIKON CORPORATION"/>
          <property name="Exif/Model" value="NIKON D3000"/>
          <property name="Exif/Orientation" value="1"/>
          <property name="Exif/Software" value="Ver.1.00 "/>
          <property name="File/ImageHeight" value="2592"/>
          <property name="File/ImageWidth" value="3872"/>
          <property name="System/FileModifyDate" value="2016:06:21 00:52:30"/>
          <property name="System/FileSize" value="2718406"/>
        </meta>
      </photo>
    </camera>
    <camera camera_id="19">
      <photo path="../../../images/DSC_0049.JPG">
        <meta>
          <property name="Exif/DateTime" value="2016:06:21 00:52:34"/>
          <property name="Exif/DateTimeOriginal" value="2016:06:21 00:52:34"/>
          <property name="Exif/ExposureTime" value="0.0333333333333333"/>
          <property name="Exif/FNumber" value="4.5"/>
          <property name="Exif/FocalLength" value="30"/>
          <property name="Exif/FocalLengthIn35mmFilm" value="45"/>
          <property name="Exif/ISOSpeedRatings" value="1000"/>
          <property name="Exif/Make" value="NIKON CORPORATION"/>
          <property name="Exif/Model" value="NIKON D3000"/>
          <property name="Exif/Orientation" value="1"/>
          <property name="Exif/Software" value="Ver.1.00 "/>
          <property name="File/ImageHeight" value="2592"/>
          <property name="File/ImageWidth" value="3872"/>
          <property name="System/FileModifyDate" value="2016:06:21 00:52:34"/>
          <property name="System/FileSize" value="2738558"/>
        </meta>
      </photo>
    </camera>
    <camera camera_id="20">
      <photo path="../../../images/DSC_0050.JPG">
        <meta>
          <property name="Exif/DateTime" value="2016:06:21 00:52:37"/>
          <property name="Exif/DateTimeOriginal" value="2016:06:21 00:52:37"/>
          <property name="Exif/ExposureTime" value="0.0333333333333333"/>
          <property name="Exif/FNumber" value="4.5"/>
          <property name="Exif/FocalLength" value="30"/>
          <property name="Exif/FocalLengthIn35mmFilm" value="45"/>
          <property name="Exif/ISOSpeedRatings" value="1000"/>
          <property name="Exif/Make" value="NIKON CORPORATION"/>
          <property name="Exif/Model" value="NIKON D3000"/>
          <property name="Exif/Orientation" value="1"/>
          <property name="Exif/Software" value="Ver.1.00 "/>
          <property name="File/ImageHeight" value="2592"/>
          <property name="File/ImageWidth" value="3872"/>
          <property name="System/FileModifyDate" value="2016:06:21 00:52:38"/>
          <property name="System/FileSize" value="2718561"/>
        </meta>
      </photo>
    </camera>
    <camera camera_id="21">
      <photo path="../../../images/DSC_0051.JPG">
        <meta>
          <property name="Exif/DateTime" value="2016:06:21 00:52:42"/>
          <property name="Exif/DateTimeOriginal" value="2016:06:21 00:52:42"/>
          <property name="Exif/ExposureTime" value="0.0333333333333333"/>
          <property name="Exif/FNumber" value="4.5"/>
          <property name="Exif/FocalLength" value="30"/>
          <property name="Exif/FocalLengthIn35mmFilm" value="45"/>
          <property name="Exif/ISOSpeedRatings" value="1100"/>
          <property name="Exif/Make" value="NIKON CORPORATION"/>
          <property name="Exif/Model" value="NIKON D3000"/>
          <property name="Exif/Orientation" value="1"/>
          <property name="Exif/Software" value="Ver.1.00 "/>
          <property name="File/ImageHeight" value="2592"/>
          <property name="File/ImageWidth" value="3872"/>
          <property name="System/FileModifyDate" value="2016:06:21 00:52:42"/>
          <property name="System/FileSize" value="2659359"/>
        </meta>
      </photo>
    </camera>
    <camera camera_id="22">
      <photo path="../../../images/DSC_0052.JPG">
        <meta>
          <property name="Exif/DateTime" value="2016:06:21 00:52:46"/>
          <property name="Exif/DateTimeOriginal" value="2016:06:21 00:52:46"/>
          <property name="Exif/ExposureTime" value="0.0333333333333333"/>
          <property name="Exif/FNumber" value="4.5"/>
          <property name="Exif/FocalLength" value="30"/>
          <property name="Exif/FocalLengthIn35mmFilm" value="45"/>
          <property name="Exif/ISOSpeedRatings" value="1100"/>
          <property name="Exif/Make" value="NIKON CORPORATION"/>
          <property name="Exif/Model" value="NIKON D3000"/>
          <property name="Exif/Orientation" value="1"/>
          <property name="Exif/Software" value="Ver.1.00 "/>
          <property name="File/ImageHeight" value="2592"/>
          <property name="File/ImageWidth" value="3872"/>
          <property name="System/FileModifyDate" value="2016:06:21 00:52:46"/>
          <property name="System/FileSize" value="2708822"/>
        </meta>
      </photo>
    </camera>
    <camera camera_id="23">
      <photo path="../../../images/DSC_0053.JPG">
        <meta>
          <property name="Exif/DateTime" value="2016:06:21 00:52:54"/>
          <property name="Exif/DateTimeOriginal" value="2016:06:21 00:52:54"/>
          <property name="Exif/ExposureTime" value="0.0333333333333333"/>
          <property name="Exif/FNumber" value="4.5"/>
          <property name="Exif/FocalLength" value="30"/>
          <property name="Exif/FocalLengthIn35mmFilm" value="45"/>
          <property name="Exif/ISOSpeedRatings" value="1100"/>
          <property name="Exif/Make" value="NIKON CORPORATION"/>
          <property name="Exif/Model" value="NIKON D3000"/>
          <property name="Exif/Orientation" value="1"/>
          <property name="Exif/Software" value="Ver.1.00 "/>
          <property name="File/ImageHeight" value="2592"/>
          <property name="File/ImageWidth" value="3872"/>
          <property name="System/FileModifyDate" value="2016:06:21 00:52:54"/>
          <property name="System/FileSize" value="2757418"/>
        </meta>
      </photo>
    </camera>
    <camera camera_id="84">
      <photo path="../../../images/DSC_0054.JPG">
        <meta>
          <property name="Exif/DateTime" value="2016:06:21 00:52:59"/>
          <property name="Exif/DateTimeOriginal" value="2016:06:21 00:52:59"/>
          <property name="Exif/ExposureTime" value="0.0333333333333333"/>
          <property name="Exif/FNumber" value="4.5"/>
          <property name="Exif/FocalLength" value="30"/>
          <property name="Exif/FocalLengthIn35mmFilm" value="45"/>
          <property name="Exif/ISOSpeedRatings" value="1100"/>
          <property name="Exif/Make" value="NIKON CORPORATION"/>
          <property name="Exif/Model" value="NIKON D3000"/>
          <property name="Exif/Orientation" value="1"/>
          <property name="Exif/Software" value="Ver.1.00 "/>
          <property name="File/ImageHeight" value="2592"/>
          <property name="File/ImageWidth" value="3872"/>
          <property name="System/FileModifyDate" value="2016:06:21 00:53:00"/>
          <property name="System/FileSize" value="2700878"/>
        </meta>
      </photo>
    </camera>
    <camera camera_id="85">
      <photo path="../../../images/DSC_0055.JPG">
        <meta>
          <property name="Exif/DateTime" value="2016:06:21 00:53:04"/>
          <property name="Exif/DateTimeOriginal" value="2016:06:21 00:53:04"/>
          <property name="Exif/ExposureTime" value="0.0333333333333333"/>
          <property name="Exif/FNumber" value="4.5"/>
          <property name="Exif/FocalLength" value="30"/>
          <property name="Exif/FocalLengthIn35mmFilm" value="45"/>
          <property name="Exif/ISOSpeedRatings" value="1100"/>
          <property name="Exif/Make" value="NIKON CORPORATION"/>
          <property name="Exif/Model" value="NIKON D3000"/>
          <property name="Exif/Orientation" value="1"/>
          <property name="Exif/Software" value="Ver.1.00 "/>
          <property name="File/ImageHeight" value="2592"/>
          <property name="File/ImageWidth" value="3872"/>
          <property name="System/FileModifyDate" value="2016:06:21 00:53:06"/>
          <property name="System/FileSize" value="2719613"/>
        </meta>
      </photo>
    </camera>
    <camera camera_id="86">
      <photo path="../../../images/DSC_0056.JPG">
        <meta>
          <property name="Exif/DateTime" value="2016:06:21 00:53:14"/>
          <property name="Exif/DateTimeOriginal" value="2016:06:21 00:53:14"/>
          <property name="Exif/ExposureTime" value="0.0333333333333333"/>
          <property name="Exif/FNumber" value="4.5"/>
          <property name="Exif/FocalLength" value="30"/>
          <property name="Exif/FocalLengthIn35mmFilm" value="45"/>
          <property name="Exif/ISOSpeedRatings" value="1100"/>
          <property name="Exif/Make" value="NIKON CORPORATION"/>
          <property name="Exif/Model" value="NIKON D3000"/>
          <property name="Exif/Orientation" value="1"/>
          <property name="Exif/Software" value="Ver.1.00 "/>
          <property name="File/ImageHeight" value="2592"/>
          <property name="File/ImageWidth" value="3872"/>
          <property name="System/FileModifyDate" value="2016:06:21 00:53:14"/>
          <property name="System/FileSize" value="2749520"/>
        </meta>
      </photo>
    </camera>
    <camera camera_id="87">
      <photo path="../../../images/DSC_0057.JPG">
        <meta>
          <property name="Exif/DateTime" value="2016:06:21 00:53:26"/>
          <property name="Exif/DateTimeOriginal" value="2016:06:21 00:53:26"/>
          <property name="Exif/ExposureTime" value="0.0333333333333333"/>
          <property name="Exif/FNumber" value="4.5"/>
          <property name="Exif/FocalLength" value="30"/>
          <property name="Exif/FocalLengthIn35mmFilm" value="45"/>
          <property name="Exif/ISOSpeedRatings" value="1000"/>
          <property name="Exif/Make" value="NIKON CORPORATION"/>
          <property name="Exif/Model" value="NIKON D3000"/>
          <property name="Exif/Orientation" value="1"/>
          <property name="Exif/Software" value="Ver.1.00 "/>
          <property name="File/ImageHeight" value="2592"/>
          <property name="File/ImageWidth" value="3872"/>
          <property name="System/FileModifyDate" value="2016:06:21 00:53:28"/>
          <property name="System/FileSize" value="2735882"/>
        </meta>
      </photo>
    </camera>
    <camera camera_id="88">
      <photo path="../../../images/DSC_0058.JPG">
        <meta>
          <property name="Exif/DateTime" value="2016:06:21 00:53:35"/>
          <property name="Exif/DateTimeOriginal" value="2016:06:21 00:53:35"/>
          <property name="Exif/ExposureTime" value="0.0333333333333333"/>
          <property name="Exif/FNumber" value="4.5"/>
          <property name="Exif/FocalLength" value="30"/>
          <property name="Exif/FocalLengthIn35mmFilm" value="45"/>
          <property name="Exif/ISOSpeedRatings" value="1000"/>
          <property name="Exif/Make" value="NIKON CORPORATION"/>
          <property name="Exif/Model" value="NIKON D3000"/>
          <property name="Exif/Orientation" value="1"/>
          <property name="Exif/Software" value="Ver.1.00 "/>
          <property name="File/ImageHeight" value="2592"/>
          <property name="File/ImageWidth" value="3872"/>
          <property name="System/FileModifyDate" value="2016:06:21 00:53:36"/>
          <property name="System/FileSize" value="2728947"/>
        </meta>
      </photo>
    </camera>
    <camera camera_id="89">
      <photo path="../../../images/DSC_0059.JPG">
        <meta>
          <property name="Exif/DateTime" value="2016:06:21 00:53:39"/>
          <property name="Exif/DateTimeOriginal" value="2016:06:21 00:53:39"/>
          <property name="Exif/ExposureTime" value="0.0333333333333333"/>
          <property name="Exif/FNumber" value="4.5"/>
          <property name="Exif/FocalLength" value="30"/>
          <property name="Exif/FocalLengthIn35mmFilm" value="45"/>
          <property name="Exif/ISOSpeedRatings" value="1000"/>
          <property name="Exif/Make" value="NIKON CORPORATION"/>
          <property name="Exif/Model" value="NIKON D3000"/>
          <property name="Exif/Orientation" value="1"/>
          <property name="Exif/Software" value="Ver.1.00 "/>
          <property name="File/ImageHeight" value="2592"/>
          <property name="File/ImageWidth" value="3872"/>
          <property name="System/FileModifyDate" value="2016:06:21 00:53:40"/>
          <property name="System/FileSize" value="2722682"/>
        </meta>
      </photo>
    </camera>
    <camera camera_id="90">
      <photo path="../../../images/DSC_0060.JPG">
        <meta>
          <property name="Exif/DateTime" value="2016:06:21 00:53:43"/>
          <property name="Exif/DateTimeOriginal" value="2016:06:21 00:53:43"/>
          <property name="Exif/ExposureTime" value="0.0333333333333333"/>
          <property name="Exif/FNumber" value="4.5"/>
          <property name="Exif/FocalLength" value="30"/>
          <property name="Exif/FocalLengthIn35mmFilm" value="45"/>
          <property name="Exif/ISOSpeedRatings" value="1000"/>
          <property name="Exif/Make" value="NIKON CORPORATION"/>
          <property name="Exif/Model" value="NIKON D3000"/>
          <property name="Exif/Orientation" value="1"/>
          <property name="Exif/Software" value="Ver.1.00 "/>
          <property name="File/ImageHeight" value="2592"/>
          <property name="File/ImageWidth" value="3872"/>
          <property name="System/FileModifyDate" value="2016:06:21 00:53:44"/>
          <property name="System/FileSize" value="2736432"/>
        </meta>
      </photo>
    </camera>
    <camera camera_id="91">
      <photo path="../../../images/DSC_0061.JPG">
        <meta>
          <property name="Exif/DateTime" value="2016:06:21 00:53:46"/>
          <property name="Exif/DateTimeOriginal" value="2016:06:21 00:53:46"/>
          <property name="Exif/ExposureTime" value="0.0333333333333333"/>
          <property name="Exif/FNumber" value="4.5"/>
          <property name="Exif/FocalLength" value="30"/>
          <property name="Exif/FocalLengthIn35mmFilm" value="45"/>
          <property name="Exif/ISOSpeedRatings" value="1000"/>
          <property name="Exif/Make" value="NIKON CORPORATION"/>
          <property name="Exif/Model" value="NIKON D3000"/>
          <property name="Exif/Orientation" value="1"/>
          <property name="Exif/Software" value="Ver.1.00 "/>
          <property name="File/ImageHeight" value="2592"/>
          <property name="File/ImageWidth" value="3872"/>
          <property name="System/FileModifyDate" value="2016:06:21 00:53:48"/>
          <property name="System/FileSize" value="2719726"/>
        </meta>
      </photo>
    </camera>
    <camera camera_id="92">
      <photo path="../../../images/DSC_0062.JPG">
        <meta>
          <property name="Exif/DateTime" value="2016:06:21 00:53:50"/>
          <property name="Exif/DateTimeOriginal" value="2016:06:21 00:53:50"/>
          <property name="Exif/ExposureTime" value="0.0333333333333333"/>
          <property name="Exif/FNumber" value="4.5"/>
          <property name="Exif/FocalLength" value="30"/>
          <property name="Exif/FocalLengthIn35mmFilm" value="45"/>
          <property name="Exif/ISOSpeedRatings" value="1000"/>
          <property name="Exif/Make" value="NIKON CORPORATION"/>
          <property name="Exif/Model" value="NIKON D3000"/>
          <property name="Exif/Orientation" value="1"/>
          <property name="Exif/Software" value="Ver.1.00 "/>
          <property name="File/ImageHeight" value="2592"/>
          <property name="File/ImageWidth" value="3872"/>
          <property name="System/FileModifyDate" value="2016:06:21 00:53:50"/>
          <property name="System/FileSize" value="2720279"/>
        </meta>
      </photo>
    </camera>
    <camera camera_id="93">
      <photo path="../../../images/DSC_0063.JPG">
        <meta>
          <property name="Exif/DateTime" value="2016:06:21 00:53:54"/>
          <property name="Exif/DateTimeOriginal" value="2016:06:21 00:53:54"/>
          <property name="Exif/ExposureTime" value="0.0333333333333333"/>
          <property name="Exif/FNumber" value="4.5"/>
          <property name="Exif/FocalLength" value="30"/>
          <property name="Exif/FocalLengthIn35mmFilm" value="45"/>
          <property name="Exif/ISOSpeedRatings" value="1000"/>
          <property name="Exif/Make" value="NIKON CORPORATION"/>
          <property name="Exif/Model" value="NIKON D3000"/>
          <property name="Exif/Orientation" value="1"/>
          <property name="Exif/Software" value="Ver.1.00 "/>
          <property name="File/ImageHeight" value="2592"/>
          <property name="File/ImageWidth" value="3872"/>
          <property name="System/FileModifyDate" value="2016:06:21 00:53:56"/>
          <property name="System/FileSize" value="2752522"/>
        </meta>
      </photo>
    </camera>
    <camera camera_id="94">
      <photo path="../../../images/DSC_0064.JPG">
        <meta>
          <property name="Exif/DateTime" value="2016:06:21 00:53:58"/>
          <property name="Exif/DateTimeOriginal" value="2016:06:21 00:53:58"/>
          <property name="Exif/ExposureTime" value="0.0333333333333333"/>
          <property name="Exif/FNumber" value="4.5"/>
          <property name="Exif/FocalLength" value="30"/>
          <property name="Exif/FocalLengthIn35mmFilm" value="45"/>
          <property name="Exif/ISOSpeedRatings" value="1100"/>
          <property name="Exif/Make" value="NIKON CORPORATION"/>
          <property name="Exif/Model" value="NIKON D3000"/>
          <property name="Exif/Orientation" value="1"/>
          <property name="Exif/Software" value="Ver.1.00 "/>
          <property name="File/ImageHeight" value="2592"/>
          <property name="File/ImageWidth" value="3872"/>
          <property name="System/FileModifyDate" value="2016:06:21 00:54:00"/>
          <property name="System/FileSize" value="2692854"/>
        </meta>
      </photo>
    </camera>
    <camera camera_id="95">
      <photo path="../../../images/DSC_0065.JPG">
        <meta>
          <property name="Exif/DateTime" value="2016:06:21 00:54:02"/>
          <property name="Exif/DateTimeOriginal" value="2016:06:21 00:54:02"/>
          <property name="Exif/ExposureTime" value="0.0333333333333333"/>
          <property name="Exif/FNumber" value="4.5"/>
          <property name="Exif/FocalLength" value="30"/>
          <property name="Exif/FocalLengthIn35mmFilm" value="45"/>
          <property name="Exif/ISOSpeedRatings" value="1100"/>
          <property name="Exif/Make" value="NIKON CORPORATION"/>
          <property name="Exif/Model" value="NIKON D3000"/>
          <property name="Exif/Orientation" value="1"/>
          <property name="Exif/Software" value="Ver.1.00 "/>
          <property name="File/ImageHeight" value="2592"/>
          <property name="File/ImageWidth" value="3872"/>
          <property name="System/FileModifyDate" value="2016:06:21 00:54:04"/>
          <property name="System/FileSize" value="2755587"/>
        </meta>
      </photo>
    </camera>
    <camera camera_id="35">
      <photo path="../../../images/DSC_0065.JPG">
        <meta>
          <property name="Exif/DateTime" value="2016:06:21 00:54:02"/>
          <property name="Exif/DateTimeOriginal" value="2016:06:21 00:54:02"/>
          <property name="Exif/ExposureTime" value="0.0333333333333333"/>
          <property name="Exif/FNumber" value="4.5"/>
          <property name="Exif/FocalLength" value="30"/>
          <property name="Exif/FocalLengthIn35mmFilm" value="45"/>
          <property name="Exif/ISOSpeedRatings" value="1100"/>
          <property name="Exif/Make" value="NIKON CORPORATION"/>
          <property name="Exif/Model" value="NIKON D3000"/>
          <property name="Exif/Orientation" value="1"/>
          <property name="Exif/Software" value="Ver.1.00 "/>
          <property name="File/ImageHeight" value="2592"/>
          <property name="File/ImageWidth" value="3872"/>
          <property name="System/FileModifyDate" value="2016:06:21 00:54:04"/>
          <property name="System/FileSize" value="2755587"/>
        </meta>
      </photo>
    </camera>
    <camera camera_id="36">
      <photo path="../../../images/DSC_0066.JPG">
        <meta>
          <property name="Exif/DateTime" value="2016:06:21 00:54:07"/>
          <property name="Exif/DateTimeOriginal" value="2016:06:21 00:54:07"/>
          <property name="Exif/ExposureTime" value="0.0333333333333333"/>
          <property name="Exif/FNumber" value="4.5"/>
          <property name="Exif/FocalLength" value="30"/>
          <property name="Exif/FocalLengthIn35mmFilm" value="45"/>
          <property name="Exif/ISOSpeedRatings" value="1000"/>
          <property name="Exif/Make" value="NIKON CORPORATION"/>
          <property name="Exif/Model" value="NIKON D3000"/>
          <property name="Exif/Orientation" value="1"/>
          <property name="Exif/Software" value="Ver.1.00 "/>
          <property name="File/ImageHeight" value="2592"/>
          <property name="File/ImageWidth" value="3872"/>
          <property name="System/FileModifyDate" value="2016:06:21 00:54:08"/>
          <property name="System/FileSize" value="2714299"/>
        </meta>
      </photo>
    </camera>
    <camera camera_id="37">
      <photo path="../../../images/DSC_0067.JPG">
        <meta>
          <property name="Exif/DateTime" value="2016:06:21 00:54:11"/>
          <property name="Exif/DateTimeOriginal" value="2016:06:21 00:54:11"/>
          <property name="Exif/ExposureTime" value="0.0333333333333333"/>
          <property name="Exif/FNumber" value="4.5"/>
          <property name="Exif/FocalLength" value="30"/>
          <property name="Exif/FocalLengthIn35mmFilm" value="45"/>
          <property name="Exif/ISOSpeedRatings" value="1000"/>
          <property name="Exif/Make" value="NIKON CORPORATION"/>
          <property name="Exif/Model" value="NIKON D3000"/>
          <property name="Exif/Orientation" value="1"/>
          <property name="Exif/Software" value="Ver.1.00 "/>
          <property name="File/ImageHeight" value="2592"/>
          <property name="File/ImageWidth" value="3872"/>
          <property name="System/FileModifyDate" value="2016:06:21 00:54:12"/>
          <property name="System/FileSize" value="2780647"/>
        </meta>
      </photo>
    </camera>
    <camera camera_id="38">
      <photo path="../../../images/DSC_0068.JPG">
        <meta>
          <property name="Exif/DateTime" value="2016:06:21 00:54:21"/>
          <property name="Exif/DateTimeOriginal" value="2016:06:21 00:54:21"/>
          <property name="Exif/ExposureTime" value="0.0333333333333333"/>
          <property name="Exif/FNumber" value="4.5"/>
          <property name="Exif/FocalLength" value="30"/>
          <property name="Exif/FocalLengthIn35mmFilm" value="45"/>
          <property name="Exif/ISOSpeedRatings" value="1000"/>
          <property name="Exif/Make" value="NIKON CORPORATION"/>
          <property name="Exif/Model" value="NIKON D3000"/>
          <property name="Exif/Orientation" value="1"/>
          <property name="Exif/Software" value="Ver.1.00 "/>
          <property name="File/ImageHeight" value="2592"/>
          <property name="File/ImageWidth" value="3872"/>
          <property name="System/FileModifyDate" value="2016:06:21 00:54:22"/>
          <property name="System/FileSize" value="2717583"/>
        </meta>
      </photo>
    </camera>
    <camera camera_id="39">
      <photo path="../../../images/DSC_0069.JPG">
        <meta>
          <property name="Exif/DateTime" value="2016:06:21 00:54:25"/>
          <property name="Exif/DateTimeOriginal" value="2016:06:21 00:54:25"/>
          <property name="Exif/ExposureTime" value="0.0333333333333333"/>
          <property name="Exif/FNumber" value="4.5"/>
          <property name="Exif/FocalLength" value="30"/>
          <property name="Exif/FocalLengthIn35mmFilm" value="45"/>
          <property name="Exif/ISOSpeedRatings" value="1000"/>
          <property name="Exif/Make" value="NIKON CORPORATION"/>
          <property name="Exif/Model" value="NIKON D3000"/>
          <property name="Exif/Orientation" value="1"/>
          <property name="Exif/Software" value="Ver.1.00 "/>
          <property name="File/ImageHeight" value="2592"/>
          <property name="File/ImageWidth" value="3872"/>
          <property name="System/FileModifyDate" value="2016:06:21 00:54:26"/>
          <property name="System/FileSize" value="2713537"/>
        </meta>
      </photo>
    </camera>
  </cameras>
  <markers>
    <marker marker_id="20">
      <location camera_id="0" pinned="true" x="2499.4766" y="1577.6493"/>
      <location camera_id="1" pinned="true" x="2371.0779" y="1516.7898"/>
    </marker>
    <marker marker_id="21">
      <location camera_id="0" pinned="true" x="2462.3672" y="1593.2352"/>
      <location camera_id="1" pinned="true" x="2322.8354" y="1533.1179"/>
    </marker>
    <marker marker_id="22">
      <location camera_id="15" pinned="true" x="1524.4091" y="1854.1891"/>
      <location camera_id="16" pinned="true" x="1724.5288" y="1811.5406"/>
      <location camera_id="17" pinned="true" x="1594.1229" y="1733.6251"/>
    </marker>
    <marker marker_id="23">
      <location camera_id="16" pinned="true" x="1779.4797" y="1806.6196"/>
      <location camera_id="17" pinned="true" x="1644.973" y="1733.6251"/>
    </marker>
    <marker marker_id="24">
      <location camera_id="0" pinned="true" x="762.39612" y="1392.9335"/>
      <location camera_id="1" pinned="true" x="611.06042" y="1273.8497"/>
    </marker>
    <marker marker_id="25">
      <location camera_id="9" pinned="true" x="1307.8369" y="1395.9034"/>
      <location camera_id="10" pinned="true" x="1207.5852" y="1400.0234"/>
    </marker>
  </markers>
  <masks path="masks/masks.zip"/>
  <thumbnails path="thumbnails/thumbnails.zip"/>
  <point_cloud path="point_cloud.1/point_cloud.zip"/>
  <depth_maps path="depth_maps.1/depth_maps.zip"/>
  <dense_cloud path="dense_cloud.1/dense_cloud.zip"/>
</frame>
