<?xml version="1.0" encoding="UTF-8"?>
<chunk label="Merged Chunk" enabled="true">
  <sensors next_id="20">
    <sensor id="0" label="NIKON D3000 (48 mm)" type="frame">
      <resolution width="3872" height="2592"/>
      <property name="pixel_width" value="0.0061904649606179677"/>
      <property name="pixel_height" value="0.0061904649606179677"/>
      <property name="focal_length" value="48"/>
      <property name="fixed" value="false"/>
    </sensor>
    <sensor id="1" label="NIKON D3000 (28 mm)" type="frame">
      <resolution width="3872" height="2592"/>
      <property name="pixel_width" value="0.0061904649606179677"/>
      <property name="pixel_height" value="0.0061904649606179677"/>
      <property name="focal_length" value="28"/>
      <property name="fixed" value="false"/>
    </sensor>
    <sensor id="2" label="NIKON D3000 (20 mm)" type="frame">
      <resolution width="3872" height="2592"/>
      <property name="pixel_width" value="0.0061904649606179668"/>
      <property name="pixel_height" value="0.0061904649606179668"/>
      <property name="focal_length" value="20"/>
      <property name="fixed" value="false"/>
    </sensor>
    <sensor id="3" label="NIKON D3000 (24 mm)" type="frame">
      <resolution width="3872" height="2592"/>
      <property name="pixel_width" value="0.0061904649606179677"/>
      <property name="pixel_height" value="0.0061904649606179677"/>
      <property name="focal_length" value="24"/>
      <property name="fixed" value="false"/>
    </sensor>
    <sensor id="4" label="NIKON D3000 (32 mm)" type="frame">
      <resolution width="3872" height="2592"/>
      <property name="pixel_width" value="0.0061904649606179668"/>
      <property name="pixel_height" value="0.0061904649606179668"/>
      <property name="focal_length" value="32"/>
      <property name="fixed" value="false"/>
    </sensor>
    <sensor id="5" label="NIKON D3000 (18 mm)" type="frame">
      <resolution width="3872" height="2592"/>
      <property name="pixel_width" value="0.0061904649606179677"/>
      <property name="pixel_height" value="0.0061904649606179677"/>
      <property name="focal_length" value="18"/>
      <property name="fixed" value="false"/>
    </sensor>
    <sensor id="6" label="NIKON D3000 (29 mm)" type="frame">
      <resolution width="3872" height="2592"/>
      <property name="pixel_width" value="0.0062624471113228268"/>
      <property name="pixel_height" value="0.0062624471113228268"/>
      <property name="focal_length" value="29"/>
      <property name="fixed" value="false"/>
    </sensor>
    <sensor id="7" label="NIKON D3000 (30 mm)" type="frame">
      <resolution width="3872" height="2592"/>
      <property name="pixel_width" value="0.0061904649606179677"/>
      <property name="pixel_height" value="0.0061904649606179677"/>
      <property name="focal_length" value="30"/>
      <property name="fixed" value="false"/>
      <calibration type="frame" class="adjusted">
        <resolution width="3872" height="2592"/>
        <fx>4846.1626373546633</fx>
        <fy>4846.1626373546633</fy>
        <cx>1936</cx>
        <cy>1296</cy>
      </calibration>
    </sensor>
    <sensor id="8" label="NIKON D3000 (26 mm)" type="frame">
      <resolution width="3872" height="2592"/>
      <property name="pixel_width" value="0.0061904649606179677"/>
      <property name="pixel_height" value="0.0061904649606179677"/>
      <property name="focal_length" value="26"/>
      <property name="fixed" value="false"/>
    </sensor>
    <sensor id="9" label="NIKON D3000 (55 mm)" type="frame">
      <resolution width="3872" height="2592"/>
      <property name="pixel_width" value="0.0062282116981827104"/>
      <property name="pixel_height" value="0.0062282116981827104"/>
      <property name="focal_length" value="55"/>
      <property name="fixed" value="false"/>
    </sensor>
    <sensor id="10" label="NIKON D3000 (40 mm)" type="frame">
      <resolution width="3872" height="2592"/>
      <property name="pixel_width" value="0.0061904649606179668"/>
      <property name="pixel_height" value="0.0061904649606179668"/>
      <property name="focal_length" value="40"/>
      <property name="fixed" value="false"/>
    </sensor>
    <sensor id="11" label="NIKON D3000 (30 mm)" type="frame">
      <resolution width="3872" height="2592"/>
      <property name="pixel_width" value="0.0061904649606179677"/>
      <property name="pixel_height" value="0.0061904649606179677"/>
      <property name="focal_length" value="30"/>
      <property name="fixed" value="false"/>
      <calibration type="frame" class="adjusted">
        <resolution width="3872" height="2592"/>
        <fx>4846.1626373546633</fx>
        <fy>4846.1626373546633</fy>
        <cx>1936</cx>
        <cy>1296</cy>
      </calibration>
    </sensor>
    <sensor id="12" label="NIKON D3000 (20 mm)" type="frame">
      <resolution width="3872" height="2592"/>
      <property name="pixel_width" value="0.0061904649606179668"/>
      <property name="pixel_height" value="0.0061904649606179668"/>
      <property name="focal_length" value="20"/>
      <property name="fixed" value="false"/>
    </sensor>
    <sensor id="13" label="NIKON D3000 (24 mm)" type="frame">
      <resolution width="3872" height="2592"/>
      <property name="pixel_width" value="0.0061904649606179677"/>
      <property name="pixel_height" value="0.0061904649606179677"/>
      <property name="focal_length" value="24"/>
      <property name="fixed" value="false"/>
    </sensor>
    <sensor id="14" label="NIKON D3000 (32 mm)" type="frame">
      <resolution width="3872" height="2592"/>
      <property name="pixel_width" value="0.0061904649606179668"/>
      <property name="pixel_height" value="0.0061904649606179668"/>
      <property name="focal_length" value="32"/>
      <property name="fixed" value="false"/>
    </sensor>
    <sensor id="15" label="NIKON D3000 (18 mm)" type="frame">
      <resolution width="3872" height="2592"/>
      <property name="pixel_width" value="0.0061904649606179677"/>
      <property name="pixel_height" value="0.0061904649606179677"/>
      <property name="focal_length" value="18"/>
      <property name="fixed" value="false"/>
    </sensor>
    <sensor id="16" label="NIKON D3000 (29 mm)" type="frame">
      <resolution width="3872" height="2592"/>
      <property name="pixel_width" value="0.0062624471113228268"/>
      <property name="pixel_height" value="0.0062624471113228268"/>
      <property name="focal_length" value="29"/>
      <property name="fixed" value="false"/>
    </sensor>
    <sensor id="17" label="NIKON D5100 (29 mm)" type="frame">
      <resolution width="4928" height="3264"/>
      <property name="pixel_width" value="0.0049366004100330112"/>
      <property name="pixel_height" value="0.0049366004100330112"/>
      <property name="focal_length" value="29"/>
      <property name="fixed" value="false"/>
    </sensor>
    <sensor id="18" label="NIKON D3000 (30 mm)" type="frame">
      <resolution width="3872" height="2592"/>
      <property name="pixel_width" value="0.0061904649606179677"/>
      <property name="pixel_height" value="0.0061904649606179677"/>
      <property name="focal_length" value="30"/>
      <property name="fixed" value="false"/>
      <calibration type="frame" class="adjusted">
        <resolution width="3872" height="2592"/>
        <fx>4846.1626373546633</fx>
        <fy>4846.1626373546633</fy>
        <cx>1936</cx>
        <cy>1296</cy>
      </calibration>
    </sensor>
    <sensor id="19" label="NIKON D3000 (30 mm)" type="frame">
      <resolution width="3872" height="2592"/>
      <property name="pixel_width" value="0.0061904649606179677"/>
      <property name="pixel_height" value="0.0061904649606179677"/>
      <property name="focal_length" value="30"/>
      <property name="fixed" value="false"/>
      <calibration type="frame" class="adjusted">
        <resolution width="3872" height="2592"/>
        <fx>4846.1626373546633</fx>
        <fy>4846.1626373546633</fy>
        <cx>1936</cx>
        <cy>1296</cy>
      </calibration>
    </sensor>
  </sensors>
  <cameras next_id="170" next_group_id="0">
    <camera id="0" label="DSC_0030.JPG" sensor_id="11" enabled="true">
      <transform>8.4464872842241490e-01 -5.2648617597921477e-01 9.6854695689887971e-02 -2.3185486653829268e+00 1.1404872910682060e-01 3.5375485388513361e-01 9.2835897730448369e-01 -1.0131149593690989e+01 -5.2303098661887759e-01 -7.7309107474830607e-01 3.5884366677007462e-01 7.3371552366643309e+00 0.0000000000000000e+00 0.0000000000000000e+00 0.0000000000000000e+00 1.0000000000000000e+00</transform>
    </camera>
    <camera id="1" label="DSC_0031.JPG" sensor_id="11" enabled="true">
      <transform>8.6437109322393835e-01 -5.0266551027326667e-01 -1.3783975499476575e-02 -9.1934176635983655e-01 2.1292355869797805e-01 3.4103010187472177e-01 9.1562111583706152e-01 -9.5978449744618182e+00 -4.5555040484038917e-01 -7.9437135799135739e-01 4.0180589126184330e-01 6.6763082553070081e+00 0.0000000000000000e+00 0.0000000000000000e+00 0.0000000000000000e+00 1.0000000000000000e+00</transform>
    </camera>
    <camera id="2" label="DSC_0032.JPG" sensor_id="11" enabled="true">
      <transform>8.8491267222269665e-01 -4.3907879202449906e-01 -1.5536851976508237e-01 6.6944881039545601e-01 3.3265462047258409e-01 3.6234310959849547e-01 8.7065973514613260e-01 -9.0169278551167658e+00 -3.2599151218693889e-01 -8.2214188880071026e-01 4.6670359829475649e-01 6.1260592883506142e+00 0.0000000000000000e+00 0.0000000000000000e+00 0.0000000000000000e+00 1.0000000000000000e+00</transform>
    </camera>
    <camera id="3" label="DSC_0033.JPG" sensor_id="11" enabled="true">
      <transform>8.8134131859223142e-01 -3.9530264980452823e-01 -2.5879199214741005e-01 1.7730373316578547e+00 4.1287258793748105e-01 3.7803833275721654e-01 8.2862732582020893e-01 -8.4659062499572624e+00 -2.2972528435484324e-01 -8.3715161949533512e-01 4.9639043071399336e-01 5.8970003737757262e+00 0.0000000000000000e+00 0.0000000000000000e+00 0.0000000000000000e+00 1.0000000000000000e+00</transform>
    </camera>
    <camera id="4" label="DSC_0034.JPG" sensor_id="11" enabled="true">
      <transform>8.6081553598882332e-01 -3.4239961743421643e-01 -3.7650911673049448e-01 3.0685533284476123e+00 4.9659646141663694e-01 4.0333090123079651e-01 7.6858059995086270e-01 -7.6998319844214640e+00 -1.1130394201801444e-01 -8.4857921615678034e-01 5.1722794433208530e-01 5.7807139862123602e+00 0.0000000000000000e+00 0.0000000000000000e+00 0.0000000000000000e+00 1.0000000000000000e+00</transform>
    </camera>
    <camera id="5" label="DSC_0036.JPG" sensor_id="11" enabled="true">
      <transform>7.5763006070744265e-01 -2.4241131898661442e-01 -6.0599789070557553e-01 6.0245789595022758e+00 6.3326483098510822e-01 4.9781580509329210e-01 5.9258339331837484e-01 -5.9115481422692930e+00 1.5802640586256189e-01 -8.3271614408902095e-01 5.3067078158089087e-01 5.6109177199919626e+00 0.0000000000000000e+00 0.0000000000000000e+00 0.0000000000000000e+00 1.0000000000000000e+00</transform>
    </camera>
    <camera id="6" label="DSC_0037.JPG" sensor_id="11" enabled="true">
      <transform>7.0714654553386880e-01 -2.1517431694657324e-01 -6.7353082814826815e-01 6.9005306019647259e+00 6.6498008595338143e-01 5.2612777886601414e-01 5.3008588510820420e-01 -5.0146193738444591e+00 2.4030241036025779e-01 -8.2273299048481729e-01 5.1513607711260145e-01 5.9803458636234117e+00 0.0000000000000000e+00 0.0000000000000000e+00 0.0000000000000000e+00 1.0000000000000000e+00</transform>
    </camera>
    <camera id="7" label="DSC_0039.JPG" sensor_id="11" enabled="true">
      <transform>5.1716248893554395e-01 -1.4385676906274725e-01 -8.4371096356087549e-01 8.6272667966569863e+00 7.2075214712559010e-01 6.0483151487078146e-01 3.3866676989773814e-01 -2.6404306987905688e+00 4.6158347289720547e-01 -7.8325223817997691e-01 4.1648124679775400e-01 7.4805373327953237e+00 0.0000000000000000e+00 0.0000000000000000e+00 0.0000000000000000e+00 1.0000000000000000e+00</transform>
    </camera>
    <camera id="8" label="DSC_0040.JPG" sensor_id="11" enabled="false">
      <transform>3.9211606529001269e-01 -1.1585410603566426e-01 -9.1259126527496170e-01 9.2563503043497128e+00 7.2524160550291217e-01 6.4922506951284731e-01 2.2919734458234187e-01 -1.3617664266917642e+00 5.6592367417261902e-01 -7.5172111532849439e-01 3.3859379761042246e-01 8.5411237920998246e+00 0.0000000000000000e+00 0.0000000000000000e+00 0.0000000000000000e+00 1.0000000000000000e+00</transform>
    </camera>
    <camera id="9" label="DSC_0041.JPG" sensor_id="11" enabled="true">
      <transform>2.8853825505901010e-01 -9.8945818653803030e-02 -9.5234206057405146e-01 9.5421503351068360e+00 7.1453072030277076e-01 6.8433075660454812e-01 1.4538660635921757e-01 -3.9836648745410969e-01 6.3733156607146413e-01 -7.2242725622444182e-01 2.6815542946753762e-01 9.4648783817897009e+00 0.0000000000000000e+00 0.0000000000000000e+00 0.0000000000000000e+00 1.0000000000000000e+00</transform>
    </camera>
    <camera id="10" label="DSC_0042.JPG" sensor_id="11" enabled="true">
      <transform>-3.2109588549185247e-02 -8.5557722558643801e-02 -9.9581567091193157e-01 9.6454727613040934e+00 6.3213101647696424e-01 7.7001374755652052e-01 -8.6540202113024767e-02 1.4866551205062455e+00 7.7419593923696228e-01 -6.3226474256006182e-01 2.9358865517193536e-02 1.1655476698843382e+01 0.0000000000000000e+00 0.0000000000000000e+00 0.0000000000000000e+00 1.0000000000000000e+00</transform>
    </camera>
    <camera id="11" label="DSC_0043.JPG" sensor_id="11" enabled="true">
      <transform>-2.0807162641600410e-01 -9.3535599105242589e-02 -9.7363098244695456e-01 9.4884801424017073e+00 5.5392298919595573e-01 8.0914153237774888e-01 -1.9611043475961562e-01 2.3054086728806857e+00 8.0614857211361224e-01 -5.8012160128839507e-01 -1.1654787598996549e-01 1.2780376210809740e+01 0.0000000000000000e+00 0.0000000000000000e+00 0.0000000000000000e+00 1.0000000000000000e+00</transform>
    </camera>
    <camera id="12" label="DSC_0044.JPG" sensor_id="11" enabled="true">
      <transform>-3.4477959049701978e-01 -1.1017279868226268e-01 -9.3219578866632125e-01 9.0254695161833975e+00 4.6960440776801216e-01 8.3963465280333816e-01 -2.7292004326665331e-01 3.2211556535618073e+00 8.1277225234475226e-01 -5.3186051201638862e-01 -2.3775125988331403e-01 1.4194216679842778e+01 0.0000000000000000e+00 0.0000000000000000e+00 0.0000000000000000e+00 1.0000000000000000e+00</transform>
    </camera>
    <camera id="13" label="DSC_0045.JPG" sensor_id="11" enabled="true">
      <transform>-4.4316973893048073e-01 -1.2605248294640753e-01 -8.8753104398625693e-01 8.5224206274468646e+00 3.9692193184179109e-01 8.6013100373408402e-01 -3.2035548448306250e-01 3.7949601826370416e+00 8.0377457195364799e-01 -4.9425239297189327e-01 -3.3115103732630391e-01 1.5288423133044391e+01 0.0000000000000000e+00 0.0000000000000000e+00 0.0000000000000000e+00 1.0000000000000000e+00</transform>
    </camera>
    <camera id="14" label="DSC_0046.JPG" sensor_id="11" enabled="true">
      <transform>-5.9886723564205602e-01 -1.6126114628669999e-01 -7.8444431081673449e-01 7.7973952094339447e+00 2.6445865785304362e-01 8.8474715879730581e-01 -3.8377608482898151e-01 4.3365706270996034e+00 7.5592304658675991e-01 -4.3728401262611272e-01 -4.8719917892028175e-01 1.6551706184151900e+01 0.0000000000000000e+00 0.0000000000000000e+00 0.0000000000000000e+00 1.0000000000000000e+00</transform>
    </camera>
    <camera id="15" label="DSC_0047.JPG" sensor_id="11" enabled="true">
      <transform>-7.3583448437373633e-01 -2.0742240127200584e-01 -6.4461116888942638e-01 6.3266997923702872e+00 1.0009274461418338e-01 9.0815867317340682e-01 -4.0648403020969520e-01 4.7874306269130882e+00 6.6972311747619806e-01 -3.6362586787860890e-01 -6.4749299156631113e-01 1.8524919984973362e+01 0.0000000000000000e+00 0.0000000000000000e+00 0.0000000000000000e+00 1.0000000000000000e+00</transform>
    </camera>
    <camera id="16" label="DSC_0048.JPG" sensor_id="11" enabled="true">
      <transform>-8.2214840740422490e-01 -2.6084556291250605e-01 -5.0599564080291692e-01 4.8009404938252889e+00 -3.8946180067253686e-02 9.1253496760497355e-01 -4.0714018219325804e-01 4.9525385480910726e+00 5.6793942569684819e-01 -3.1502305504049727e-01 -7.6039810858002943e-01 1.9952426557395743e+01 0.0000000000000000e+00 0.0000000000000000e+00 0.0000000000000000e+00 1.0000000000000000e+00</transform>
    </camera>
    <camera id="17" label="DSC_0049.JPG" sensor_id="11" enabled="true">
      <transform>-8.6350913198875812e-01 -3.0106324625245928e-01 -4.0461450879565908e-01 3.6661261794858397e+00 -1.3208579966132405e-01 9.0927603162532455e-01 -3.9467764040990416e-01 4.9050776682424138e+00 4.8672920654081364e-01 -2.8736391573687903e-01 -8.2493433643685710e-01 2.0801742403767658e+01 0.0000000000000000e+00 0.0000000000000000e+00 0.0000000000000000e+00 1.0000000000000000e+00</transform>
    </camera>
    <camera id="18" label="DSC_0050.JPG" sensor_id="11" enabled="true">
      <transform>-8.9706563005213813e-01 -3.5851488678826715e-01 -2.5834150137048550e-01 1.9924369043456096e+00 -2.5701023942658363e-01 8.9886118566115070e-01 -3.5495676601766613e-01 4.5662308494742812e+00 3.5947043301090942e-01 -2.5202310382785542e-01 -8.9847947273597928e-01 2.1791181904298750e+01 0.0000000000000000e+00 0.0000000000000000e+00 0.0000000000000000e+00 1.0000000000000000e+00</transform>
    </camera>
    <camera id="19" label="DSC_0051.JPG" sensor_id="11" enabled="true">
      <transform>-9.0301907266180936e-01 -4.1308300491587152e-01 -1.1797875003016375e-01 3.6020219117513452e-01 -3.6430843415516295e-01 8.8187501922003264e-01 -2.9929219047459232e-01 4.0448602402191591e+00 2.2767502983950413e-01 -2.2728590261021564e-01 -9.4683958475670016e-01 2.2521912138795070e+01 0.0000000000000000e+00 0.0000000000000000e+00 0.0000000000000000e+00 1.0000000000000000e+00</transform>
    </camera>
    <camera id="20" label="DSC_0052.JPG" sensor_id="11" enabled="true">
      <transform>-8.8296682651861802e-01 -4.6895262830536949e-01 2.1284164844470516e-02 -1.2932343108699007e+00 -4.6089436017326918e-01 8.5740088393974734e-01 -2.2899806326651057e-01 3.3252048271410080e+00 8.9140181894101098e-02 -2.1200744473915517e-01 -9.7319415912091278e-01 2.2987505525825764e+01 0.0000000000000000e+00 0.0000000000000000e+00 0.0000000000000000e+00 1.0000000000000000e+00</transform>
    </camera>
    <camera id="21" label="DSC_0053.JPG" sensor_id="11" enabled="true">
      <transform>-8.3653623283534140e-01 -5.2447755805729801e-01 1.5852577786564895e-01 -2.9401568713315740e+00 -5.4485504789584338e-01 8.2680891041713855e-01 -1.3971400229483597e-01 2.3682335035007660e+00 -5.7793666920119315e-02 -2.0324939544578433e-01 -9.7741985621065097e-01 2.3157940276391468e+01 0.0000000000000000e+00 0.0000000000000000e+00 0.0000000000000000e+00 1.0000000000000000e+00</transform>
    </camera>
    <camera id="22" label="DSC_0054.JPG" sensor_id="11" enabled="false">
      <transform>-7.4018141244439095e-01 -5.9015591885900409e-01 3.2225373249585654e-01 -4.9980694672036803e+00 -6.2437216703867737e-01 7.8111861131238935e-01 -3.6210618374645370e-03 8.6689107084275840e-01 -2.4958139694146342e-01 -2.0388650396014318e-01 -9.4664640695650359e-01 2.3122481563420710e+01 0.0000000000000000e+00 0.0000000000000000e+00 0.0000000000000000e+00 1.0000000000000000e+00</transform>
      <orientation>1</orientation>
    </camera>
    <camera id="23" label="DSC_0055.JPG" sensor_id="11" enabled="true">
      <transform>-6.1412035236451668e-01 -6.4339344413572441e-01 4.5705696456224393e-01 -6.7721365307774812e+00 -6.6263569951550083e-01 7.3492786834068169e-01 1.4420457019049310e-01 -8.5090002242128882e-01 -4.2868417575096546e-01 -2.1430329997317465e-01 -8.7766962638644552e-01 2.2590889141951191e+01 0.0000000000000000e+00 0.0000000000000000e+00 0.0000000000000000e+00 1.0000000000000000e+00</transform>
      <orientation>1</orientation>
    </camera>
    <camera id="24" label="DSC_0056.JPG" sensor_id="11" enabled="true">
      <transform>-6.5584998092228752e-01 -6.2805984012974403e-01 4.1880978945153063e-01 -6.2691029859641239e+00 -6.5389341326543249e-01 7.4987557435316998e-01 1.0054863040631498e-01 -3.3805304772111827e-01 -3.7720578814795164e-01 -2.0791214539969469e-01 -9.0249007373099621e-01 2.2808926882254323e+01 0.0000000000000000e+00 0.0000000000000000e+00 0.0000000000000000e+00 1.0000000000000000e+00</transform>
      <orientation>1</orientation>
    </camera>
    <camera id="25" label="DSC_0057.JPG" sensor_id="11" enabled="true">
      <transform>-5.0829360259953760e-01 -6.7235683347550379e-01 5.3812071325602873e-01 -7.9089674240212107e+00 -6.6289379637223800e-01 7.0434839881910316e-01 2.5389987753476190e-01 -2.1850484735601268e+00 -5.4973578043236848e-01 -2.2766119906509991e-01 -8.0371695898037121e-01 2.1866976701909966e+01 0.0000000000000000e+00 0.0000000000000000e+00 0.0000000000000000e+00 1.0000000000000000e+00</transform>
      <orientation>1</orientation>
    </camera>
    <camera id="26" label="DSC_0059.JPG" sensor_id="11" enabled="true">
      <transform>-1.4796237703641224e-01 -7.4573961567015679e-01 6.4959953864043163e-01 -9.3890176651647703e+00 -6.6974728465692634e-01 5.5884853155496927e-01 4.8900602600942367e-01 -4.8551248320347797e+00 -7.2769891416464882e-01 -3.6271303312533720e-01 -5.8214563978836886e-01 1.9195468022338691e+01 0.0000000000000000e+00 0.0000000000000000e+00 0.0000000000000000e+00 1.0000000000000000e+00</transform>
      <orientation>1</orientation>
    </camera>
    <camera id="27" label="DSC_0060.JPG" sensor_id="11" enabled="true">
      <transform>3.4646562710102469e-02 -7.5331961038798390e-01 6.5674133439069582e-01 -9.6470618823337571e+00 -6.0336321006293747e-01 5.0809687916524493e-01 6.1464656358356617e-01 -6.3799083637218805e+00 -7.9671353222781582e-01 -4.1754895040873413e-01 -4.3692152794024908e-01 1.7565725463326086e+01 0.0000000000000000e+00 0.0000000000000000e+00 0.0000000000000000e+00 1.0000000000000000e+00</transform>
      <orientation>1</orientation>
    </camera>
    <camera id="28" label="DSC_0061.JPG" sensor_id="11" enabled="true">
      <transform>1.8568832406237440e-01 -7.5020416225304642e-01 6.3459716454228754e-01 -9.5504132268664836e+00 -5.2961113156969453e-01 4.6758003841410384e-01 7.0772943770492736e-01 -7.5511670330141101e+00 -8.2766653648940902e-01 -4.6750681558119517e-01 -3.1049232158099510e-01 1.6115185119462030e+01 0.0000000000000000e+00 0.0000000000000000e+00 0.0000000000000000e+00 1.0000000000000000e+00</transform>
      <orientation>1</orientation>
    </camera>
    <camera id="29" label="DSC_0062.JPG" sensor_id="11" enabled="true">
      <transform>3.0607584631407059e-01 -7.3949583048834322e-01 5.9955274412972315e-01 -9.2606761019742034e+00 -4.5755402654684968e-01 4.3800150729148613e-01 7.7382103383221068e-01 -8.3904293168423525e+00 -8.3484243369266420e-01 -5.1117570002959067e-01 -2.0429761282346776e-01 1.4888173547005630e+01 0.0000000000000000e+00 0.0000000000000000e+00 0.0000000000000000e+00 1.0000000000000000e+00</transform>
      <orientation>1</orientation>
    </camera>
    <camera id="30" label="DSC_0063.JPG" sensor_id="11" enabled="false">
      <transform>4.1458207644157924e-01 -7.2373804403006603e-01 5.5165654669995812e-01 -8.5762467077496662e+00 -3.8722992945411483e-01 4.0828394619775515e-01 8.2665422094860797e-01 -9.3072683815155983e+00 -8.2351362079102852e-01 -5.5633394908159517e-01 -1.1098582554059414e-01 1.3237774223403298e+01 0.0000000000000000e+00 0.0000000000000000e+00 0.0000000000000000e+00 1.0000000000000000e+00</transform>
      <orientation>1</orientation>
    </camera>
    <camera id="31" label="DSC_0064.JPG" sensor_id="11" enabled="false">
      <transform>5.3196145664266203e-01 -6.9739599801963337e-01 4.8026641626582345e-01 -7.7315323237152480e+00 -2.8867599743469252e-01 3.8383616923818487e-01 8.7711798732533208e-01 -9.9445474141515700e+00 -7.9604219558494704e-01 -6.0523434893498518e-01 2.8645623648036675e-03 1.1831496594193670e+01 0.0000000000000000e+00 0.0000000000000000e+00 0.0000000000000000e+00 1.0000000000000000e+00</transform>
      <orientation>1</orientation>
    </camera>
    <camera id="32" label="DSC_0065.JPG" sensor_id="11" enabled="true">
      <transform>6.6567098009400150e-01 -6.4845631649805402e-01 3.6930549935584067e-01 -6.3356768051321097e+00 -1.4071438253881852e-01 3.7693453836267055e-01 9.1548884009366238e-01 -1.0443245199968242e+01 -7.3285851895670162e-01 -6.6138094876031606e-01 1.5966725340373858e-01 9.8441085027727606e+00 0.0000000000000000e+00 0.0000000000000000e+00 0.0000000000000000e+00 1.0000000000000000e+00</transform>
      <orientation>1</orientation>
    </camera>
    <camera id="33" label="DSC_0065.JPG" sensor_id="11" enabled="true">
      <transform>6.6567098009400172e-01 -6.4845631649805380e-01 3.6930549935584100e-01 -6.3356768051323087e+00 -1.4071438253881885e-01 3.7693453836267077e-01 9.1548884009366227e-01 -1.0443245199968256e+01 -7.3285851895670151e-01 -6.6138094876031639e-01 1.5966725340373866e-01 9.8441085027728832e+00 0.0000000000000000e+00 0.0000000000000000e+00 0.0000000000000000e+00 1.0000000000000000e+00</transform>
    </camera>
    <camera id="34" label="DSC_0066.JPG" sensor_id="11" enabled="true">
      <transform>7.5170660205377038e-01 -6.0544408845713682e-01 2.6148544927219419e-01 -4.5956430426372918e+00 -4.1024601451103426e-02 3.5279601546220651e-01 9.3480048863368093e-01 -1.0696388534508406e+01 -6.5822045433468002e-01 -7.1342303525068296e-01 2.4036099157132407e-01 8.4402777639077247e+00 0.0000000000000000e+00 0.0000000000000000e+00 0.0000000000000000e+00 1.0000000000000000e+00</transform>
    </camera>
    <camera id="35" label="DSC_0067.JPG" sensor_id="11" enabled="true">
      <transform>8.5156071316388449e-01 -5.2145631668275294e-01 5.4107869921787288e-02 -2.1045348126371755e+00 1.6264684575841490e-01 3.6089630252738986e-01 9.1831359697376636e-01 -1.0391085596410086e+01 -4.9838775603003627e-01 -7.7319930717358720e-01 3.9213833786768393e-01 6.7536583499788465e+00 0.0000000000000000e+00 0.0000000000000000e+00 0.0000000000000000e+00 1.0000000000000000e+00</transform>
    </camera>
    <camera id="36" label="DSC_0068.JPG" sensor_id="11" enabled="true">
      <transform>8.8439261964288862e-01 -4.5024605968261400e-01 -1.2299666687138142e-01 6.1928222437100250e-03 3.1359191640212092e-01 3.7801443746706287e-01 8.7107129159082364e-01 -9.7619564560452368e+00 -3.4570190090370456e-01 -8.0893978194099248e-01 4.7550670332270312e-01 5.8719903033926837e+00 0.0000000000000000e+00 0.0000000000000000e+00 0.0000000000000000e+00 1.0000000000000000e+00</transform>
    </camera>
    <camera id="37" label="DSC_0069.JPG" sensor_id="11" enabled="true">
      <transform>8.8338509594381143e-01 -3.9723975802660449e-01 -2.4865909777707262e-01 1.5058067562188584e+00 4.0987571089228247e-01 3.9761935005869831e-01 8.2091458391201977e-01 -9.1016886979968987e+00 -2.2722824182941948e-01 -8.2710303294200482e-01 5.1406993591655192e-01 5.4843368506238299e+00 0.0000000000000000e+00 0.0000000000000000e+00 0.0000000000000000e+00 1.0000000000000000e+00</transform>
    </camera>
    <camera id="68" label="DSC_0070.JPG" sensor_id="18" enabled="true">
      <transform>7.0987359836873454e-01 7.0399202212673218e-01 2.1787774575193153e-02 -1.6044076597586741e+00 2.6286949734915505e-01 -2.3611314411937423e-01 -9.3549463415749556e-01 1.1880163712793840e+01 -6.5343637923092968e-01 6.6981028355496186e-01 -3.5266851623244505e-01 1.4975360119512484e+01 0.0000000000000000e+00 0.0000000000000000e+00 0.0000000000000000e+00 1.0000000000000000e+00</transform>
    </camera>
    <camera id="69" label="DSC_0071.JPG" sensor_id="18" enabled="true">
      <transform>7.3971201825426969e-01 6.6204378835757716e-01 1.2051619122484339e-01 -2.8904806722612437e+00 3.7525722687093938e-01 -2.5717169894860559e-01 -8.9053058955940434e-01 1.1389559510759677e+01 -5.5857689151210665e-01 7.0396075143223402e-01 -4.3866971255334797e-01 1.6201719805869846e+01 0.0000000000000000e+00 0.0000000000000000e+00 0.0000000000000000e+00 1.0000000000000000e+00</transform>
    </camera>
    <camera id="70" label="DSC_0072.JPG" sensor_id="18" enabled="true">
      <transform>7.5213913272262667e-01 6.2929029987739515e-01 1.9565388702367525e-01 -4.0028129886170296e+00 4.5242093673562994e-01 -2.7720397940800734e-01 -8.4762801381479858e-01 1.0818715125540878e+01 -4.7916805092838788e-01 7.2605211402528347e-01 -4.9320006760837609e-01 1.7059588025979156e+01 0.0000000000000000e+00 0.0000000000000000e+00 0.0000000000000000e+00 1.0000000000000000e+00</transform>
    </camera>
    <camera id="71" label="DSC_0073.JPG" sensor_id="18" enabled="true">
      <transform>7.5130576225590684e-01 5.8764931952823651e-01 3.0034634817002676e-01 -5.2504396407189207e+00 5.5045964995185293e-01 -3.0694940844759339e-01 -7.7638665265997187e-01 1.0028995302334652e+01 -3.6405195422625330e-01 7.4863231156000265e-01 -5.5409009800967657e-01 1.7824660286866955e+01 0.0000000000000000e+00 0.0000000000000000e+00 0.0000000000000000e+00 1.0000000000000000e+00</transform>
    </camera>
    <camera id="72" label="DSC_0074.JPG" sensor_id="18" enabled="true">
      <transform>7.3178727909427732e-01 5.4175016573168577e-01 4.1351437228406551e-01 -6.5577481415270533e+00 6.4220722371155692e-01 -3.4500984848782112e-01 -6.8449841947159007e-01 8.9827470492400625e+00 -2.2816060126254903e-01 7.6646915291882534e-01 -6.0038968816545346e-01 1.8419425391665218e+01 0.0000000000000000e+00 0.0000000000000000e+00 0.0000000000000000e+00 1.0000000000000000e+00</transform>
    </camera>
    <camera id="73" label="DSC_0075.JPG" sensor_id="18" enabled="true">
      <transform>6.9492739114557900e-01 4.9994238118790513e-01 5.1684962661084111e-01 -7.7808344348322507e+00 7.1297902475814356e-01 -3.8562096859528983e-01 -5.8562563027462922e-01 7.8499441827140783e+00 -9.3471018452379651e-02 7.7547023416234206e-01 -6.2442700505157300e-01 1.8761953134660676e+01 0.0000000000000000e+00 0.0000000000000000e+00 0.0000000000000000e+00 1.0000000000000000e+00</transform>
    </camera>
    <camera id="74" label="DSC_0076.JPG" sensor_id="18" enabled="true">
      <transform>6.4885044804750436e-01 4.6544428452968928e-01 6.0195906344800432e-01 -8.8027824453127153e+00 7.6041450781905429e-01 -4.2534914055686662e-01 -4.9076255452697332e-01 6.7636662751120848e+00 2.7620144222255283e-02 7.7616990834879740e-01 -6.2991856696477933e-01 1.8880816297329599e+01 0.0000000000000000e+00 0.0000000000000000e+00 0.0000000000000000e+00 1.0000000000000000e+00</transform>
    </camera>
    <camera id="75" label="DSC_0077.JPG" sensor_id="18" enabled="true">
      <transform>5.5004492716254416e-01 4.1744981486823363e-01 7.2331613432110742e-01 -1.0265202490401400e+01 8.0655945272651930e-01 -4.9016250527395999e-01 -3.3045811783197754e-01 4.9041222739595485e+00 2.1659276839324643e-01 7.6516427679945498e-01 -6.0630949373213416e-01 1.8692015227974078e+01 0.0000000000000000e+00 0.0000000000000000e+00 0.0000000000000000e+00 1.0000000000000000e+00</transform>
    </camera>
    <camera id="76" label="DSC_0078.JPG" sensor_id="18" enabled="true">
      <transform>4.3848367184883141e-01 3.8195906304381372e-01 8.1353509062649432e-01 -1.1365772218463206e+01 8.1508692513166148e-01 -5.5036429142625098e-01 -1.8092111872939032e-01 3.1506696465769926e+00 3.7863620270832488e-01 7.4243277196091817e-01 -5.5265559358161542e-01 1.8133164379074717e+01 0.0000000000000000e+00 0.0000000000000000e+00 0.0000000000000000e+00 1.0000000000000000e+00</transform>
    </camera>
    <camera id="77" label="DSC_0079.JPG" sensor_id="18" enabled="true">
      <transform>3.1764770008944976e-01 3.5825804127572486e-01 8.7792432161842049e-01 -1.2203413482360949e+01 7.9279452694329500e-01 -6.0826357492451588e-01 -3.8629800268768832e-02 1.4848408439901684e+00 5.2016994980163922e-01 7.0828426445977799e-01 -4.7723853997977905e-01 1.7323038474559109e+01 0.0000000000000000e+00 0.0000000000000000e+00 0.0000000000000000e+00 1.0000000000000000e+00</transform>
    </camera>
    <camera id="78" label="DSC_0080.JPG" sensor_id="18" enabled="true">
      <transform>1.5694077346541724e-01 3.4013348836011370e-01 9.2718865594875410e-01 -1.2821890347889189e+01 7.2920177692356192e-01 -6.7306544839476046e-01 1.2348145896724749e-01 -4.4190400809538655e-01 6.6605882784900960e-01 6.5672833978224254e-01 -3.5365735616732619e-01 1.5924943099007901e+01 0.0000000000000000e+00 0.0000000000000000e+00 0.0000000000000000e+00 1.0000000000000000e+00</transform>
    </camera>
    <camera id="79" label="DSC_0081.JPG" sensor_id="18" enabled="true">
      <transform>3.8550755915678803e-02 3.3439874251108248e-01 9.4164288359512227e-01 -1.3109383532818283e+01 6.5936895163009468e-01 -7.1657927878743533e-01 2.2747906022029629e-01 -1.7093836512751515e+00 7.5083049008718361e-01 6.1212059123957430e-01 -2.4811682114672151e-01 1.4733887866053564e+01 0.0000000000000000e+00 0.0000000000000000e+00 0.0000000000000000e+00 1.0000000000000000e+00</transform>
    </camera>
    <camera id="80" label="DSC_0082.JPG" sensor_id="18" enabled="true">
      <transform>-2.1941997498548849e-01 3.4731409760482473e-01 9.1171694740325715e-01 -1.2835842743427596e+01 4.5666888437703895e-01 -7.8923602825489325e-01 4.1056061884485673e-01 -3.9295850952608964e+00 8.6215335330740195e-01 5.0643796195525015e-01 1.4566608095721523e-02 1.1717769322898524e+01 0.0000000000000000e+00 0.0000000000000000e+00 0.0000000000000000e+00 1.0000000000000000e+00</transform>
    </camera>
    <camera id="81" label="DSC_0083.JPG" sensor_id="18" enabled="true">
      <transform>-3.3614107900048051e-01 3.6577255214987781e-01 8.6788225877831959e-01 -1.2358434538984222e+01 3.3593726422412418e-01 -8.1432285563482254e-01 4.7331220277567215e-01 -4.7250801908713891e+00 8.7986097169609934e-01 4.5065366622775077e-01 1.5085073285033679e-01 1.0132981013644500e+01 0.0000000000000000e+00 0.0000000000000000e+00 0.0000000000000000e+00 1.0000000000000000e+00</transform>
    </camera>
    <camera id="82" label="DSC_0084.JPG" sensor_id="18" enabled="true">
      <transform>-4.3969491854565035e-01 3.9070426694730298e-01 8.0871413638831890e-01 -1.1716057710202881e+01 2.1186080940692342e-01 -8.2989694589156571e-01 5.1612600848755408e-01 -5.2877536502390656e+00 8.7280202568656839e-01 3.9827281477527704e-01 2.8212654779088164e-01 8.5774136809370116e+00 0.0000000000000000e+00 0.0000000000000000e+00 0.0000000000000000e+00 1.0000000000000000e+00</transform>
    </camera>
    <camera id="83" label="DSC_0085.JPG" sensor_id="18" enabled="true">
      <transform>-5.2716591452935402e-01 4.2039311887150305e-01 7.3848881112981002e-01 -1.0937130890622189e+01 8.5052729881679168e-02 -8.3858591857807729e-01 5.3808892415867149e-01 -5.6096528162721286e+00 8.4549519909819959e-01 3.4647262917588845e-01 4.0631833029515640e-01 7.1113385917408163e+00 0.0000000000000000e+00 0.0000000000000000e+00 0.0000000000000000e+00 1.0000000000000000e+00</transform>
    </camera>
    <camera id="84" label="DSC_0086.JPG" sensor_id="18" enabled="true">
      <transform>-5.8689957141988458e-01 4.5313115784773927e-01 6.7098513161971274e-01 -9.8567098551112071e+00 -2.7310105772951454e-02 -8.3933240209867832e-01 5.4293211077438841e-01 -5.6818910527446045e+00 8.0919901828278695e-01 3.0032194820696972e-01 5.0497888692037840e-01 5.4628267271163242e+00 0.0000000000000000e+00 0.0000000000000000e+00 0.0000000000000000e+00 1.0000000000000000e+00</transform>
    </camera>
    <camera id="85" label="DSC_0087.JPG" sensor_id="18" enabled="true">
      <transform>-6.5096847627011578e-01 4.9094472222608820e-01 5.7897609848845444e-01 -8.7567869082524830e+00 -1.5741116996932358e-01 -8.3343278730524983e-01 5.2972777217500189e-01 -5.5067633412341239e+00 7.4260471751225232e-01 2.5369877564338206e-01 6.1981865474152675e-01 4.1352391618097730e+00 0.0000000000000000e+00 0.0000000000000000e+00 0.0000000000000000e+00 1.0000000000000000e+00</transform>
    </camera>
    <camera id="86" label="DSC_0088.JPG" sensor_id="18" enabled="true">
      <transform>-7.0229206775742936e-01 5.3744173460326161e-01 4.6684283594335196e-01 -7.4231582231496880e+00 -2.9737117285924780e-01 -8.1730025036645093e-01 4.9354907182898433e-01 -5.0561792083916801e+00 6.4680463597388471e-01 2.0778999652912541e-01 7.3380316177099969e-01 2.7955797610108273e+00 0.0000000000000000e+00 0.0000000000000000e+00 0.0000000000000000e+00 1.0000000000000000e+00</transform>
    </camera>
    <camera id="87" label="DSC_0089.JPG" sensor_id="18" enabled="true">
      <transform>-7.2802319827661621e-01 5.8398701627185012e-01 3.5908409543864339e-01 -5.9965279672518639e+00 -4.1818020971763015e-01 -7.9334914449326688e-01 4.4240529736014739e-01 -4.3546390032595630e+00 5.4323800950559942e-01 1.7191945718185447e-01 8.2178839446094065e-01 1.6709863887806589e+00 0.0000000000000000e+00 0.0000000000000000e+00 0.0000000000000000e+00 1.0000000000000000e+00</transform>
    </camera>
    <camera id="88" label="DSC_0090.JPG" sensor_id="18" enabled="true">
      <transform>-7.3561967948329232e-01 6.2094479033633321e-01 2.7072357583163215e-01 -4.9254258822306216e+00 -5.0671276781566399e-01 -7.6964653860291954e-01 3.8844095632300879e-01 -3.6547487438444213e+00 4.4956185123905618e-01 1.4856571936591520e-01 8.8080779341454563e-01 9.7619983003679933e-01 0.0000000000000000e+00 0.0000000000000000e+00 0.0000000000000000e+00 1.0000000000000000e+00</transform>
    </camera>
    <camera id="89" label="DSC_0091.JPG" sensor_id="18" enabled="true">
      <transform>-7.2452597111893224e-01 6.7467056457287378e-01 1.4100264704283955e-01 -3.4089311605462980e+00 -6.1865999456623555e-01 -7.2675569832733189e-01 2.9847272249245371e-01 -2.5458409027596889e+00 3.0384523741120761e-01 1.2901854226300863e-01 9.4394506590948102e-01 2.8096560985048219e-01 0.0000000000000000e+00 0.0000000000000000e+00 0.0000000000000000e+00 1.0000000000000000e+00</transform>
    </camera>
    <camera id="90" label="DSC_0092.JPG" sensor_id="18" enabled="true">
      <transform>-7.0330548092282819e-01 7.0826603572801661e-01 6.0996910889235659e-02 -2.4723359042154978e+00 -6.8035943513429498e-01 -6.9549519064146059e-01 2.3107894499140680e-01 -1.7167208826530209e+00 2.0608842647672526e-01 1.2101926470078384e-01 9.7102105952632622e-01 -6.4115875116552683e-03 0.0000000000000000e+00 0.0000000000000000e+00 0.0000000000000000e+00 1.0000000000000000e+00</transform>
    </camera>
    <camera id="91" label="DSC_0093.JPG" sensor_id="18" enabled="true">
      <transform>-6.4339419395574826e-01 7.6204889781074547e-01 -7.2975259708073587e-02 -9.3209857622091641e-01 -7.6518732876336049e-01 -6.3730052466057130e-01 9.1303850780529452e-02 -6.4611090419628411e-02 2.3070827553982522e-02 1.1458411151982799e-01 9.9314561787443079e-01 -1.9747166324165549e-01 0.0000000000000000e+00 0.0000000000000000e+00 0.0000000000000000e+00 1.0000000000000000e+00</transform>
    </camera>
    <camera id="92" label="DSC_0094.JPG" sensor_id="18" enabled="true">
      <transform>-5.3116398769205908e-01 8.1888419068256979e-01 -2.1747068866682412e-01 7.2221562785563209e-01 -8.2374262033072887e-01 -5.5917983869147370e-01 -9.3626937638919341e-02 2.1471639551572905e+00 -1.9827484366337228e-01 1.2940861737585371e-01 9.7156600193663389e-01 1.3106567517996479e-01 0.0000000000000000e+00 0.0000000000000000e+00 0.0000000000000000e+00 1.0000000000000000e+00</transform>
    </camera>
    <camera id="93" label="DSC_0095.JPG" sensor_id="18" enabled="true">
      <transform>-3.6300154849445571e-01 8.6680217596579490e-01 -3.4188282134613079e-01 2.1027636626691364e+00 -8.2910281712989042e-01 -4.6791249452352579e-01 -3.0601701929149461e-01 4.6500260997514387e+00 -4.2522746197524319e-01 1.7237135843792178e-01 8.8852108605950297e-01 1.2005391146500599e+00 0.0000000000000000e+00 0.0000000000000000e+00 0.0000000000000000e+00 1.0000000000000000e+00</transform>
    </camera>
    <camera id="94" label="DSC_0096.JPG" sensor_id="18" enabled="true">
      <transform>-2.6435108890976111e-01 8.8431558025738377e-01 -3.8484341790690713e-01 2.5845426678831007e+00 -8.0625602611630620e-01 -4.2160611392660702e-01 -4.1496928205693390e-01 5.9389076232257132e+00 -5.2921613934513179e-01 2.0058474322278746e-01 8.2443680087856519e-01 2.0117788797324123e+00 0.0000000000000000e+00 0.0000000000000000e+00 0.0000000000000000e+00 1.0000000000000000e+00</transform>
    </camera>
    <camera id="95" label="DSC_0098.JPG" sensor_id="18" enabled="false">
      <transform>-1.0303861679268506e-01 8.9707373941594815e-01 -4.2969960379285643e-01 3.0228931163712045e+00 -7.3487059254803577e-01 -3.5978877101342555e-01 -5.7490629885290656e-01 7.7776151084844356e+00 -6.7033443567934725e-01 2.5653605263770701e-01 6.9630524774664371e-01 3.5774914359111154e+00 0.0000000000000000e+00 0.0000000000000000e+00 0.0000000000000000e+00 1.0000000000000000e+00</transform>
    </camera>
    <camera id="96" label="DSC_0099.JPG" sensor_id="18" enabled="false">
      <transform>1.7812419592313916e-01 8.8894259359122296e-01 -4.2196307436320113e-01 2.9920062364507953e+00 -5.2311022882756575e-01 -2.7766151940883460e-01 -8.0576657236171623e-01 9.8472101584433833e+00 -8.3344313502644340e-01 3.6425972319059219e-01 4.1555672866457843e-01 6.1932459466833141e+00 0.0000000000000000e+00 0.0000000000000000e+00 0.0000000000000000e+00 1.0000000000000000e+00</transform>
    </camera>
    <camera id="97" label="DSC_0100.JPG" sensor_id="18" enabled="true">
      <transform>3.2237244119457048e-01 8.6867232358951130e-01 -3.7614412581861822e-01 2.5240491179815372e+00 -3.8181752806630603e-01 -2.4427724782705934e-01 -8.9137197704178084e-01 1.0928184099497527e+01 -8.6619361832074748e-01 4.3097218056811604e-01 2.5292606658226130e-01 8.0812321422921833e+00 0.0000000000000000e+00 0.0000000000000000e+00 0.0000000000000000e+00 1.0000000000000000e+00</transform>
    </camera>
    <camera id="98" label="DSC_0101.JPG" sensor_id="18" enabled="true">
      <transform>3.2030042270262699e-01 8.6873420566712545e-01 -3.7776781112268820e-01 2.5180145810540790e+00 -3.8415193725137664e-01 -2.4540459751294724e-01 -8.9005835349460249e-01 1.0941524622078219e+01 -8.6593009436243340e-01 4.3020630332831811e-01 2.5512273174699712e-01 8.0916359257310067e+00 0.0000000000000000e+00 0.0000000000000000e+00 0.0000000000000000e+00 1.0000000000000000e+00</transform>
    </camera>
    <camera id="99" label="DSC_0102.JPG" sensor_id="18" enabled="true">
      <transform>4.0835583594421254e-01 8.4972147055692870e-01 -3.3349502803621173e-01 2.0643916775454412e+00 -2.8174627790667195e-01 -2.3017888478847978e-01 -9.3147019055000790e-01 1.1454156209491760e+01 -8.6825373372997339e-01 4.7433227116874754e-01 1.4541097067229208e-01 9.3223422641297713e+00 0.0000000000000000e+00 0.0000000000000000e+00 0.0000000000000000e+00 1.0000000000000000e+00</transform>
    </camera>
    <camera id="100" label="DSC_0103.JPG" sensor_id="18" enabled="true">
      <transform>4.9786013148614688e-01 8.2420210478537426e-01 -2.6986326156769613e-01 1.3592790037785556e+00 -1.6025175679482284e-01 -2.1838279545801595e-01 -9.6261535884906535e-01 1.1880996215603568e+01 -8.5232309831469943e-01 5.2249387088778465e-01 2.3355747984806663e-02 1.0776042408005644e+01 0.0000000000000000e+00 0.0000000000000000e+00 0.0000000000000000e+00 1.0000000000000000e+00</transform>
    </camera>
    <camera id="101" label="DSC_0104.JPG" sensor_id="18" enabled="true">
      <transform>5.7878925606848131e-01 7.9220086377396770e-01 -1.9344453596696154e-01 5.0461562625890799e-01 -3.4083233922390321e-02 -2.1350881694452664e-01 -9.7634641303808756e-01 1.2093057128701215e+01 -8.1476458577007704e-01 5.7169202943781527e-01 -9.6575841969856357e-02 1.2197425043773162e+01 0.0000000000000000e+00 0.0000000000000000e+00 0.0000000000000000e+00 1.0000000000000000e+00</transform>
    </camera>
    <camera id="102" label="DSC_0105.JPG" sensor_id="18" enabled="true">
      <transform>6.4910382031368963e-01 7.5384019840065808e-01 -1.0192735515763229e-01 -5.1430525939398775e-01 9.7930903828449711e-02 -2.1568729177338597e-01 -9.7153925820977782e-01 1.2102031036380131e+01 -7.5436978235446073e-01 6.2064800607326454e-01 -2.1382769705481247e-01 1.3612254885528746e+01 0.0000000000000000e+00 0.0000000000000000e+00 0.0000000000000000e+00 1.0000000000000000e+00</transform>
    </camera>
    <camera id="103" label="DSC_0106.JPG" sensor_id="18" enabled="true">
      <transform>7.1605960907368593e-01 6.9731255700896566e-01 3.1840761467929857e-02 -2.0500004446000202e+00 2.7139968481047283e-01 -2.3609064220916673e-01 -9.3306131617704480e-01 1.1736961249312539e+01 -6.4311806640617375e-01 6.7676909393003537e-01 -3.5830538115286964e-01 1.5347199460741468e+01 0.0000000000000000e+00 0.0000000000000000e+00 0.0000000000000000e+00 1.0000000000000000e+00</transform>
    </camera>
    <camera id="104" label="DSC_0107.JPG" sensor_id="18" enabled="true">
      <transform>7.4964036159515823e-01 6.4485932177718441e-01 1.4898249355058679e-01 -3.5523877791766658e+00 4.0285222836309720e-01 -2.6598153665451163e-01 -8.7576475395039266e-01 1.1052072221531667e+01 -5.2511847269960699e-01 7.1652653633761154e-01 -4.5917351007397800e-01 1.6707236657516280e+01 0.0000000000000000e+00 0.0000000000000000e+00 0.0000000000000000e+00 1.0000000000000000e+00</transform>
    </camera>
    <camera id="105" label="DSC_0108.JPG" sensor_id="18" enabled="true">
      <transform>7.5616980171780990e-01 6.0231653436830257e-01 2.5577729257423204e-01 -4.8075920392030360e+00 5.0843191146737010e-01 -2.9471532893785601e-01 -8.0909818087219010e-01 1.0311249095947653e+01 -4.1195172335078672e-01 7.4186094877383091e-01 -5.2909177872341606e-01 1.7560473373268042e+01 0.0000000000000000e+00 0.0000000000000000e+00 0.0000000000000000e+00 1.0000000000000000e+00</transform>
    </camera>
    <camera id="106" label="DSC_0109.JPG" sensor_id="18" enabled="true">
      <transform>7.4079778236132687e-01 5.4920532492851293e-01 3.8677145282286168e-01 -6.3498837563646369e+00 6.2017128372995178e-01 -3.3796932505938515e-01 -7.0792959689198420e-01 9.1624441559128194e+00 -2.5808181742479280e-01 7.6429722385278243e-01 -5.9096829790238792e-01 1.8331737964575790e+01 0.0000000000000000e+00 0.0000000000000000e+00 0.0000000000000000e+00 1.0000000000000000e+00</transform>
    </camera>
    <camera id="107" label="DSC_0110.JPG" sensor_id="18" enabled="true">
      <transform>6.9489889811149497e-01 4.9626253422609490e-01 5.2042196199519164e-01 -7.9356639001082243e+00 7.1409581222121865e-01 -3.9092118965763351e-01 -5.8073039738313903e-01 7.6965094566968721e+00 -8.4750766200363592e-02 7.7518005689011016e-01 -6.2602970139466763e-01 1.8793446653074465e+01 0.0000000000000000e+00 0.0000000000000000e+00 0.0000000000000000e+00 1.0000000000000000e+00</transform>
    </camera>
    <camera id="108" label="DSC_0111.JPG" sensor_id="18" enabled="true">
      <transform>6.3031825344012815e-01 4.5258286362668193e-01 6.3076750941345894e-01 -9.2481284675055839e+00 7.7291294438540015e-01 -4.4206121026920581e-01 -4.5517849990615311e-01 6.2415158627049703e+00 7.2831859660982046e-02 7.7443568998774637e-01 -6.2844640367459015e-01 1.8871572508378549e+01 0.0000000000000000e+00 0.0000000000000000e+00 0.0000000000000000e+00 1.0000000000000000e+00</transform>
    </camera>
    <camera id="109" label="DSC_0112.JPG" sensor_id="18" enabled="true">
      <transform>5.2098089499336719e-01 4.0479143838071757e-01 7.5148040457857590e-01 -1.0695751615366571e+01 8.1108014883481294e-01 -5.0907547274357079e-01 -2.8808185506381256e-01 4.2858641967959894e+00 2.6594717373570226e-01 7.5959598107453130e-01 -5.9353689549800737e-01 1.8521363232939354e+01 0.0000000000000000e+00 0.0000000000000000e+00 0.0000000000000000e+00 1.0000000000000000e+00</transform>
    </camera>
    <camera id="110" label="DSC_0114.JPG" sensor_id="18" enabled="true">
      <transform>2.0252855501304723e-01 3.4401184637932558e-01 9.1686314897863264e-01 -1.2715465906400015e+01 7.5046269315694247e-01 -6.5600843405530895e-01 8.0365917078884019e-02 -4.8650138138482277e-02 6.2911678612476696e-01 6.7179519498057494e-01 -3.9102849693731490e-01 1.6247903791038500e+01 0.0000000000000000e+00 0.0000000000000000e+00 0.0000000000000000e+00 1.0000000000000000e+00</transform>
    </camera>
    <camera id="111" label="DSC_0115.JPG" sensor_id="18" enabled="true">
      <transform>-2.8161514920145847e-02 3.3607312033639491e-01 9.4141477939575680e-01 -1.3111426812256234e+01 6.1266917454887160e-01 -7.3835183964444850e-01 2.8190963703155447e-01 -2.4539809770456915e+00 7.8983758560542472e-01 5.8471481824990346e-01 -1.8510853487609846e-01 1.3914858894473609e+01 0.0000000000000000e+00 0.0000000000000000e+00 0.0000000000000000e+00 1.0000000000000000e+00</transform>
    </camera>
    <camera id="112" label="DSC_0116.JPG" sensor_id="18" enabled="true">
      <transform>-2.4551583798045695e-01 3.5264448491939177e-01 9.0297499442492357e-01 -1.2687729155923682e+01 4.2869960450956185e-01 -7.9595079308641326e-01 4.2740962094746404e-01 -4.2064254195252255e+00 8.6944730857832841e-01 4.9204085423981458e-01 4.4239974738398358e-02 1.1267435401648351e+01 0.0000000000000000e+00 0.0000000000000000e+00 0.0000000000000000e+00 1.0000000000000000e+00</transform>
    </camera>
    <camera id="113" label="DSC_0117.JPG" sensor_id="18" enabled="true">
      <transform>-4.1340301312737338e-01 3.8600087850685766e-01 8.2468252711521817e-01 -1.1789308150110843e+01 2.4187335618771660e-01 -8.2660793960652246e-01 5.0815016849938122e-01 -5.2372881462824354e+00 8.7783553602237963e-01 4.0953954140155224e-01 2.4835888493248548e-01 8.7989419147105679e+00 0.0000000000000000e+00 0.0000000000000000e+00 0.0000000000000000e+00 1.0000000000000000e+00</transform>
    </camera>
    <camera id="114" label="DSC_0118.JPG" sensor_id="18" enabled="true">
      <transform>-5.1055708164159652e-01 4.1860431780333385e-01 7.5106716843570098e-01 -1.0943959120788552e+01 1.0281747874587974e-01 -8.3750329815459279e-01 5.3667195906300136e-01 -5.6196570143868358e+00 8.5367443000827714e-01 3.5122450184545018e-01 3.8455339922234333e-01 7.1536778949723878e+00 0.0000000000000000e+00 0.0000000000000000e+00 0.0000000000000000e+00 1.0000000000000000e+00</transform>
    </camera>
    <camera id="115" label="DSC_0119.JPG" sensor_id="18" enabled="true">
      <transform>-5.7678077711546583e-01 4.4630418362785523e-01 6.8420502104731240e-01 -1.0160639250692064e+01 -4.8647408166153649e-03 -8.3942553223332828e-01 5.4345295116650238e-01 -5.7008793407781946e+00 8.1688448965987026e-01 3.1012473540668645e-01 4.8633566499082292e-01 5.9608221008900157e+00 0.0000000000000000e+00 0.0000000000000000e+00 0.0000000000000000e+00 1.0000000000000000e+00</transform>
    </camera>
    <camera id="116" label="DSC_0120.JPG" sensor_id="18" enabled="true">
      <transform>-6.3007584019445984e-01 4.7577646191828260e-01 6.1371100192824168e-01 -9.3154934727510010e+00 -1.0789727004343405e-01 -8.3629457192077439e-01 5.3755889732477025e-01 -5.6491776838089161e+00 7.6900104988252105e-01 2.7248513218223402e-01 5.7826398644495480e-01 4.8274258896629219e+00 0.0000000000000000e+00 0.0000000000000000e+00 0.0000000000000000e+00 1.0000000000000000e+00</transform>
    </camera>
    <camera id="117" label="DSC_0121.JPG" sensor_id="18" enabled="true">
      <transform>-6.5699045754816576e-01 5.0192471004356531e-01 5.6252566531522330e-01 -8.3746662597716970e+00 -1.8069987410189592e-01 -8.2924556948481520e-01 5.2886608984634609e-01 -5.4391345905711193e+00 7.3192287448214843e-01 2.4581165744831424e-01 6.3550415802912097e-01 3.7445847263375214e+00 0.0000000000000000e+00 0.0000000000000000e+00 0.0000000000000000e+00 1.0000000000000000e+00</transform>
    </camera>
    <camera id="118" label="DSC_0122.JPG" sensor_id="18" enabled="true">
      <transform>-7.0199185285295485e-01 5.4542650599362141e-01 4.5794908569366710e-01 -7.1227515398965977e+00 -3.0954479684951386e-01 -8.1277787560383585e-01 4.9353231269321052e-01 -4.9602981427814763e+00 6.4139648991202691e-01 2.0469990593184395e-01 7.3939738384716092e-01 2.5530946395599607e+00 0.0000000000000000e+00 0.0000000000000000e+00 0.0000000000000000e+00 1.0000000000000000e+00</transform>
    </camera>
    <camera id="119" label="DSC_0123.JPG" sensor_id="18" enabled="true">
      <transform>-7.3092488244482245e-01 5.9828411498343848e-01 3.2833661687589166e-01 -5.5854410974208664e+00 -4.5123025869189842e-01 -7.8460836372177789e-01 4.2518345360406085e-01 -4.1074290555331716e+00 5.1199616196204512e-01 1.6262174927210046e-01 8.4345367199379540e-01 1.4000281349261250e+00 0.0000000000000000e+00 0.0000000000000000e+00 0.0000000000000000e+00 1.0000000000000000e+00</transform>
    </camera>
    <camera id="120" label="DSC_0124.JPG" sensor_id="19" enabled="true">
      <transform>-8.7442703755633189e-01 -3.0774220007749359e-01 3.7506278711959845e-01 -5.9210831258159660e+00 -1.5658563808730813e-01 -5.5268418610761039e-01 -8.1854818329244283e-01 1.0507930049538965e+01 4.5919309003429903e-01 -7.7449010885745473e-01 4.3509398679678313e-01 6.2742525775200644e+00 0.0000000000000000e+00 0.0000000000000000e+00 0.0000000000000000e+00 1.0000000000000000e+00</transform>
    </camera>
    <camera id="121" label="DSC_0125.JPG" sensor_id="19" enabled="true">
      <transform>-9.3027940840499890e-01 -2.5991199572793994e-01 2.5889375576549650e-01 -4.5358516805720486e+00 -7.8108223063978979e-02 -5.4920450104860163e-01 -8.3202975999524442e-01 1.0633408652256856e+01 3.5844013138519087e-01 -7.9424188412893182e-01 4.9061237418953330e-01 5.6881197202631171e+00 0.0000000000000000e+00 0.0000000000000000e+00 0.0000000000000000e+00 1.0000000000000000e+00</transform>
    </camera>
    <camera id="122" label="DSC_0126.JPG" sensor_id="19" enabled="true">
      <transform>-9.6976495689582498e-01 -2.0764959105267111e-01 1.2820910931949112e-01 -2.9916696145057569e+00 6.8781113431034269e-03 -5.4840691019440313e-01 -8.3618332465756573e-01 1.0624164218066412e+01 2.4394388691088500e-01 -8.1001944926445224e-01 5.3325404063365811e-01 5.2347795985423469e+00 0.0000000000000000e+00 0.0000000000000000e+00 0.0000000000000000e+00 1.0000000000000000e+00</transform>
    </camera>
    <camera id="123" label="DSC_0127.JPG" sensor_id="19" enabled="true">
      <transform>-9.8782999218358269e-01 -1.5550020210708715e-01 3.4049504016873816e-03 -1.5043210300276706e+00 8.4185505325140630e-02 -5.5294788296692254e-01 -8.2895201273387897e-01 1.0509585682365904e+01 1.3078496563341530e-01 -8.1857701278929973e-01 5.5930936600169001e-01 4.9690492309699819e+00 0.0000000000000000e+00 0.0000000000000000e+00 0.0000000000000000e+00 1.0000000000000000e+00</transform>
    </camera>
    <camera id="124" label="DSC_0128.JPG" sensor_id="19" enabled="true">
      <transform>-9.8955739303257906e-01 -1.0949186584259935e-01 -9.3742718164517749e-02 9.2097261207935141e-02 1.3942425943461753e-01 -5.6211768584463440e-01 -8.1522057330625641e-01 1.0252215579210953e+01 3.6565581845151060e-02 -8.1977755432493959e-01 5.7151353409114158e-01 4.8698130242681392e+00 0.0000000000000000e+00 0.0000000000000000e+00 0.0000000000000000e+00 1.0000000000000000e+00</transform>
    </camera>
    <camera id="125" label="DSC_0129.JPG" sensor_id="19" enabled="true">
      <transform>-9.7748464521035539e-01 -6.8451910943287730e-02 -1.9959485029979590e-01 1.2865399800969917e+00 2.0240686223861493e-01 -5.7147401246854157e-01 -7.9526656863709788e-01 9.9848498085523332e+00 -5.9625753636361675e-02 -8.1776022706005813e-01 5.7246220883301924e-01 4.9466148472722837e+00 0.0000000000000000e+00 0.0000000000000000e+00 0.0000000000000000e+00 1.0000000000000000e+00</transform>
    </camera>
    <camera id="126" label="DSC_0131.JPG" sensor_id="19" enabled="true">
      <transform>-8.9569524177548787e-01 2.9772154969550380e-02 -4.4367065786371240e-01 4.1079305159664532e+00 3.3724074221759626e-01 -6.0483409550114597e-01 -7.2141832434991238e-01 9.0123790354821640e+00 -2.8982531919981580e-01 -7.9579478240798962e-01 5.3170663776460814e-01 5.6064485088250544e+00 0.0000000000000000e+00 0.0000000000000000e+00 0.0000000000000000e+00 1.0000000000000000e+00</transform>
    </camera>
    <camera id="127" label="DSC_0133.JPG" sensor_id="19" enabled="true">
      <transform>-6.7889669222041982e-01 1.3852021757846908e-01 -7.2104884065795871e-01 7.2254169581064520e+00 4.7229061643401660e-01 -6.6952615469535881e-01 -5.7330297557855325e-01 7.1451890018887116e+00 -5.6217511054879443e-01 -7.2975809519378432e-01 3.8911729282902718e-01 7.4832682017833454e+00 0.0000000000000000e+00 0.0000000000000000e+00 0.0000000000000000e+00 1.0000000000000000e+00</transform>
    </camera>
    <camera id="128" label="DSC_0134.JPG" sensor_id="19" enabled="true">
      <transform>-6.7940073235162246e-01 1.3891233334873002e-01 -7.2049844449775913e-01 7.1873512702971531e+00 4.7240513753876201e-01 -6.6854361916541505e-01 -5.7435425940806928e-01 7.1192130607246327e+00 -5.6146952803074046e-01 -7.3058387124054391e-01 3.8858612452855001e-01 7.5034230358521015e+00 0.0000000000000000e+00 0.0000000000000000e+00 0.0000000000000000e+00 1.0000000000000000e+00</transform>
    </camera>
    <camera id="129" label="DSC_0135.JPG" sensor_id="19" enabled="true">
      <transform>-4.8727405573676402e-01 1.9000216545130760e-01 -8.5232808925299341e-01 8.6167971856578571e+00 5.2260551402346955e-01 -7.1850852753529271e-01 -4.5894332174172736e-01 5.7562273723334636e+00 -6.9960522533648217e-01 -6.6906253293909645e-01 2.5081438495231945e-01 9.2279784033665528e+00 0.0000000000000000e+00 0.0000000000000000e+00 0.0000000000000000e+00 1.0000000000000000e+00</transform>
    </camera>
    <camera id="130" label="DSC_0136.JPG" sensor_id="19" enabled="true">
      <transform>-3.0796380485165897e-01 2.1643779471816577e-01 -9.2645182061390885e-01 9.3594248172023011e+00 5.4342366834406319e-01 -7.5928215205428495e-01 -3.5802420344900598e-01 4.5350735388287475e+00 -7.8092830118056977e-01 -6.1371434282518667e-01 1.1621400012854832e-01 1.0882731104907126e+01 0.0000000000000000e+00 0.0000000000000000e+00 0.0000000000000000e+00 1.0000000000000000e+00</transform>
    </camera>
    <camera id="131" label="DSC_0137.JPG" sensor_id="19" enabled="true">
      <transform>-3.7703970889970906e-02 2.3122538448560820e-01 -9.7216934334950655e-01 9.6925778705330412e+00 5.3996839423030796e-01 -8.1388874859627414e-01 -2.1452095035388430e-01 3.1704124758620758e+00 -8.4084037950818635e-01 -5.3302901091579769e-01 -9.4167561881230766e-02 1.2858221860627349e+01 0.0000000000000000e+00 0.0000000000000000e+00 0.0000000000000000e+00 1.0000000000000000e+00</transform>
    </camera>
    <camera id="132" label="DSC_0138.JPG" sensor_id="19" enabled="true">
      <transform>1.9747455709861683e-01 2.1872726987871921e-01 -9.5559519709451601e-01 9.5200677807180263e+00 5.0221064744123578e-01 -8.5972963742076247e-01 -9.3002237268891091e-02 1.9083208745608693e+00 -8.4189563776952769e-01 -4.6154450701071748e-01 -2.7962189319306507e-01 1.4787998642755099e+01 0.0000000000000000e+00 0.0000000000000000e+00 0.0000000000000000e+00 1.0000000000000000e+00</transform>
    </camera>
    <camera id="133" label="DSC_0139.JPG" sensor_id="19" enabled="true">
      <transform>3.9939452896063365e-01 1.9527468928109581e-01 -8.9574092569363217e-01 8.9036799948949703e+00 4.3850351815847066e-01 -8.9872938093628729e-01 -4.0546827461387935e-04 8.3199214423429502e-01 -8.0510786531927359e-01 -3.9262360546463504e-01 -4.4457623601919316e-01 1.6651125713848860e+01 0.0000000000000000e+00 0.0000000000000000e+00 0.0000000000000000e+00 1.0000000000000000e+00</transform>
    </camera>
    <camera id="134" label="DSC_0140.JPG" sensor_id="19" enabled="true">
      <transform>6.4245106671637353e-01 1.3311091190638086e-01 -7.5467748873704088e-01 7.3130793107452519e+00 3.2277241579733235e-01 -9.4018588080770304e-01 1.0894254049817964e-01 -4.8142737586833018e-01 -6.9503567856286974e-01 -3.1357932754136586e-01 -6.4698795264158981e-01 1.9075167988133508e+01 0.0000000000000000e+00 0.0000000000000000e+00 0.0000000000000000e+00 1.0000000000000000e+00</transform>
    </camera>
    <camera id="135" label="DSC_0141.JPG" sensor_id="19" enabled="true">
      <transform>8.1538716076574169e-01 4.3417045745078292e-02 -5.7728566429208383e-01 5.2696820621603910e+00 1.8945427932298686e-01 -9.6228654178102546e-01 1.9522214923855932e-01 -1.5396695846705302e+00 -5.4703825652744831e-01 -2.6855087347816325e-01 -7.9286163625788153e-01 2.0847551213290583e+01 0.0000000000000000e+00 0.0000000000000000e+00 0.0000000000000000e+00 1.0000000000000000e+00</transform>
    </camera>
    <camera id="136" label="DSC_0142.JPG" sensor_id="19" enabled="true">
      <transform>8.9412656215659070e-01 -1.4703096697996659e-02 -4.4757291003089628e-01 3.7783455926234826e+00 9.5923830147311179e-02 -9.6997383823223549e-01 2.2349356132760251e-01 -1.8971819841945101e+00 -4.3742006087501883e-01 -2.4276443745432402e-01 -8.6586899601012413e-01 2.1736072001969763e+01 0.0000000000000000e+00 0.0000000000000000e+00 0.0000000000000000e+00 1.0000000000000000e+00</transform>
    </camera>
    <camera id="137" label="DSC_0143.JPG" sensor_id="19" enabled="true">
      <transform>9.4514954597817979e-01 -7.0722677876588341e-02 -3.1888969655855171e-01 2.3129893382145430e+00 7.6648513955217476e-03 -9.7120792449807236e-01 2.3811009521906257e-01 -2.1043479748017542e+00 -3.2654798390179263e-01 -2.2749389052480246e-01 -9.1739465007354593e-01 2.2365972748436505e+01 0.0000000000000000e+00 0.0000000000000000e+00 0.0000000000000000e+00 1.0000000000000000e+00</transform>
    </camera>
    <camera id="138" label="DSC_0145.JPG" sensor_id="19" enabled="true">
      <transform>9.7509901117457576e-01 -1.1948591081546099e-01 -1.8682889370481209e-01 9.9979841909641887e-01 -7.4809450343678793e-02 -9.7028765808211737e-01 2.3009868907231240e-01 -2.0615202514801552e+00 -2.0877132117616376e-01 -2.1039243734060342e-01 -9.5506521126268606e-01 2.2788404551065344e+01 0.0000000000000000e+00 0.0000000000000000e+00 0.0000000000000000e+00 1.0000000000000000e+00</transform>
    </camera>
    <camera id="139" label="DSC_0147.JPG" sensor_id="19" enabled="false">
      <transform>9.7032075977156740e-01 -2.2894018049484471e-01 7.7871797920142913e-02 -2.5090691046281735e+00 -2.3968206231030970e-01 -9.5324697979182949e-01 1.8404538713163213e-01 -1.5408847560969625e+00 3.2095672029176459e-02 -1.9724753299532913e-01 -9.7982818828825913e-01 2.3265746060211082e+01 0.0000000000000000e+00 0.0000000000000000e+00 0.0000000000000000e+00 1.0000000000000000e+00</transform>
    </camera>
    <camera id="140" label="DSC_0149.JPG" sensor_id="19" enabled="true">
      <transform>8.8672867350937756e-01 -3.2839590506740118e-01 3.2537422932872612e-01 -5.4574044410023745e+00 -3.7810378701311192e-01 -9.2015701830702568e-01 1.0172800945003951e-01 -6.2304703400700301e-01 2.6598831895901615e-01 -2.1323037118404703e-01 -9.4009734760931551e-01 2.2870805864847870e+01 0.0000000000000000e+00 0.0000000000000000e+00 0.0000000000000000e+00 1.0000000000000000e+00</transform>
    </camera>
    <camera id="141" label="DSC_0151.JPG" sensor_id="19" enabled="true">
      <transform>7.5722428655706353e-01 -4.0242008976242249e-01 5.1446034949619757e-01 -7.7682365180403785e+00 -4.7412693980432841e-01 -8.8040856666998313e-01 9.1869845917269405e-03 5.0077745495179105e-01 4.4923827174443715e-01 -2.5087611901037860e-01 -8.5746495445024551e-01 2.1966712311782540e+01 0.0000000000000000e+00 0.0000000000000000e+00 0.0000000000000000e+00 1.0000000000000000e+00</transform>
    </camera>
    <camera id="142" label="DSC_0152.JPG" sensor_id="19" enabled="true">
      <transform>6.8722447894403560e-01 -4.3062571498437108e-01 5.8505043298359904e-01 -8.6295288477223373e+00 -5.0636538456192792e-01 -8.6142514453740504e-01 -3.9253250517142235e-02 1.0460182987111197e+00 5.2088061286397314e-01 -2.6927349285235985e-01 -8.1004640187432575e-01 2.1410971624879746e+01 0.0000000000000000e+00 0.0000000000000000e+00 0.0000000000000000e+00 1.0000000000000000e+00</transform>
    </camera>
    <camera id="143" label="DSC_0153.JPG" sensor_id="19" enabled="false">
      <transform>6.2518301460451586e-01 -4.5008154919821625e-01 6.3763061197008386e-01 -9.2945370243781174e+00 -5.2859567756847070e-01 -8.4524963011076615e-01 -7.8356062008898511e-02 1.5231356153218694e+00 5.7422365669305142e-01 -2.8806190631346357e-01 -7.6634687330549855e-01 2.0942617915100133e+01 0.0000000000000000e+00 0.0000000000000000e+00 0.0000000000000000e+00 1.0000000000000000e+00</transform>
    </camera>
    <camera id="144" label="DSC_0154.JPG" sensor_id="19" enabled="true">
      <transform>6.2459792836209926e-01 -4.5076115000516576e-01 6.3772393206762645e-01 -9.2709639704978599e+00 -5.2774612757209627e-01 -8.4555258790243881e-01 -8.0776518395789587e-02 1.5107721739075557e+00 5.7564003745260006e-01 -2.8610348955842718e-01 -7.6601784610024592e-01 2.0900210696646131e+01 0.0000000000000000e+00 0.0000000000000000e+00 0.0000000000000000e+00 1.0000000000000000e+00</transform>
    </camera>
    <camera id="145" label="DSC_0155.JPG" sensor_id="19" enabled="true">
      <transform>5.1345021574097083e-01 -4.8081408439963191e-01 7.1076486421213481e-01 -1.0171641299249529e+01 -5.5813363277228112e-01 -8.1626491883783481e-01 -1.4899137640507748e-01 2.3171065273576708e+00 6.5180957642855109e-01 -3.2020212135088472e-01 -6.8746991029311677e-01 1.9976907039077933e+01 0.0000000000000000e+00 0.0000000000000000e+00 0.0000000000000000e+00 1.0000000000000000e+00</transform>
    </camera>
    <camera id="146" label="DSC_0156.JPG" sensor_id="19" enabled="true">
      <transform>5.1517303298618222e-01 -4.7762186160280928e-01 7.1166993993204808e-01 -1.0202053086708981e+01 -5.5848433926445662e-01 -8.1692444149637311e-01 -1.4397812223453263e-01 2.3302269844764978e+00 6.5014766698048021e-01 -3.2328287026210600e-01 -6.8760177204173423e-01 2.0010822949191667e+01 0.0000000000000000e+00 0.0000000000000000e+00 0.0000000000000000e+00 1.0000000000000000e+00</transform>
    </camera>
    <camera id="147" label="DSC_0157.JPG" sensor_id="19" enabled="true">
      <transform>4.0159629432450117e-01 -4.9828368532669171e-01 7.6839689309762227e-01 -1.0894940282984123e+01 -5.7551345944433030e-01 -7.8997290214460514e-01 -2.1148775821699306e-01 3.1323266116202797e+00 7.1239362320507016e-01 -3.5729005417794735e-01 -6.0401915764507974e-01 1.8995143358936414e+01 0.0000000000000000e+00 0.0000000000000000e+00 0.0000000000000000e+00 1.0000000000000000e+00</transform>
    </camera>
    <camera id="148" label="DSC_0158.JPG" sensor_id="19" enabled="true">
      <transform>2.8329075259740222e-01 -5.1448545218645214e-01 8.0935225271898747e-01 -1.1440072641059341e+01 -5.8385609928763937e-01 -7.6202948190843500e-01 -2.8004128986094950e-01 3.9418023404653963e+00 7.6082744746586284e-01 -3.9321214145911615e-01 -5.1626137468506772e-01 1.7979848045485625e+01 0.0000000000000000e+00 0.0000000000000000e+00 0.0000000000000000e+00 1.0000000000000000e+00</transform>
    </camera>
    <camera id="149" label="DSC_0159.JPG" sensor_id="19" enabled="true">
      <transform>1.4777726685811643e-01 -5.2467054835461635e-01 8.3838099637886054e-01 -1.1796051601198947e+01 -5.8176826833782469e-01 -7.3163614537398924e-01 -3.5532271632629903e-01 4.7894908794297884e+00 7.9981720496320519e-01 -4.3523484059936751e-01 -4.1335586626209797e-01 1.6785649429072539e+01 0.0000000000000000e+00 0.0000000000000000e+00 0.0000000000000000e+00 1.0000000000000000e+00</transform>
    </camera>
    <camera id="150" label="DSC_0160.JPG" sensor_id="19" enabled="true">
      <transform>1.8666594330641773e-02 -5.2628366001469451e-01 8.5010415094718406e-01 -1.1949013213296823e+01 -5.6918349865014095e-01 -7.0462155913376467e-01 -4.2371995854371491e-01 5.5721224854851954e+00 8.2199860287015114e-01 -4.7595584627719401e-01 -3.1270485969053929e-01 1.5616746559785552e+01 0.0000000000000000e+00 0.0000000000000000e+00 0.0000000000000000e+00 1.0000000000000000e+00</transform>
    </camera>
    <camera id="151" label="DSC_0161.JPG" sensor_id="19" enabled="true">
      <transform>-9.7309516126496853e-02 -5.2359092753090608e-01 8.4639435175251054e-01 -1.1927812655595833e+01 -5.4921494749305100e-01 -6.8096963845723635e-01 -4.8439993079027799e-01 6.2631150090655812e+00 8.2999626476354238e-01 -5.1198915233308051e-01 -2.2129913775661536e-01 1.4542275560483519e+01 0.0000000000000000e+00 0.0000000000000000e+00 0.0000000000000000e+00 1.0000000000000000e+00</transform>
    </camera>
    <camera id="152" label="DSC_0162.JPG" sensor_id="19" enabled="true">
      <transform>-2.0387142273546388e-01 -5.1701692168127356e-01 8.3134225544419293e-01 -1.1788950296954372e+01 -5.2417771623150922e-01 -6.5955443580467732e-01 -5.3872596746090962e-01 6.8900722151239613e+00 8.2684591357648807e-01 -5.4560191431628391e-01 -1.3654444806094923e-01 1.3546724169506748e+01 0.0000000000000000e+00 0.0000000000000000e+00 0.0000000000000000e+00 1.0000000000000000e+00</transform>
    </camera>
    <camera id="153" label="DSC_0163.JPG" sensor_id="19" enabled="true">
      <transform>-3.1476620986813153e-01 -5.0427840880767916e-01 8.0413028766217154e-01 -1.1513469552541530e+01 -4.9110096913731349e-01 -6.3845522842537927e-01 -5.9261687404991126e-01 7.5450635940534516e+00 8.1224508077158764e-01 -5.8144493093214955e-01 -4.6687482858524421e-02 1.2465811171310067e+01 0.0000000000000000e+00 0.0000000000000000e+00 0.0000000000000000e+00 1.0000000000000000e+00</transform>
    </camera>
    <camera id="154" label="DSC_0164.JPG" sensor_id="19" enabled="true">
      <transform>-3.9046189162926714e-01 -4.9005879418190240e-01 7.7934709175711581e-01 -1.1099464772906215e+01 -4.7039549760847238e-01 -6.2149623246264341e-01 -6.2647466737643720e-01 8.1496499022111788e+00 7.9137070138777077e-01 -6.1121584671842388e-01 1.2149144221222485e-02 1.1459664955003726e+01 0.0000000000000000e+00 0.0000000000000000e+00 0.0000000000000000e+00 1.0000000000000000e+00</transform>
    </camera>
    <camera id="155" label="DSC_0165.JPG" sensor_id="19" enabled="true">
      <transform>-4.9686888111169114e-01 -4.6750118583031697e-01 7.3113880777186457e-01 -1.0521651906384342e+01 -4.2600007141048002e-01 -6.0261151578945404e-01 -6.7482093935814003e-01 8.7197934238146342e+00 7.5607225457695648e-01 -6.4676270941140690e-01 1.0026337104712668e-01 1.0420522290353171e+01 0.0000000000000000e+00 0.0000000000000000e+00 0.0000000000000000e+00 1.0000000000000000e+00</transform>
    </camera>
    <camera id="156" label="DSC_0166.JPG" sensor_id="19" enabled="true">
      <transform>-5.9021902628644440e-01 -4.4325642186776504e-01 6.7465935514336972e-01 -9.8445759226660652e+00 -3.7700509325536180e-01 -5.8765371273638445e-01 -7.1591219682769691e-01 9.2151244512587027e+00 7.1379875361967215e-01 -6.7689501281966091e-01 1.7973447346258831e-01 9.4673082000143438e+00 0.0000000000000000e+00 0.0000000000000000e+00 0.0000000000000000e+00 1.0000000000000000e+00</transform>
    </camera>
    <camera id="157" label="DSC_0167.JPG" sensor_id="19" enabled="true">
      <transform>-6.5268473000121219e-01 -4.1857462139663726e-01 6.3150449685327348e-01 -8.9858280662363033e+00 -3.4435024211952048e-01 -5.7856298761467884e-01 -7.3938337830560141e-01 9.7006940527226515e+00 6.7485224603276817e-01 -7.0004296702776636e-01 2.3348295513696182e-01 8.5180869361469380e+00 0.0000000000000000e+00 0.0000000000000000e+00 0.0000000000000000e+00 1.0000000000000000e+00</transform>
    </camera>
    <camera id="158" label="DSC_0168.JPG" sensor_id="19" enabled="true">
      <transform>-7.2306680975516124e-01 -3.9255239343728887e-01 5.6839863391562573e-01 -8.2094098289402666e+00 -2.9605547230577922e-01 -5.6733135068708518e-01 -7.6843106121848681e-01 9.9969796563506588e+00 6.2411981698091878e-01 -7.2390452197387445e-01 2.9400118557155652e-01 7.8186052397055601e+00 0.0000000000000000e+00 0.0000000000000000e+00 0.0000000000000000e+00 1.0000000000000000e+00</transform>
    </camera>
    <camera id="159" label="DSC_0169.JPG" sensor_id="19" enabled="true">
      <transform>-8.2206977875228149e-01 -3.4357857486734988e-01 4.5404299549084104e-01 -6.7978856188399863e+00 -2.1221390154833453e-01 -5.5508802822465797e-01 -8.0426521801660378e-01 1.0385792018498984e+01 5.2836212851775133e-01 -7.5751636537686917e-01 3.8340894268966785e-01 6.8210159025489512e+00 0.0000000000000000e+00 0.0000000000000000e+00 0.0000000000000000e+00 1.0000000000000000e+00</transform>
    </camera>
    <camera id="160" label="DSC_0170.JPG" sensor_id="19" enabled="true">
      <transform>-9.0612979543966166e-01 -2.8333593739871071e-01 3.1408524383496739e-01 -4.9905847958144083e+00 -1.1640407297098139e-01 -5.4682616408565909e-01 -8.2911473154632254e-01 1.0636410619884394e+01 4.0666802875594177e-01 -7.8784636373455319e-01 4.6251402307173217e-01 5.9103155962373863e+00 0.0000000000000000e+00 0.0000000000000000e+00 0.0000000000000000e+00 1.0000000000000000e+00</transform>
    </camera>
    <camera id="161" label="DSC_0171.JPG" sensor_id="19" enabled="true">
      <transform>-9.0663211585730774e-01 -2.8357913999176249e-01 3.1241171210060870e-01 -4.9962276534506618e+00 -1.1486393705588534e-01 -5.4659005275512351e-01 -8.2948513560712656e-01 1.0641006676562300e+01 4.0598581558980951e-01 -7.8792270280192078e-01 4.6298307954955931e-01 5.9081198381228566e+00 0.0000000000000000e+00 0.0000000000000000e+00 0.0000000000000000e+00 1.0000000000000000e+00</transform>
    </camera>
    <camera id="162" label="DSC_0172.JPG" sensor_id="19" enabled="true">
      <transform>-9.6472070419213152e-01 -2.1540360831704575e-01 1.5137783334106286e-01 -3.0444127399862433e+00 -9.5413080410811646e-03 -5.4599621802688492e-01 -8.3773330681142399e-01 1.0658783742854894e+01 2.6310250159187593e-01 -8.0962300821081834e-01 5.2467862376102303e-01 5.2605419245281135e+00 0.0000000000000000e+00 0.0000000000000000e+00 0.0000000000000000e+00 1.0000000000000000e+00</transform>
    </camera>
    <camera id="163" label="DSC_0173.JPG" sensor_id="19" enabled="true">
      <transform>-9.8997447013048034e-01 -1.4114660489649411e-01 -5.3088997040587199e-03 -8.2027801958959157e-01 8.3204137875183617e-02 -5.5238038012057133e-01 -8.2942931410597054e-01 1.0432793134843816e+01 1.1413859965113556e-01 -8.2155556816568787e-01 5.5858645569475796e-01 4.9136366035006391e+00 0.0000000000000000e+00 0.0000000000000000e+00 0.0000000000000000e+00 1.0000000000000000e+00</transform>
    </camera>
    <camera id="164" label="DSC_0174.JPG" sensor_id="19" enabled="true">
      <transform>-9.8707606084688693e-01 -1.0244112886399959e-01 -1.2323418851951054e-01 3.4267470713889907e-02 1.5958079853936963e-01 -5.5800936307117921e-01 -8.1434606861114900e-01 1.0272165395977266e+01 1.4656699510120434e-02 -8.2348731978213641e-01 5.6714532116337169e-01 4.8856712564922775e+00 0.0000000000000000e+00 0.0000000000000000e+00 0.0000000000000000e+00 1.0000000000000000e+00</transform>
    </camera>
    <camera id="165" label="DSC_0175.JPG" sensor_id="19" enabled="true">
      <transform>-9.7168447852280793e-01 -5.1326263779817624e-02 -2.3064017179204405e-01 1.7585987261795775e+00 2.1784196528932803e-01 -5.7264565163969505e-01 -7.9033020682309252e-01 9.8568936399470886e+00 -9.1510394801586389e-02 -8.1819470317556664e-01 5.6761190556462426e-01 4.9970453582965648e+00 0.0000000000000000e+00 0.0000000000000000e+00 0.0000000000000000e+00 1.0000000000000000e+00</transform>
    </camera>
    <camera id="166" label="DSC_0177.JPG" sensor_id="19" enabled="true">
      <transform>-8.3849246835889191e-01 7.2432453640680017e-02 -5.4007769826665086e-01 5.2588182304853825e+00 3.8434614947288714e-01 -6.2396996022166595e-01 -6.8039659473452541e-01 8.4071730548850674e+00 -3.8627505470943613e-01 -7.7808420392690381e-01 4.9535497747439627e-01 6.1156941863466123e+00 0.0000000000000000e+00 0.0000000000000000e+00 0.0000000000000000e+00 1.0000000000000000e+00</transform>
    </camera>
    <camera id="167" label="DSC_0178.JPG" sensor_id="19" enabled="true">
      <transform>-7.1533137182472617e-01 1.2697698040529110e-01 -6.8715200278432542e-01 6.8820722044141309e+00 4.5528246384625398e-01 -6.6130118329735366e-01 -5.9615318759829206e-01 7.3622460883994254e+00 -5.3011216416664109e-01 -7.3929533436690520e-01 4.1523909014673233e-01 7.2096562883453865e+00 0.0000000000000000e+00 0.0000000000000000e+00 0.0000000000000000e+00 1.0000000000000000e+00</transform>
    </camera>
    <camera id="168" label="DSC_0179.JPG" sensor_id="19" enabled="true">
      <transform>-5.8750298685005831e-01 1.6523326565579211e-01 -7.9217309242550182e-01 7.9687269916809562e+00 5.0101765358694272e-01 -6.9446797032086294e-01 -5.1642574392903318e-01 6.4446520907875069e+00 -6.3546955177765552e-01 -7.0029437104630765e-01 3.2521722378183160e-01 8.3178333407600640e+00 0.0000000000000000e+00 0.0000000000000000e+00 0.0000000000000000e+00 1.0000000000000000e+00</transform>
    </camera>
    <camera id="169" label="DSC_0180.JPG" sensor_id="19" enabled="true">
      <transform>-4.0740091079950769e-01 2.0232704641098229e-01 -8.9055503152266791e-01 9.0054640364782514e+00 5.3386142379900925e-01 -7.3841626731707366e-01 -4.1198713128059566e-01 5.1979233952514923e+00 -7.4095646164874396e-01 -6.4327690962145412e-01 1.9281685478413391e-01 9.9461088664667052e+00 0.0000000000000000e+00 0.0000000000000000e+00 0.0000000000000000e+00 1.0000000000000000e+00</transform>
    </camera>
    <camera id="38" label="DSC_0182.JPG" sensor_id="7" enabled="true">
      <transform>9.5401324010126243e-01 6.0211871254888596e-02 -2.9365501574377317e-01 2.2268141568224067e+00 -5.6955885240059317e-02 9.9818360280751373e-01 1.9634719828225781e-02 -1.4481313214383951e-01 2.9430386482003956e-01 -2.0064013049360101e-03 9.5570979355963037e-01 4.0948969451114475e-01 0.0000000000000000e+00 0.0000000000000000e+00 0.0000000000000000e+00 1.0000000000000000e+00</transform>
      <orientation>1</orientation>
    </camera>
    <camera id="39" label="DSC_0183.JPG" sensor_id="7" enabled="true">
      <transform>9.9351131628481149e-01 -1.7662810537351883e-02 -1.1235341355714490e-01 8.3907108421041446e-02 1.9661750633836936e-02 9.9966706764434432e-01 1.6708364054289122e-02 -9.1787175923979558e-02 1.1202089080182337e-01 -1.8809013564763551e-02 9.9352782599818834e-01 -1.7025433731275807e-02 0.0000000000000000e+00 0.0000000000000000e+00 0.0000000000000000e+00 1.0000000000000000e+00</transform>
      <orientation>1</orientation>
    </camera>
    <camera id="40" label="DSC_0184.JPG" sensor_id="7" enabled="true">
      <transform>9.9407791542752166e-01 -8.9713618850024629e-02 6.1323442924427346e-02 -1.8698538473791644e+00 8.8300678299967961e-02 9.9577046647030143e-01 2.5380471179310183e-02 -1.4701706932812830e-01 -6.3341047284036597e-02 -1.9815264276580657e-02 9.9779520295029012e-01 -9.3528470342644304e-02 0.0000000000000000e+00 0.0000000000000000e+00 0.0000000000000000e+00 1.0000000000000000e+00</transform>
      <orientation>1</orientation>
    </camera>
    <camera id="41" label="DSC_0185.JPG" sensor_id="7" enabled="true">
      <transform>9.6200893444259450e-01 -1.5442330474945040e-01 2.2514940151570959e-01 -3.7813005925926131e+00 1.4868655430330455e-01 9.8797826068000860e-01 4.2323338633849579e-02 -3.4290649779813132e-01 -2.2897842392250481e-01 -7.2387411863806608e-03 9.7340458289654785e-01 1.3583493105735120e-01 0.0000000000000000e+00 0.0000000000000000e+00 0.0000000000000000e+00 1.0000000000000000e+00</transform>
      <orientation>1</orientation>
    </camera>
    <camera id="42" label="DSC_0186.JPG" sensor_id="7" enabled="true">
      <transform>8.8381125411785932e-01 -2.2867061152968265e-01 4.0815122015897204e-01 -5.9530944548395004e+00 2.1655120881025525e-01 9.7327969373250045e-01 7.6368918617375381e-02 -7.2576932060149690e-01 -4.1470862187496643e-01 2.0889930363958722e-02 9.0971444407130031e-01 8.2776774246777962e-01 0.0000000000000000e+00 0.0000000000000000e+00 0.0000000000000000e+00 1.0000000000000000e+00</transform>
      <orientation>1</orientation>
    </camera>
    <camera id="43" label="DSC_0187.JPG" sensor_id="7" enabled="true">
      <transform>7.7536674985205534e-01 -2.8968570906287511e-01 5.6114935016321599e-01 -7.7682505410994747e+00 2.7121819453719381e-01 9.5521279294108918e-01 1.1836051349022131e-01 -1.1981147762975257e+00 -5.7030438730194344e-01 6.0421106961253794e-02 8.1920827367509641e-01 1.8426709400657881e+00 0.0000000000000000e+00 0.0000000000000000e+00 0.0000000000000000e+00 1.0000000000000000e+00</transform>
      <orientation>1</orientation>
    </camera>
    <camera id="44" label="DSC_0188.JPG" sensor_id="7" enabled="true">
      <transform>6.3345271791768809e-01 -3.4613127682601103e-01 6.9204825941944925e-01 -9.4867672840819228e+00 3.1893919547356969e-01 9.3165885653244440e-01 1.7403897447218689e-01 -1.9225520259900262e+00 -7.0499322248754015e-01 1.1047585368510945e-01 7.0055666580168963e-01 3.3492534737901885e+00 0.0000000000000000e+00 0.0000000000000000e+00 0.0000000000000000e+00 1.0000000000000000e+00</transform>
      <orientation>1</orientation>
    </camera>
    <camera id="45" label="DSC_0189.JPG" sensor_id="7" enabled="true">
      <transform>4.9511850989282563e-01 -3.7889935499466032e-01 7.8185224943472431e-01 -1.0538078544435606e+01 3.4539285456359536e-01 9.1156896480140226e-01 2.2303766145499049e-01 -2.4964428390234343e+00 -7.9722107170967271e-01 1.5961610568965223e-01 5.8220379733092664e-01 4.7353702054457152e+00 0.0000000000000000e+00 0.0000000000000000e+00 0.0000000000000000e+00 1.0000000000000000e+00</transform>
      <orientation>1</orientation>
    </camera>
    <camera id="46" label="DSC_0190.JPG" sensor_id="7" enabled="true">
      <transform>3.1851615554069646e-01 -4.0564856801483978e-01 8.5673607250254424e-01 -1.1422470846633869e+01 3.6608241491025989e-01 8.8632853941677925e-01 2.8355843438132977e-01 -3.1946704273487629e+00 -8.7437470466216427e-01 2.2331806797218287e-01 4.3081076630479453e-01 6.5047088749794018e+00 0.0000000000000000e+00 0.0000000000000000e+00 0.0000000000000000e+00 1.0000000000000000e+00</transform>
      <orientation>1</orientation>
    </camera>
    <camera id="47" label="DSC_0191.JPG" sensor_id="7" enabled="true">
      <transform>1.5780953066620848e-01 -4.1708003025071100e-01 8.9506446717372101e-01 -1.1908216944083348e+01 3.7880955216257622e-01 8.6264396783086128e-01 3.3518458788467087e-01 -3.9161726330508526e+00 -9.1192076148166479e-01 2.8616364746608580e-01 2.9412733917064965e-01 8.3988328641373720e+00 0.0000000000000000e+00 0.0000000000000000e+00 0.0000000000000000e+00 1.0000000000000000e+00</transform>
      <orientation>1</orientation>
    </camera>
    <camera id="48" label="DSC_0192.JPG" sensor_id="7" enabled="true">
      <transform>-1.8712730054853119e-02 -4.1993078713244381e-01 9.0736319506150354e-01 -1.1995614090227694e+01 3.7618160771166620e-01 8.3787956077680048e-01 3.9553159121863057e-01 -4.6022510414027842e+00 -9.2635696777935461e-01 3.4873482139127132e-01 1.4229122459181298e-01 1.0168350286393229e+01 0.0000000000000000e+00 0.0000000000000000e+00 0.0000000000000000e+00 1.0000000000000000e+00</transform>
      <orientation>1</orientation>
    </camera>
    <camera id="49" label="DSC_0193.JPG" sensor_id="7" enabled="true">
      <transform>-2.1000425541902806e-01 -4.0693286482529134e-01 8.8899035778290703e-01 -1.1716277520269065e+01 3.6172004909519906e-01 8.1241040828108568e-01 4.5732694497386317e-01 -5.3000229191744870e+00 -9.0832638340437222e-01 4.1760624042468664e-01 -2.3413867042683528e-02 1.2095853446637642e+01 0.0000000000000000e+00 0.0000000000000000e+00 0.0000000000000000e+00 1.0000000000000000e+00</transform>
      <orientation>1</orientation>
    </camera>
    <camera id="50" label="DSC_0194.JPG" sensor_id="7" enabled="true">
      <transform>-3.9112320695910252e-01 -3.8789565814231836e-01 8.3460145900445493e-01 -1.1119751903722825e+01 3.3203133253258860e-01 7.8629823417566402e-01 5.2104729262214367e-01 -6.0811777707408678e+00 -8.5835763595057546e-01 4.8090752263462244e-01 -1.7874597472046583e-01 1.3907706634633362e+01 0.0000000000000000e+00 0.0000000000000000e+00 0.0000000000000000e+00 1.0000000000000000e+00</transform>
      <orientation>1</orientation>
    </camera>
    <camera id="51" label="DSC_0195.JPG" sensor_id="7" enabled="true">
      <transform>-6.1142585798829163e-01 -3.3345947776023732e-01 7.1760936231012995e-01 -9.6852697796106906e+00 2.7426199357272762e-01 7.6135562324758266e-01 5.8746742363368443e-01 -6.8488235990632873e+00 -7.4225250357596961e-01 5.5600574784902668e-01 -3.7405725403212015e-01 1.6136984296081703e+01 0.0000000000000000e+00 0.0000000000000000e+00 0.0000000000000000e+00 1.0000000000000000e+00</transform>
      <orientation>1</orientation>
    </camera>
    <camera id="52" label="DSC_0196.JPG" sensor_id="7" enabled="true">
      <transform>-7.8340655952777583e-01 -2.6853355460511880e-01 5.6050324935721219e-01 -7.7938048800172686e+00 2.0232279225905830e-01 7.4253036809321316e-01 6.3852497225390870e-01 -7.4624862608913993e+00 -5.8765606456612995e-01 6.1362723416622955e-01 -5.2737270242983936e-01 1.7917730198025897e+01 0.0000000000000000e+00 0.0000000000000000e+00 0.0000000000000000e+00 1.0000000000000000e+00</transform>
      <orientation>1</orientation>
    </camera>
    <camera id="53" label="DSC_0197.JPG" sensor_id="7" enabled="true">
      <transform>-9.0876078998476228e-01 -1.7931266019987413e-01 3.7682993044384805e-01 -5.6068287338542113e+00 1.3483450579043860e-01 7.2838854235467965e-01 6.7176617019218254e-01 -7.8004942496460350e+00 -3.9493478276105165e-01 6.6128443294732764e-01 -6.3775341324606971e-01 1.9124936518798410e+01 0.0000000000000000e+00 0.0000000000000000e+00 0.0000000000000000e+00 1.0000000000000000e+00</transform>
      <orientation>1</orientation>
    </camera>
    <camera id="54" label="DSC_0198.JPG" sensor_id="7" enabled="true">
      <transform>-9.7427142465898176e-01 -1.0462476621540989e-01 1.9962176581557650e-01 -3.5177474811843834e+00 6.3329190739899621e-02 7.2294949593073521e-01 6.8799232549042733e-01 -7.9519830905860216e+00 -2.1629749118560637e-01 6.8293314799317473e-01 -6.9772323358115651e-01 1.9771046408883318e+01 0.0000000000000000e+00 0.0000000000000000e+00 0.0000000000000000e+00 1.0000000000000000e+00</transform>
      <orientation>1</orientation>
    </camera>
    <camera id="55" label="DSC_0199.JPG" sensor_id="7" enabled="true">
      <transform>-9.9890720101299457e-01 -3.7016972874526648e-02 2.8533269766912554e-02 -1.5224481667314407e+00 -7.1516286293170847e-03 7.2436898843083153e-01 6.8937538598911474e-01 -7.9557283478335226e+00 -4.6187205721207901e-02 6.8841797791668635e-01 -7.2384213037703704e-01 2.0038171215609108e+01 0.0000000000000000e+00 0.0000000000000000e+00 0.0000000000000000e+00 1.0000000000000000e+00</transform>
      <orientation>1</orientation>
    </camera>
    <camera id="56" label="DSC_0200.JPG" sensor_id="7" enabled="true">
      <transform>-9.8657962477233652e-01 3.7935705659431593e-02 -1.5881286541145379e-01 6.5246571676135812e-01 -8.1080981425255855e-02 7.3042018396047448e-01 6.7816828981769972e-01 -7.8071060325174368e+00 1.4172691499920853e-01 6.8194371989136116e-01 -7.1754180677193968e-01 1.9914396042931305e+01 0.0000000000000000e+00 0.0000000000000000e+00 0.0000000000000000e+00 1.0000000000000000e+00</transform>
      <orientation>1</orientation>
    </camera>
    <camera id="57" label="DSC_0201.JPG" sensor_id="7" enabled="true">
      <transform>-9.4228271258159557e-01 1.0089672309568594e-01 -3.1925403809258651e-01 2.5067835101386051e+00 -1.4348541549250429e-01 7.3983073804881860e-01 6.5731454767035513e-01 -7.5506947036160303e+00 3.0251483453016587e-01 6.6518443330154120e-01 -6.8265250646466802e-01 1.9474494698888154e+01 0.0000000000000000e+00 0.0000000000000000e+00 0.0000000000000000e+00 1.0000000000000000e+00</transform>
      <orientation>1</orientation>
    </camera>
    <camera id="58" label="DSC_0202.JPG" sensor_id="7" enabled="true">
      <transform>-8.5265444034108295e-01 1.6823373805975794e-01 -4.9464918350794362e-01 4.5626132753219455e+00 -2.0859932995922531e-01 7.5839750911821291e-01 6.1751075918064102e-01 -7.0653057863814670e+00 4.7902685196886075e-01 6.2970677901840166e-01 -6.1155755865746020e-01 1.8578959170092634e+01 0.0000000000000000e+00 0.0000000000000000e+00 0.0000000000000000e+00 1.0000000000000000e+00</transform>
      <orientation>1</orientation>
    </camera>
    <camera id="59" label="DSC_0203.JPG" sensor_id="7" enabled="true">
      <transform>-7.5647060473387739e-01 2.1578459952008572e-01 -6.1740524032722466e-01 6.0430090769096010e+00 -2.4856709810718791e-01 7.7831413968434648e-01 5.7657739957961129e-01 -6.5701801505044157e+00 6.0495175172251014e-01 5.8963048308018418e-01 -5.3513481620101588e-01 1.7573651601274971e+01 0.0000000000000000e+00 0.0000000000000000e+00 0.0000000000000000e+00 1.0000000000000000e+00</transform>
      <orientation>1</orientation>
    </camera>
    <camera id="60" label="DSC_0204.JPG" sensor_id="7" enabled="true">
      <transform>-5.8429199473564652e-01 2.6989820553966593e-01 -7.6534817144506684e-01 7.9587836415925226e+00 -2.9460427374194864e-01 8.0820114566333900e-01 5.0992080761765890e-01 -5.6523146875002812e+00 7.5618197993658776e-01 5.2341748804843613e-01 -3.9271229471999869e-01 1.5487958167680077e+01 0.0000000000000000e+00 0.0000000000000000e+00 0.0000000000000000e+00 1.0000000000000000e+00</transform>
      <orientation>1</orientation>
    </camera>
    <camera id="61" label="DSC_0205.JPG" sensor_id="7" enabled="true">
      <transform>-3.8130139275461977e-01 3.0806510460515835e-01 -8.7161065803947124e-01 9.0076223462945002e+00 -3.2506472948029519e-01 8.3795081645003067e-01 4.3837352892097570e-01 -4.7738671369745802e+00 8.6541444957389613e-01 4.5048231989206833e-01 -2.1937071348147286e-01 1.3419265712738044e+01 0.0000000000000000e+00 0.0000000000000000e+00 0.0000000000000000e+00 1.0000000000000000e+00</transform>
      <orientation>1</orientation>
    </camera>
    <camera id="62" label="DSC_0206.JPG" sensor_id="7" enabled="true">
      <transform>-1.1877545425406347e-01 3.2944947883251746e-01 -9.3667253208563972e-01 9.5350307935661931e+00 -3.3903619455606887e-01 8.7319733491911511e-01 3.5011551389661982e-01 -3.7201308311048913e+00 9.3324533229354034e-01 3.5915102002797844e-01 7.9808874934013813e-03 1.0751167008938415e+01 0.0000000000000000e+00 0.0000000000000000e+00 0.0000000000000000e+00 1.0000000000000000e+00</transform>
      <orientation>1</orientation>
    </camera>
    <camera id="63" label="DSC_0207.JPG" sensor_id="7" enabled="true">
      <transform>9.5034977392156286e-02 3.2532545024912862e-01 -9.4081438365507275e-01 9.4002273190310426e+00 -3.2976717356897811e-01 9.0201785311850458e-01 2.7859900195767323e-01 -2.9090174195715734e+00 9.3926671627839553e-01 2.8377305029844874e-01 1.9300490049714875e-01 8.6040241967932687e+00 0.0000000000000000e+00 0.0000000000000000e+00 0.0000000000000000e+00 1.0000000000000000e+00</transform>
      <orientation>1</orientation>
    </camera>
    <camera id="64" label="DSC_0210.JPG" sensor_id="7" enabled="true">
      <transform>4.1424339053100800e-01 2.8677855141529113e-01 -8.6380580910846050e-01 8.2565941660244313e+00 -2.8715336091419935e-01 9.4177129723231623e-01 1.7495648323237334e-01 -1.7550372740999178e+00 8.6368128422297918e-01 1.7557017445314388e-01 4.7247196014730680e-01 5.4105013802766795e+00 0.0000000000000000e+00 0.0000000000000000e+00 0.0000000000000000e+00 1.0000000000000000e+00</transform>
      <orientation>1</orientation>
    </camera>
    <camera id="65" label="DSC_0211.JPG" sensor_id="7" enabled="true">
      <transform>6.2975599375320579e-01 2.3075166622354462e-01 -7.4172842527907068e-01 6.6689585914424150e+00 -2.2811963552065681e-01 9.6769501950118997e-01 1.0736750496548873e-01 -1.0058311631858150e+00 7.4254213363406840e-01 1.0158748824362872e-01 6.6205072465069903e-01 3.3026149556759816e+00 0.0000000000000000e+00 0.0000000000000000e+00 0.0000000000000000e+00 1.0000000000000000e+00</transform>
      <orientation>1</orientation>
    </camera>
    <camera id="66" label="DSC_0212.JPG" sensor_id="7" enabled="true">
      <transform>8.1822636196952969e-01 1.5022542416745013e-01 -5.5492156428797923e-01 4.3628052981499286e+00 -1.4672156055681093e-01 9.8785767671532310e-01 5.1088102552142800e-02 -4.2930110928268972e-01 5.5585825913256182e-01 3.9617325607792950e-02 8.3033250163160777e-01 1.4901411946260159e+00 0.0000000000000000e+00 0.0000000000000000e+00 0.0000000000000000e+00 1.0000000000000000e+00</transform>
      <orientation>1</orientation>
    </camera>
    <camera id="67" label="DSC_0214.JPG" sensor_id="7" enabled="true">
      <transform>9.7275504169002047e-01 1.6449333271835165e-02 -2.3125105037936289e-01 9.1909754479399286e-01 -1.2181925464635760e-02 9.9972836554762634e-01 1.9869469329742463e-02 -1.4777600481677455e-01 2.3151507414987171e-01 -1.6511043406872088e-02 9.7269119245883784e-01 1.2487701991968497e-01 0.0000000000000000e+00 0.0000000000000000e+00 0.0000000000000000e+00 1.0000000000000000e+00</transform>
      <orientation>1</orientation>
    </camera>
  </cameras>
  <markers next_id="72">
    <marker id="25" label="2up"/>
    <marker id="0" label="6"/>
    <marker id="37" label="6"/>
    <marker id="36" label="6"/>
    <marker id="39" label="8"/>
    <marker id="38" label="8"/>
    <marker id="1" label="8"/>
    <marker id="40" label="BL"/>
    <marker id="2" label="BL"/>
    <marker id="3" label="BL"/>
    <marker id="42" label="BR"/>
    <marker id="41" label="BR"/>
    <marker id="35" label="Bottom"/>
    <marker id="4" label="Centre6"/>
    <marker id="44" label="Centre6"/>
    <marker id="43" label="Centre6"/>
    <marker id="46" label="FrontR"/>
    <marker id="21" label="FrontR"/>
    <marker id="45" label="FrontR"/>
    <marker id="47" label="Hole"/>
    <marker id="23" label="LK"/>
    <marker id="5" label="LWB"/>
    <marker id="6" label="LWB"/>
    <marker id="7" label="LWT"/>
    <marker id="8" label="LWT"/>
    <marker id="48" label="LeftDip"/>
    <marker id="20" label="LeftDip"/>
    <marker id="49" label="LeftDip"/>
    <marker id="9" label="LeftSun"/>
    <marker id="50" label="LeftSun"/>
    <marker id="51" label="Middle6"/>
    <marker id="10" label="Middle6"/>
    <marker id="52" label="Middle6"/>
    <marker id="24" label="Not"/>
    <marker id="53" label="Notch"/>
    <marker id="54" label="RE"/>
    <marker id="55" label="RE"/>
    <marker id="12" label="RWB"/>
    <marker id="11" label="RWB"/>
    <marker id="56" label="RWB"/>
    <marker id="14" label="RWT"/>
    <marker id="13" label="RWT"/>
    <marker id="57" label="RWT"/>
    <marker id="58" label="RightDip"/>
    <marker id="59" label="RightDip"/>
    <marker id="19" label="RightDip"/>
    <marker id="60" label="RightPoint"/>
    <marker id="22" label="RightPoint"/>
    <marker id="61" label="RightSun"/>
    <marker id="62" label="RightSun"/>
    <marker id="29" label="Rubbish"/>
    <marker id="63" label="Scab"/>
    <marker id="64" label="Toe"/>
    <marker id="17" label="Toe"/>
    <marker id="65" label="Toe2"/>
    <marker id="18" label="Toe2"/>
    <marker id="66" label="Tongue"/>
    <marker id="67" label="Tongue"/>
    <marker id="28" label="Triangle"/>
    <marker id="68" label="Triangle"/>
    <marker id="69" label="Triangle"/>
    <marker id="16" label="U"/>
    <marker id="15" label="U"/>
    <marker id="26" label="frLeft"/>
    <marker id="30" label="hole"/>
    <marker id="31" label="leftLow"/>
    <marker id="33" label="leftToe"/>
    <marker id="34" label="rightToe"/>
    <marker id="70" label="shine"/>
    <marker id="71" label="shine"/>
    <marker id="32" label="slash"/>
    <marker id="27" label="topDip"/>
  </markers>
  <frames next_id="1">
    <frame id="0" path="0/frame.zip"/>
  </frames>
  <transform>
    <rotation>-4.6065304400965462e-01 3.5857349808263900e-01 -8.1192599386731290e-01 3.8874074672864722e-01 -7.4085180953809615e-01 -5.4774011003118761e-01 -7.9792192906166770e-01 -5.6794686615642853e-01 2.0188351182203645e-01</rotation>
    <translation>1.2066171092623026e+01 8.3164387507659878e+00 8.1158687166089347e+00</translation>
    <scale>1.0745223084801308e+00</scale>
  </transform>
  <reference>LOCAL_CS["Local Coordinates (m)",LOCAL_DATUM["Local Datum",0],UNIT["metre",1,AUTHORITY["EPSG","9001"]]]</reference>
  <region>
    <center>-1.6393014070372462e+00 4.9128229448306326e-01 1.1312184442688235e+01</center>
    <size>5.4431559244791670e+00 2.9410341898600265e+00 8.2799105326334637e+00</size>
    <R>-3.6564775150803537e-02 3.7992255493954424e-01 9.2429533671136765e-01 -6.0165073949981829e-01 7.3013369287501073e-01 -3.2391538739001191e-01 -7.9792192906166770e-01 -5.6794686615642898e-01 2.0188351182203645e-01</R>
  </region>
  <settings>
    <property name="image_brightness" value="1.4000000000000001"/>
    <property name="accuracy_tiepoints" value="1"/>
    <property name="accuracy_cameras" value="10"/>
    <property name="accuracy_cameras_ypr" value="2"/>
    <property name="accuracy_markers" value="0.0050000000000000001"/>
    <property name="accuracy_scalebars" value="0.001"/>
    <property name="accuracy_projections" value="0.10000000000000001"/>
  </settings>
</chunk>
