<?xml version="1.0" encoding="UTF-8"?>
<frame>
  <cameras>
    <camera camera_id="0">
      <photo path="../../../images/DSC_0070.JPG">
        <meta>
          <property name="Exif/DateTime" value="2016:06:21 00:55:22"/>
          <property name="Exif/DateTimeOriginal" value="2016:06:21 00:55:22"/>
          <property name="Exif/ExposureTime" value="0.0333333333333333"/>
          <property name="Exif/FNumber" value="4.5"/>
          <property name="Exif/FocalLength" value="30"/>
          <property name="Exif/FocalLengthIn35mmFilm" value="45"/>
          <property name="Exif/ISOSpeedRatings" value="1100"/>
          <property name="Exif/Make" value="NIKON CORPORATION"/>
          <property name="Exif/Model" value="NIKON D3000"/>
          <property name="Exif/Orientation" value="1"/>
          <property name="Exif/Software" value="Ver.1.00 "/>
          <property name="File/ImageHeight" value="2592"/>
          <property name="File/ImageWidth" value="3872"/>
          <property name="System/FileModifyDate" value="2016:06:21 00:55:22"/>
          <property name="System/FileSize" value="2768653"/>
        </meta>
      </photo>
    </camera>
    <camera camera_id="1">
      <photo path="../../../images/DSC_0071.JPG">
        <meta>
          <property name="Exif/DateTime" value="2016:06:21 00:55:29"/>
          <property name="Exif/DateTimeOriginal" value="2016:06:21 00:55:29"/>
          <property name="Exif/ExposureTime" value="0.0333333333333333"/>
          <property name="Exif/FNumber" value="4.5"/>
          <property name="Exif/FocalLength" value="30"/>
          <property name="Exif/FocalLengthIn35mmFilm" value="45"/>
          <property name="Exif/ISOSpeedRatings" value="1100"/>
          <property name="Exif/Make" value="NIKON CORPORATION"/>
          <property name="Exif/Model" value="NIKON D3000"/>
          <property name="Exif/Orientation" value="1"/>
          <property name="Exif/Software" value="Ver.1.00 "/>
          <property name="File/ImageHeight" value="2592"/>
          <property name="File/ImageWidth" value="3872"/>
          <property name="System/FileModifyDate" value="2016:06:21 00:55:30"/>
          <property name="System/FileSize" value="2783776"/>
        </meta>
      </photo>
    </camera>
    <camera camera_id="2">
      <photo path="../../../images/DSC_0072.JPG">
        <meta>
          <property name="Exif/DateTime" value="2016:06:21 00:55:35"/>
          <property name="Exif/DateTimeOriginal" value="2016:06:21 00:55:35"/>
          <property name="Exif/ExposureTime" value="0.0333333333333333"/>
          <property name="Exif/FNumber" value="4.5"/>
          <property name="Exif/FocalLength" value="30"/>
          <property name="Exif/FocalLengthIn35mmFilm" value="45"/>
          <property name="Exif/ISOSpeedRatings" value="1100"/>
          <property name="Exif/Make" value="NIKON CORPORATION"/>
          <property name="Exif/Model" value="NIKON D3000"/>
          <property name="Exif/Orientation" value="1"/>
          <property name="Exif/Software" value="Ver.1.00 "/>
          <property name="File/ImageHeight" value="2592"/>
          <property name="File/ImageWidth" value="3872"/>
          <property name="System/FileModifyDate" value="2016:06:21 00:55:36"/>
          <property name="System/FileSize" value="2730317"/>
        </meta>
      </photo>
    </camera>
    <camera camera_id="3">
      <photo path="../../../images/DSC_0073.JPG">
        <meta>
          <property name="Exif/DateTime" value="2016:06:21 00:55:39"/>
          <property name="Exif/DateTimeOriginal" value="2016:06:21 00:55:39"/>
          <property name="Exif/ExposureTime" value="0.0333333333333333"/>
          <property name="Exif/FNumber" value="4.5"/>
          <property name="Exif/FocalLength" value="30"/>
          <property name="Exif/FocalLengthIn35mmFilm" value="45"/>
          <property name="Exif/ISOSpeedRatings" value="1100"/>
          <property name="Exif/Make" value="NIKON CORPORATION"/>
          <property name="Exif/Model" value="NIKON D3000"/>
          <property name="Exif/Orientation" value="1"/>
          <property name="Exif/Software" value="Ver.1.00 "/>
          <property name="File/ImageHeight" value="2592"/>
          <property name="File/ImageWidth" value="3872"/>
          <property name="System/FileModifyDate" value="2016:06:21 00:55:40"/>
          <property name="System/FileSize" value="2771687"/>
        </meta>
      </photo>
    </camera>
    <camera camera_id="4">
      <photo path="../../../images/DSC_0074.JPG">
        <meta>
          <property name="Exif/DateTime" value="2016:06:21 00:55:43"/>
          <property name="Exif/DateTimeOriginal" value="2016:06:21 00:55:43"/>
          <property name="Exif/ExposureTime" value="0.0333333333333333"/>
          <property name="Exif/FNumber" value="4.5"/>
          <property name="Exif/FocalLength" value="30"/>
          <property name="Exif/FocalLengthIn35mmFilm" value="45"/>
          <property name="Exif/ISOSpeedRatings" value="1100"/>
          <property name="Exif/Make" value="NIKON CORPORATION"/>
          <property name="Exif/Model" value="NIKON D3000"/>
          <property name="Exif/Orientation" value="1"/>
          <property name="Exif/Software" value="Ver.1.00 "/>
          <property name="File/ImageHeight" value="2592"/>
          <property name="File/ImageWidth" value="3872"/>
          <property name="System/FileModifyDate" value="2016:06:21 00:55:44"/>
          <property name="System/FileSize" value="2763700"/>
        </meta>
      </photo>
    </camera>
    <camera camera_id="5">
      <photo path="../../../images/DSC_0075.JPG">
        <meta>
          <property name="Exif/DateTime" value="2016:06:21 00:55:47"/>
          <property name="Exif/DateTimeOriginal" value="2016:06:21 00:55:47"/>
          <property name="Exif/ExposureTime" value="0.0333333333333333"/>
          <property name="Exif/FNumber" value="4.5"/>
          <property name="Exif/FocalLength" value="30"/>
          <property name="Exif/FocalLengthIn35mmFilm" value="45"/>
          <property name="Exif/ISOSpeedRatings" value="1100"/>
          <property name="Exif/Make" value="NIKON CORPORATION"/>
          <property name="Exif/Model" value="NIKON D3000"/>
          <property name="Exif/Orientation" value="1"/>
          <property name="Exif/Software" value="Ver.1.00 "/>
          <property name="File/ImageHeight" value="2592"/>
          <property name="File/ImageWidth" value="3872"/>
          <property name="System/FileModifyDate" value="2016:06:21 00:55:48"/>
          <property name="System/FileSize" value="2735076"/>
        </meta>
      </photo>
    </camera>
    <camera camera_id="6">
      <photo path="../../../images/DSC_0076.JPG">
        <meta>
          <property name="Exif/DateTime" value="2016:06:21 00:55:50"/>
          <property name="Exif/DateTimeOriginal" value="2016:06:21 00:55:50"/>
          <property name="Exif/ExposureTime" value="0.0333333333333333"/>
          <property name="Exif/FNumber" value="4.5"/>
          <property name="Exif/FocalLength" value="30"/>
          <property name="Exif/FocalLengthIn35mmFilm" value="45"/>
          <property name="Exif/ISOSpeedRatings" value="1100"/>
          <property name="Exif/Make" value="NIKON CORPORATION"/>
          <property name="Exif/Model" value="NIKON D3000"/>
          <property name="Exif/Orientation" value="1"/>
          <property name="Exif/Software" value="Ver.1.00 "/>
          <property name="File/ImageHeight" value="2592"/>
          <property name="File/ImageWidth" value="3872"/>
          <property name="System/FileModifyDate" value="2016:06:21 00:55:50"/>
          <property name="System/FileSize" value="2708811"/>
        </meta>
      </photo>
    </camera>
    <camera camera_id="7">
      <photo path="../../../images/DSC_0077.JPG">
        <meta>
          <property name="Exif/DateTime" value="2016:06:21 00:55:54"/>
          <property name="Exif/DateTimeOriginal" value="2016:06:21 00:55:54"/>
          <property name="Exif/ExposureTime" value="0.0333333333333333"/>
          <property name="Exif/FNumber" value="4.5"/>
          <property name="Exif/FocalLength" value="30"/>
          <property name="Exif/FocalLengthIn35mmFilm" value="45"/>
          <property name="Exif/ISOSpeedRatings" value="1000"/>
          <property name="Exif/Make" value="NIKON CORPORATION"/>
          <property name="Exif/Model" value="NIKON D3000"/>
          <property name="Exif/Orientation" value="1"/>
          <property name="Exif/Software" value="Ver.1.00 "/>
          <property name="File/ImageHeight" value="2592"/>
          <property name="File/ImageWidth" value="3872"/>
          <property name="System/FileModifyDate" value="2016:06:21 00:55:54"/>
          <property name="System/FileSize" value="2778614"/>
        </meta>
      </photo>
    </camera>
    <camera camera_id="8">
      <photo path="../../../images/DSC_0078.JPG">
        <meta>
          <property name="Exif/DateTime" value="2016:06:21 00:55:58"/>
          <property name="Exif/DateTimeOriginal" value="2016:06:21 00:55:58"/>
          <property name="Exif/ExposureTime" value="0.0333333333333333"/>
          <property name="Exif/FNumber" value="4.5"/>
          <property name="Exif/FocalLength" value="30"/>
          <property name="Exif/FocalLengthIn35mmFilm" value="45"/>
          <property name="Exif/ISOSpeedRatings" value="1000"/>
          <property name="Exif/Make" value="NIKON CORPORATION"/>
          <property name="Exif/Model" value="NIKON D3000"/>
          <property name="Exif/Orientation" value="1"/>
          <property name="Exif/Software" value="Ver.1.00 "/>
          <property name="File/ImageHeight" value="2592"/>
          <property name="File/ImageWidth" value="3872"/>
          <property name="System/FileModifyDate" value="2016:06:21 00:55:58"/>
          <property name="System/FileSize" value="2690906"/>
        </meta>
      </photo>
    </camera>
    <camera camera_id="9">
      <photo path="../../../images/DSC_0079.JPG">
        <meta>
          <property name="Exif/DateTime" value="2016:06:21 00:56:02"/>
          <property name="Exif/DateTimeOriginal" value="2016:06:21 00:56:02"/>
          <property name="Exif/ExposureTime" value="0.0333333333333333"/>
          <property name="Exif/FNumber" value="4.5"/>
          <property name="Exif/FocalLength" value="30"/>
          <property name="Exif/FocalLengthIn35mmFilm" value="45"/>
          <property name="Exif/ISOSpeedRatings" value="1000"/>
          <property name="Exif/Make" value="NIKON CORPORATION"/>
          <property name="Exif/Model" value="NIKON D3000"/>
          <property name="Exif/Orientation" value="1"/>
          <property name="Exif/Software" value="Ver.1.00 "/>
          <property name="File/ImageHeight" value="2592"/>
          <property name="File/ImageWidth" value="3872"/>
          <property name="System/FileModifyDate" value="2016:06:21 00:56:02"/>
          <property name="System/FileSize" value="2733147"/>
        </meta>
      </photo>
    </camera>
    <camera camera_id="10">
      <photo path="../../../images/DSC_0080.JPG">
        <meta>
          <property name="Exif/DateTime" value="2016:06:21 00:56:06"/>
          <property name="Exif/DateTimeOriginal" value="2016:06:21 00:56:06"/>
          <property name="Exif/ExposureTime" value="0.0333333333333333"/>
          <property name="Exif/FNumber" value="4.5"/>
          <property name="Exif/FocalLength" value="30"/>
          <property name="Exif/FocalLengthIn35mmFilm" value="45"/>
          <property name="Exif/ISOSpeedRatings" value="1000"/>
          <property name="Exif/Make" value="NIKON CORPORATION"/>
          <property name="Exif/Model" value="NIKON D3000"/>
          <property name="Exif/Orientation" value="1"/>
          <property name="Exif/Software" value="Ver.1.00 "/>
          <property name="File/ImageHeight" value="2592"/>
          <property name="File/ImageWidth" value="3872"/>
          <property name="System/FileModifyDate" value="2016:06:21 00:56:08"/>
          <property name="System/FileSize" value="2722064"/>
        </meta>
      </photo>
    </camera>
    <camera camera_id="11">
      <photo path="../../../images/DSC_0081.JPG">
        <meta>
          <property name="Exif/DateTime" value="2016:06:21 00:56:13"/>
          <property name="Exif/DateTimeOriginal" value="2016:06:21 00:56:13"/>
          <property name="Exif/ExposureTime" value="0.0333333333333333"/>
          <property name="Exif/FNumber" value="4.5"/>
          <property name="Exif/FocalLength" value="30"/>
          <property name="Exif/FocalLengthIn35mmFilm" value="45"/>
          <property name="Exif/ISOSpeedRatings" value="1000"/>
          <property name="Exif/Make" value="NIKON CORPORATION"/>
          <property name="Exif/Model" value="NIKON D3000"/>
          <property name="Exif/Orientation" value="1"/>
          <property name="Exif/Software" value="Ver.1.00 "/>
          <property name="File/ImageHeight" value="2592"/>
          <property name="File/ImageWidth" value="3872"/>
          <property name="System/FileModifyDate" value="2016:06:21 00:56:14"/>
          <property name="System/FileSize" value="2694439"/>
        </meta>
      </photo>
    </camera>
    <camera camera_id="12">
      <photo path="../../../images/DSC_0082.JPG">
        <meta>
          <property name="Exif/DateTime" value="2016:06:21 00:56:17"/>
          <property name="Exif/DateTimeOriginal" value="2016:06:21 00:56:17"/>
          <property name="Exif/ExposureTime" value="0.0333333333333333"/>
          <property name="Exif/FNumber" value="4.5"/>
          <property name="Exif/FocalLength" value="30"/>
          <property name="Exif/FocalLengthIn35mmFilm" value="45"/>
          <property name="Exif/ISOSpeedRatings" value="1100"/>
          <property name="Exif/Make" value="NIKON CORPORATION"/>
          <property name="Exif/Model" value="NIKON D3000"/>
          <property name="Exif/Orientation" value="1"/>
          <property name="Exif/Software" value="Ver.1.00 "/>
          <property name="File/ImageHeight" value="2592"/>
          <property name="File/ImageWidth" value="3872"/>
          <property name="System/FileModifyDate" value="2016:06:21 00:56:18"/>
          <property name="System/FileSize" value="2704887"/>
        </meta>
      </photo>
    </camera>
    <camera camera_id="13">
      <photo path="../../../images/DSC_0083.JPG">
        <meta>
          <property name="Exif/DateTime" value="2016:06:21 00:56:21"/>
          <property name="Exif/DateTimeOriginal" value="2016:06:21 00:56:21"/>
          <property name="Exif/ExposureTime" value="0.0333333333333333"/>
          <property name="Exif/FNumber" value="4.5"/>
          <property name="Exif/FocalLength" value="30"/>
          <property name="Exif/FocalLengthIn35mmFilm" value="45"/>
          <property name="Exif/ISOSpeedRatings" value="1100"/>
          <property name="Exif/Make" value="NIKON CORPORATION"/>
          <property name="Exif/Model" value="NIKON D3000"/>
          <property name="Exif/Orientation" value="1"/>
          <property name="Exif/Software" value="Ver.1.00 "/>
          <property name="File/ImageHeight" value="2592"/>
          <property name="File/ImageWidth" value="3872"/>
          <property name="System/FileModifyDate" value="2016:06:21 00:56:22"/>
          <property name="System/FileSize" value="2743190"/>
        </meta>
      </photo>
    </camera>
    <camera camera_id="14">
      <photo path="../../../images/DSC_0084.JPG">
        <meta>
          <property name="Exif/DateTime" value="2016:06:21 00:56:25"/>
          <property name="Exif/DateTimeOriginal" value="2016:06:21 00:56:25"/>
          <property name="Exif/ExposureTime" value="0.0333333333333333"/>
          <property name="Exif/FNumber" value="4.5"/>
          <property name="Exif/FocalLength" value="30"/>
          <property name="Exif/FocalLengthIn35mmFilm" value="45"/>
          <property name="Exif/ISOSpeedRatings" value="1250"/>
          <property name="Exif/Make" value="NIKON CORPORATION"/>
          <property name="Exif/Model" value="NIKON D3000"/>
          <property name="Exif/Orientation" value="1"/>
          <property name="Exif/Software" value="Ver.1.00 "/>
          <property name="File/ImageHeight" value="2592"/>
          <property name="File/ImageWidth" value="3872"/>
          <property name="System/FileModifyDate" value="2016:06:21 00:56:26"/>
          <property name="System/FileSize" value="2755549"/>
        </meta>
      </photo>
    </camera>
    <camera camera_id="15">
      <photo path="../../../images/DSC_0085.JPG">
        <meta>
          <property name="Exif/DateTime" value="2016:06:21 00:56:29"/>
          <property name="Exif/DateTimeOriginal" value="2016:06:21 00:56:29"/>
          <property name="Exif/ExposureTime" value="0.0333333333333333"/>
          <property name="Exif/FNumber" value="4.5"/>
          <property name="Exif/FocalLength" value="30"/>
          <property name="Exif/FocalLengthIn35mmFilm" value="45"/>
          <property name="Exif/ISOSpeedRatings" value="1250"/>
          <property name="Exif/Make" value="NIKON CORPORATION"/>
          <property name="Exif/Model" value="NIKON D3000"/>
          <property name="Exif/Orientation" value="1"/>
          <property name="Exif/Software" value="Ver.1.00 "/>
          <property name="File/ImageHeight" value="2592"/>
          <property name="File/ImageWidth" value="3872"/>
          <property name="System/FileModifyDate" value="2016:06:21 00:56:30"/>
          <property name="System/FileSize" value="2666365"/>
        </meta>
      </photo>
    </camera>
    <camera camera_id="16">
      <photo path="../../../images/DSC_0086.JPG">
        <meta>
          <property name="Exif/DateTime" value="2016:06:21 00:56:33"/>
          <property name="Exif/DateTimeOriginal" value="2016:06:21 00:56:33"/>
          <property name="Exif/ExposureTime" value="0.0333333333333333"/>
          <property name="Exif/FNumber" value="4.5"/>
          <property name="Exif/FocalLength" value="30"/>
          <property name="Exif/FocalLengthIn35mmFilm" value="45"/>
          <property name="Exif/ISOSpeedRatings" value="1100"/>
          <property name="Exif/Make" value="NIKON CORPORATION"/>
          <property name="Exif/Model" value="NIKON D3000"/>
          <property name="Exif/Orientation" value="1"/>
          <property name="Exif/Software" value="Ver.1.00 "/>
          <property name="File/ImageHeight" value="2592"/>
          <property name="File/ImageWidth" value="3872"/>
          <property name="System/FileModifyDate" value="2016:06:21 00:56:34"/>
          <property name="System/FileSize" value="2705216"/>
        </meta>
      </photo>
    </camera>
    <camera camera_id="17">
      <photo path="../../../images/DSC_0087.JPG">
        <meta>
          <property name="Exif/DateTime" value="2016:06:21 00:56:37"/>
          <property name="Exif/DateTimeOriginal" value="2016:06:21 00:56:37"/>
          <property name="Exif/ExposureTime" value="0.0333333333333333"/>
          <property name="Exif/FNumber" value="4.5"/>
          <property name="Exif/FocalLength" value="30"/>
          <property name="Exif/FocalLengthIn35mmFilm" value="45"/>
          <property name="Exif/ISOSpeedRatings" value="1100"/>
          <property name="Exif/Make" value="NIKON CORPORATION"/>
          <property name="Exif/Model" value="NIKON D3000"/>
          <property name="Exif/Orientation" value="1"/>
          <property name="Exif/Software" value="Ver.1.00 "/>
          <property name="File/ImageHeight" value="2592"/>
          <property name="File/ImageWidth" value="3872"/>
          <property name="System/FileModifyDate" value="2016:06:21 00:56:38"/>
          <property name="System/FileSize" value="2739993"/>
        </meta>
      </photo>
    </camera>
    <camera camera_id="18">
      <photo path="../../../images/DSC_0088.JPG">
        <meta>
          <property name="Exif/DateTime" value="2016:06:21 00:56:41"/>
          <property name="Exif/DateTimeOriginal" value="2016:06:21 00:56:41"/>
          <property name="Exif/ExposureTime" value="0.0333333333333333"/>
          <property name="Exif/FNumber" value="4.5"/>
          <property name="Exif/FocalLength" value="30"/>
          <property name="Exif/FocalLengthIn35mmFilm" value="45"/>
          <property name="Exif/ISOSpeedRatings" value="1100"/>
          <property name="Exif/Make" value="NIKON CORPORATION"/>
          <property name="Exif/Model" value="NIKON D3000"/>
          <property name="Exif/Orientation" value="1"/>
          <property name="Exif/Software" value="Ver.1.00 "/>
          <property name="File/ImageHeight" value="2592"/>
          <property name="File/ImageWidth" value="3872"/>
          <property name="System/FileModifyDate" value="2016:06:21 00:56:42"/>
          <property name="System/FileSize" value="2747415"/>
        </meta>
      </photo>
    </camera>
    <camera camera_id="19">
      <photo path="../../../images/DSC_0089.JPG">
        <meta>
          <property name="Exif/DateTime" value="2016:06:21 00:56:46"/>
          <property name="Exif/DateTimeOriginal" value="2016:06:21 00:56:46"/>
          <property name="Exif/ExposureTime" value="0.0333333333333333"/>
          <property name="Exif/FNumber" value="4.5"/>
          <property name="Exif/FocalLength" value="30"/>
          <property name="Exif/FocalLengthIn35mmFilm" value="45"/>
          <property name="Exif/ISOSpeedRatings" value="1100"/>
          <property name="Exif/Make" value="NIKON CORPORATION"/>
          <property name="Exif/Model" value="NIKON D3000"/>
          <property name="Exif/Orientation" value="1"/>
          <property name="Exif/Software" value="Ver.1.00 "/>
          <property name="File/ImageHeight" value="2592"/>
          <property name="File/ImageWidth" value="3872"/>
          <property name="System/FileModifyDate" value="2016:06:21 00:56:46"/>
          <property name="System/FileSize" value="2747049"/>
        </meta>
      </photo>
    </camera>
    <camera camera_id="20">
      <photo path="../../../images/DSC_0090.JPG">
        <meta>
          <property name="Exif/DateTime" value="2016:06:21 00:56:50"/>
          <property name="Exif/DateTimeOriginal" value="2016:06:21 00:56:50"/>
          <property name="Exif/ExposureTime" value="0.0333333333333333"/>
          <property name="Exif/FNumber" value="4.5"/>
          <property name="Exif/FocalLength" value="30"/>
          <property name="Exif/FocalLengthIn35mmFilm" value="45"/>
          <property name="Exif/ISOSpeedRatings" value="1100"/>
          <property name="Exif/Make" value="NIKON CORPORATION"/>
          <property name="Exif/Model" value="NIKON D3000"/>
          <property name="Exif/Orientation" value="1"/>
          <property name="Exif/Software" value="Ver.1.00 "/>
          <property name="File/ImageHeight" value="2592"/>
          <property name="File/ImageWidth" value="3872"/>
          <property name="System/FileModifyDate" value="2016:06:21 00:56:50"/>
          <property name="System/FileSize" value="2716818"/>
        </meta>
      </photo>
    </camera>
    <camera camera_id="21">
      <photo path="../../../images/DSC_0091.JPG">
        <meta>
          <property name="Exif/DateTime" value="2016:06:21 00:56:54"/>
          <property name="Exif/DateTimeOriginal" value="2016:06:21 00:56:54"/>
          <property name="Exif/ExposureTime" value="0.0333333333333333"/>
          <property name="Exif/FNumber" value="4.5"/>
          <property name="Exif/FocalLength" value="30"/>
          <property name="Exif/FocalLengthIn35mmFilm" value="45"/>
          <property name="Exif/ISOSpeedRatings" value="1100"/>
          <property name="Exif/Make" value="NIKON CORPORATION"/>
          <property name="Exif/Model" value="NIKON D3000"/>
          <property name="Exif/Orientation" value="1"/>
          <property name="Exif/Software" value="Ver.1.00 "/>
          <property name="File/ImageHeight" value="2592"/>
          <property name="File/ImageWidth" value="3872"/>
          <property name="System/FileModifyDate" value="2016:06:21 00:56:54"/>
          <property name="System/FileSize" value="2768082"/>
        </meta>
      </photo>
    </camera>
    <camera camera_id="22">
      <photo path="../../../images/DSC_0092.JPG">
        <meta>
          <property name="Exif/DateTime" value="2016:06:21 00:56:57"/>
          <property name="Exif/DateTimeOriginal" value="2016:06:21 00:56:57"/>
          <property name="Exif/ExposureTime" value="0.0333333333333333"/>
          <property name="Exif/FNumber" value="4.5"/>
          <property name="Exif/FocalLength" value="30"/>
          <property name="Exif/FocalLengthIn35mmFilm" value="45"/>
          <property name="Exif/ISOSpeedRatings" value="1100"/>
          <property name="Exif/Make" value="NIKON CORPORATION"/>
          <property name="Exif/Model" value="NIKON D3000"/>
          <property name="Exif/Orientation" value="1"/>
          <property name="Exif/Software" value="Ver.1.00 "/>
          <property name="File/ImageHeight" value="2592"/>
          <property name="File/ImageWidth" value="3872"/>
          <property name="System/FileModifyDate" value="2016:06:21 00:56:58"/>
          <property name="System/FileSize" value="2769407"/>
        </meta>
      </photo>
    </camera>
    <camera camera_id="23">
      <photo path="../../../images/DSC_0093.JPG">
        <meta>
          <property name="Exif/DateTime" value="2016:06:21 00:57:01"/>
          <property name="Exif/DateTimeOriginal" value="2016:06:21 00:57:01"/>
          <property name="Exif/ExposureTime" value="0.0333333333333333"/>
          <property name="Exif/FNumber" value="4.5"/>
          <property name="Exif/FocalLength" value="30"/>
          <property name="Exif/FocalLengthIn35mmFilm" value="45"/>
          <property name="Exif/ISOSpeedRatings" value="1100"/>
          <property name="Exif/Make" value="NIKON CORPORATION"/>
          <property name="Exif/Model" value="NIKON D3000"/>
          <property name="Exif/Orientation" value="1"/>
          <property name="Exif/Software" value="Ver.1.00 "/>
          <property name="File/ImageHeight" value="2592"/>
          <property name="File/ImageWidth" value="3872"/>
          <property name="System/FileModifyDate" value="2016:06:21 00:57:02"/>
          <property name="System/FileSize" value="2746959"/>
        </meta>
      </photo>
    </camera>
    <camera camera_id="24">
      <photo path="../../../images/DSC_0094.JPG">
        <meta>
          <property name="Exif/DateTime" value="2016:06:21 00:57:09"/>
          <property name="Exif/DateTimeOriginal" value="2016:06:21 00:57:09"/>
          <property name="Exif/ExposureTime" value="0.0333333333333333"/>
          <property name="Exif/FNumber" value="4.5"/>
          <property name="Exif/FocalLength" value="30"/>
          <property name="Exif/FocalLengthIn35mmFilm" value="45"/>
          <property name="Exif/ISOSpeedRatings" value="1000"/>
          <property name="Exif/Make" value="NIKON CORPORATION"/>
          <property name="Exif/Model" value="NIKON D3000"/>
          <property name="Exif/Orientation" value="1"/>
          <property name="Exif/Software" value="Ver.1.00 "/>
          <property name="File/ImageHeight" value="2592"/>
          <property name="File/ImageWidth" value="3872"/>
          <property name="System/FileModifyDate" value="2016:06:21 00:57:10"/>
          <property name="System/FileSize" value="2745977"/>
        </meta>
      </photo>
    </camera>
    <camera camera_id="25">
      <photo path="../../../images/DSC_0095.JPG">
        <meta>
          <property name="Exif/DateTime" value="2016:06:21 00:57:13"/>
          <property name="Exif/DateTimeOriginal" value="2016:06:21 00:57:13"/>
          <property name="Exif/ExposureTime" value="0.0333333333333333"/>
          <property name="Exif/FNumber" value="4.5"/>
          <property name="Exif/FocalLength" value="30"/>
          <property name="Exif/FocalLengthIn35mmFilm" value="45"/>
          <property name="Exif/ISOSpeedRatings" value="900"/>
          <property name="Exif/Make" value="NIKON CORPORATION"/>
          <property name="Exif/Model" value="NIKON D3000"/>
          <property name="Exif/Orientation" value="1"/>
          <property name="Exif/Software" value="Ver.1.00 "/>
          <property name="File/ImageHeight" value="2592"/>
          <property name="File/ImageWidth" value="3872"/>
          <property name="System/FileModifyDate" value="2016:06:21 00:57:14"/>
          <property name="System/FileSize" value="2751263"/>
        </meta>
      </photo>
    </camera>
    <camera camera_id="26">
      <photo path="../../../images/DSC_0096.JPG">
        <meta>
          <property name="Exif/DateTime" value="2016:06:21 00:57:21"/>
          <property name="Exif/DateTimeOriginal" value="2016:06:21 00:57:21"/>
          <property name="Exif/ExposureTime" value="0.0333333333333333"/>
          <property name="Exif/FNumber" value="4.5"/>
          <property name="Exif/FocalLength" value="30"/>
          <property name="Exif/FocalLengthIn35mmFilm" value="45"/>
          <property name="Exif/ISOSpeedRatings" value="900"/>
          <property name="Exif/Make" value="NIKON CORPORATION"/>
          <property name="Exif/Model" value="NIKON D3000"/>
          <property name="Exif/Orientation" value="1"/>
          <property name="Exif/Software" value="Ver.1.00 "/>
          <property name="File/ImageHeight" value="2592"/>
          <property name="File/ImageWidth" value="3872"/>
          <property name="System/FileModifyDate" value="2016:06:21 00:57:22"/>
          <property name="System/FileSize" value="2707476"/>
        </meta>
      </photo>
    </camera>
    <camera camera_id="28">
      <photo path="../../../images/DSC_0098.JPG">
        <meta>
          <property name="Exif/DateTime" value="2016:06:21 00:57:30"/>
          <property name="Exif/DateTimeOriginal" value="2016:06:21 00:57:30"/>
          <property name="Exif/ExposureTime" value="0.0333333333333333"/>
          <property name="Exif/FNumber" value="4.5"/>
          <property name="Exif/FocalLength" value="30"/>
          <property name="Exif/FocalLengthIn35mmFilm" value="45"/>
          <property name="Exif/ISOSpeedRatings" value="900"/>
          <property name="Exif/Make" value="NIKON CORPORATION"/>
          <property name="Exif/Model" value="NIKON D3000"/>
          <property name="Exif/Orientation" value="1"/>
          <property name="Exif/Software" value="Ver.1.00 "/>
          <property name="File/ImageHeight" value="2592"/>
          <property name="File/ImageWidth" value="3872"/>
          <property name="System/FileModifyDate" value="2016:06:21 00:57:30"/>
          <property name="System/FileSize" value="2720036"/>
        </meta>
      </photo>
    </camera>
    <camera camera_id="54">
      <photo path="../../../images/DSC_0099.JPG">
        <meta>
          <property name="Exif/DateTime" value="2016:06:21 00:57:35"/>
          <property name="Exif/DateTimeOriginal" value="2016:06:21 00:57:35"/>
          <property name="Exif/ExposureTime" value="0.0333333333333333"/>
          <property name="Exif/FNumber" value="4.5"/>
          <property name="Exif/FocalLength" value="30"/>
          <property name="Exif/FocalLengthIn35mmFilm" value="45"/>
          <property name="Exif/ISOSpeedRatings" value="1000"/>
          <property name="Exif/Make" value="NIKON CORPORATION"/>
          <property name="Exif/Model" value="NIKON D3000"/>
          <property name="Exif/Orientation" value="1"/>
          <property name="Exif/Software" value="Ver.1.00 "/>
          <property name="File/ImageHeight" value="2592"/>
          <property name="File/ImageWidth" value="3872"/>
          <property name="System/FileModifyDate" value="2016:06:21 00:57:36"/>
          <property name="System/FileSize" value="2711383"/>
        </meta>
      </photo>
    </camera>
    <camera camera_id="55">
      <photo path="../../../images/DSC_0100.JPG">
        <meta>
          <property name="Exif/DateTime" value="2016:06:21 00:57:39"/>
          <property name="Exif/DateTimeOriginal" value="2016:06:21 00:57:39"/>
          <property name="Exif/ExposureTime" value="0.0333333333333333"/>
          <property name="Exif/FNumber" value="4.5"/>
          <property name="Exif/FocalLength" value="30"/>
          <property name="Exif/FocalLengthIn35mmFilm" value="45"/>
          <property name="Exif/ISOSpeedRatings" value="1000"/>
          <property name="Exif/Make" value="NIKON CORPORATION"/>
          <property name="Exif/Model" value="NIKON D3000"/>
          <property name="Exif/Orientation" value="1"/>
          <property name="Exif/Software" value="Ver.1.00 "/>
          <property name="File/ImageHeight" value="2592"/>
          <property name="File/ImageWidth" value="3872"/>
          <property name="System/FileModifyDate" value="2016:06:21 00:57:40"/>
          <property name="System/FileSize" value="2683292"/>
        </meta>
      </photo>
    </camera>
    <camera camera_id="56">
      <photo path="../../../images/DSC_0101.JPG">
        <meta>
          <property name="Exif/DateTime" value="2016:06:21 00:57:49"/>
          <property name="Exif/DateTimeOriginal" value="2016:06:21 00:57:49"/>
          <property name="Exif/ExposureTime" value="0.0333333333333333"/>
          <property name="Exif/FNumber" value="4.5"/>
          <property name="Exif/FocalLength" value="30"/>
          <property name="Exif/FocalLengthIn35mmFilm" value="45"/>
          <property name="Exif/ISOSpeedRatings" value="1000"/>
          <property name="Exif/Make" value="NIKON CORPORATION"/>
          <property name="Exif/Model" value="NIKON D3000"/>
          <property name="Exif/Orientation" value="1"/>
          <property name="Exif/Software" value="Ver.1.00 "/>
          <property name="File/ImageHeight" value="2592"/>
          <property name="File/ImageWidth" value="3872"/>
          <property name="System/FileModifyDate" value="2016:06:21 00:57:50"/>
          <property name="System/FileSize" value="2708071"/>
        </meta>
      </photo>
    </camera>
    <camera camera_id="57">
      <photo path="../../../images/DSC_0102.JPG">
        <meta>
          <property name="Exif/DateTime" value="2016:06:21 00:57:56"/>
          <property name="Exif/DateTimeOriginal" value="2016:06:21 00:57:56"/>
          <property name="Exif/ExposureTime" value="0.0333333333333333"/>
          <property name="Exif/FNumber" value="4.5"/>
          <property name="Exif/FocalLength" value="30"/>
          <property name="Exif/FocalLengthIn35mmFilm" value="45"/>
          <property name="Exif/ISOSpeedRatings" value="1100"/>
          <property name="Exif/Make" value="NIKON CORPORATION"/>
          <property name="Exif/Model" value="NIKON D3000"/>
          <property name="Exif/Orientation" value="1"/>
          <property name="Exif/Software" value="Ver.1.00 "/>
          <property name="File/ImageHeight" value="2592"/>
          <property name="File/ImageWidth" value="3872"/>
          <property name="System/FileModifyDate" value="2016:06:21 00:57:56"/>
          <property name="System/FileSize" value="2752048"/>
        </meta>
      </photo>
    </camera>
    <camera camera_id="58">
      <photo path="../../../images/DSC_0103.JPG">
        <meta>
          <property name="Exif/DateTime" value="2016:06:21 00:58:00"/>
          <property name="Exif/DateTimeOriginal" value="2016:06:21 00:58:00"/>
          <property name="Exif/ExposureTime" value="0.0333333333333333"/>
          <property name="Exif/FNumber" value="4.5"/>
          <property name="Exif/FocalLength" value="30"/>
          <property name="Exif/FocalLengthIn35mmFilm" value="45"/>
          <property name="Exif/ISOSpeedRatings" value="1100"/>
          <property name="Exif/Make" value="NIKON CORPORATION"/>
          <property name="Exif/Model" value="NIKON D3000"/>
          <property name="Exif/Orientation" value="1"/>
          <property name="Exif/Software" value="Ver.1.00 "/>
          <property name="File/ImageHeight" value="2592"/>
          <property name="File/ImageWidth" value="3872"/>
          <property name="System/FileModifyDate" value="2016:06:21 00:58:00"/>
          <property name="System/FileSize" value="2770525"/>
        </meta>
      </photo>
    </camera>
    <camera camera_id="59">
      <photo path="../../../images/DSC_0104.JPG">
        <meta>
          <property name="Exif/DateTime" value="2016:06:21 00:58:05"/>
          <property name="Exif/DateTimeOriginal" value="2016:06:21 00:58:05"/>
          <property name="Exif/ExposureTime" value="0.0333333333333333"/>
          <property name="Exif/FNumber" value="4.5"/>
          <property name="Exif/FocalLength" value="30"/>
          <property name="Exif/FocalLengthIn35mmFilm" value="45"/>
          <property name="Exif/ISOSpeedRatings" value="1100"/>
          <property name="Exif/Make" value="NIKON CORPORATION"/>
          <property name="Exif/Model" value="NIKON D3000"/>
          <property name="Exif/Orientation" value="1"/>
          <property name="Exif/Software" value="Ver.1.00 "/>
          <property name="File/ImageHeight" value="2592"/>
          <property name="File/ImageWidth" value="3872"/>
          <property name="System/FileModifyDate" value="2016:06:21 00:58:06"/>
          <property name="System/FileSize" value="2730862"/>
        </meta>
      </photo>
    </camera>
    <camera camera_id="60">
      <photo path="../../../images/DSC_0105.JPG">
        <meta>
          <property name="Exif/DateTime" value="2016:06:21 00:58:12"/>
          <property name="Exif/DateTimeOriginal" value="2016:06:21 00:58:12"/>
          <property name="Exif/ExposureTime" value="0.0333333333333333"/>
          <property name="Exif/FNumber" value="4.5"/>
          <property name="Exif/FocalLength" value="30"/>
          <property name="Exif/FocalLengthIn35mmFilm" value="45"/>
          <property name="Exif/ISOSpeedRatings" value="1000"/>
          <property name="Exif/Make" value="NIKON CORPORATION"/>
          <property name="Exif/Model" value="NIKON D3000"/>
          <property name="Exif/Orientation" value="1"/>
          <property name="Exif/Software" value="Ver.1.00 "/>
          <property name="File/ImageHeight" value="2592"/>
          <property name="File/ImageWidth" value="3872"/>
          <property name="System/FileModifyDate" value="2016:06:21 00:58:12"/>
          <property name="System/FileSize" value="2731680"/>
        </meta>
      </photo>
    </camera>
    <camera camera_id="61">
      <photo path="../../../images/DSC_0106.JPG">
        <meta>
          <property name="Exif/DateTime" value="2016:06:21 00:58:16"/>
          <property name="Exif/DateTimeOriginal" value="2016:06:21 00:58:16"/>
          <property name="Exif/ExposureTime" value="0.0333333333333333"/>
          <property name="Exif/FNumber" value="4.5"/>
          <property name="Exif/FocalLength" value="30"/>
          <property name="Exif/FocalLengthIn35mmFilm" value="45"/>
          <property name="Exif/ISOSpeedRatings" value="1100"/>
          <property name="Exif/Make" value="NIKON CORPORATION"/>
          <property name="Exif/Model" value="NIKON D3000"/>
          <property name="Exif/Orientation" value="1"/>
          <property name="Exif/Software" value="Ver.1.00 "/>
          <property name="File/ImageHeight" value="2592"/>
          <property name="File/ImageWidth" value="3872"/>
          <property name="System/FileModifyDate" value="2016:06:21 00:58:16"/>
          <property name="System/FileSize" value="2721967"/>
        </meta>
      </photo>
    </camera>
    <camera camera_id="62">
      <photo path="../../../images/DSC_0107.JPG">
        <meta>
          <property name="Exif/DateTime" value="2016:06:21 00:58:23"/>
          <property name="Exif/DateTimeOriginal" value="2016:06:21 00:58:23"/>
          <property name="Exif/ExposureTime" value="0.0333333333333333"/>
          <property name="Exif/FNumber" value="4.5"/>
          <property name="Exif/FocalLength" value="30"/>
          <property name="Exif/FocalLengthIn35mmFilm" value="45"/>
          <property name="Exif/ISOSpeedRatings" value="1100"/>
          <property name="Exif/Make" value="NIKON CORPORATION"/>
          <property name="Exif/Model" value="NIKON D3000"/>
          <property name="Exif/Orientation" value="1"/>
          <property name="Exif/Software" value="Ver.1.00 "/>
          <property name="File/ImageHeight" value="2592"/>
          <property name="File/ImageWidth" value="3872"/>
          <property name="System/FileModifyDate" value="2016:06:21 00:58:24"/>
          <property name="System/FileSize" value="2749578"/>
        </meta>
      </photo>
    </camera>
    <camera camera_id="63">
      <photo path="../../../images/DSC_0108.JPG">
        <meta>
          <property name="Exif/DateTime" value="2016:06:21 00:58:27"/>
          <property name="Exif/DateTimeOriginal" value="2016:06:21 00:58:27"/>
          <property name="Exif/ExposureTime" value="0.0333333333333333"/>
          <property name="Exif/FNumber" value="4.5"/>
          <property name="Exif/FocalLength" value="30"/>
          <property name="Exif/FocalLengthIn35mmFilm" value="45"/>
          <property name="Exif/ISOSpeedRatings" value="1100"/>
          <property name="Exif/Make" value="NIKON CORPORATION"/>
          <property name="Exif/Model" value="NIKON D3000"/>
          <property name="Exif/Orientation" value="1"/>
          <property name="Exif/Software" value="Ver.1.00 "/>
          <property name="File/ImageHeight" value="2592"/>
          <property name="File/ImageWidth" value="3872"/>
          <property name="System/FileModifyDate" value="2016:06:21 00:58:28"/>
          <property name="System/FileSize" value="2751753"/>
        </meta>
      </photo>
    </camera>
    <camera camera_id="64">
      <photo path="../../../images/DSC_0109.JPG">
        <meta>
          <property name="Exif/DateTime" value="2016:06:21 00:58:31"/>
          <property name="Exif/DateTimeOriginal" value="2016:06:21 00:58:31"/>
          <property name="Exif/ExposureTime" value="0.0333333333333333"/>
          <property name="Exif/FNumber" value="4.5"/>
          <property name="Exif/FocalLength" value="30"/>
          <property name="Exif/FocalLengthIn35mmFilm" value="45"/>
          <property name="Exif/ISOSpeedRatings" value="1100"/>
          <property name="Exif/Make" value="NIKON CORPORATION"/>
          <property name="Exif/Model" value="NIKON D3000"/>
          <property name="Exif/Orientation" value="1"/>
          <property name="Exif/Software" value="Ver.1.00 "/>
          <property name="File/ImageHeight" value="2592"/>
          <property name="File/ImageWidth" value="3872"/>
          <property name="System/FileModifyDate" value="2016:06:21 00:58:32"/>
          <property name="System/FileSize" value="2720165"/>
        </meta>
      </photo>
    </camera>
    <camera camera_id="65">
      <photo path="../../../images/DSC_0110.JPG">
        <meta>
          <property name="Exif/DateTime" value="2016:06:21 00:58:35"/>
          <property name="Exif/DateTimeOriginal" value="2016:06:21 00:58:35"/>
          <property name="Exif/ExposureTime" value="0.0333333333333333"/>
          <property name="Exif/FNumber" value="4.5"/>
          <property name="Exif/FocalLength" value="30"/>
          <property name="Exif/FocalLengthIn35mmFilm" value="45"/>
          <property name="Exif/ISOSpeedRatings" value="1100"/>
          <property name="Exif/Make" value="NIKON CORPORATION"/>
          <property name="Exif/Model" value="NIKON D3000"/>
          <property name="Exif/Orientation" value="1"/>
          <property name="Exif/Software" value="Ver.1.00 "/>
          <property name="File/ImageHeight" value="2592"/>
          <property name="File/ImageWidth" value="3872"/>
          <property name="System/FileModifyDate" value="2016:06:21 00:58:36"/>
          <property name="System/FileSize" value="2728638"/>
        </meta>
      </photo>
    </camera>
    <camera camera_id="66">
      <photo path="../../../images/DSC_0111.JPG">
        <meta>
          <property name="Exif/DateTime" value="2016:06:21 00:58:38"/>
          <property name="Exif/DateTimeOriginal" value="2016:06:21 00:58:38"/>
          <property name="Exif/ExposureTime" value="0.0333333333333333"/>
          <property name="Exif/FNumber" value="4.5"/>
          <property name="Exif/FocalLength" value="30"/>
          <property name="Exif/FocalLengthIn35mmFilm" value="45"/>
          <property name="Exif/ISOSpeedRatings" value="1100"/>
          <property name="Exif/Make" value="NIKON CORPORATION"/>
          <property name="Exif/Model" value="NIKON D3000"/>
          <property name="Exif/Orientation" value="1"/>
          <property name="Exif/Software" value="Ver.1.00 "/>
          <property name="File/ImageHeight" value="2592"/>
          <property name="File/ImageWidth" value="3872"/>
          <property name="System/FileModifyDate" value="2016:06:21 00:58:38"/>
          <property name="System/FileSize" value="2750446"/>
        </meta>
      </photo>
    </camera>
    <camera camera_id="67">
      <photo path="../../../images/DSC_0112.JPG">
        <meta>
          <property name="Exif/DateTime" value="2016:06:21 00:58:41"/>
          <property name="Exif/DateTimeOriginal" value="2016:06:21 00:58:41"/>
          <property name="Exif/ExposureTime" value="0.0333333333333333"/>
          <property name="Exif/FNumber" value="4.5"/>
          <property name="Exif/FocalLength" value="30"/>
          <property name="Exif/FocalLengthIn35mmFilm" value="45"/>
          <property name="Exif/ISOSpeedRatings" value="1000"/>
          <property name="Exif/Make" value="NIKON CORPORATION"/>
          <property name="Exif/Model" value="NIKON D3000"/>
          <property name="Exif/Orientation" value="1"/>
          <property name="Exif/Software" value="Ver.1.00 "/>
          <property name="File/ImageHeight" value="2592"/>
          <property name="File/ImageWidth" value="3872"/>
          <property name="System/FileModifyDate" value="2016:06:21 00:58:42"/>
          <property name="System/FileSize" value="2723346"/>
        </meta>
      </photo>
    </camera>
    <camera camera_id="68">
      <photo path="../../../images/DSC_0114.JPG">
        <meta>
          <property name="Exif/DateTime" value="2016:06:21 00:58:49"/>
          <property name="Exif/DateTimeOriginal" value="2016:06:21 00:58:49"/>
          <property name="Exif/ExposureTime" value="0.0333333333333333"/>
          <property name="Exif/FNumber" value="4.5"/>
          <property name="Exif/FocalLength" value="30"/>
          <property name="Exif/FocalLengthIn35mmFilm" value="45"/>
          <property name="Exif/ISOSpeedRatings" value="1000"/>
          <property name="Exif/Make" value="NIKON CORPORATION"/>
          <property name="Exif/Model" value="NIKON D3000"/>
          <property name="Exif/Orientation" value="1"/>
          <property name="Exif/Software" value="Ver.1.00 "/>
          <property name="File/ImageHeight" value="2592"/>
          <property name="File/ImageWidth" value="3872"/>
          <property name="System/FileModifyDate" value="2016:06:21 00:58:50"/>
          <property name="System/FileSize" value="2759654"/>
        </meta>
      </photo>
    </camera>
    <camera camera_id="69">
      <photo path="../../../images/DSC_0115.JPG">
        <meta>
          <property name="Exif/DateTime" value="2016:06:21 00:58:54"/>
          <property name="Exif/DateTimeOriginal" value="2016:06:21 00:58:54"/>
          <property name="Exif/ExposureTime" value="0.0333333333333333"/>
          <property name="Exif/FNumber" value="4.5"/>
          <property name="Exif/FocalLength" value="30"/>
          <property name="Exif/FocalLengthIn35mmFilm" value="45"/>
          <property name="Exif/ISOSpeedRatings" value="1000"/>
          <property name="Exif/Make" value="NIKON CORPORATION"/>
          <property name="Exif/Model" value="NIKON D3000"/>
          <property name="Exif/Orientation" value="1"/>
          <property name="Exif/Software" value="Ver.1.00 "/>
          <property name="File/ImageHeight" value="2592"/>
          <property name="File/ImageWidth" value="3872"/>
          <property name="System/FileModifyDate" value="2016:06:21 00:58:54"/>
          <property name="System/FileSize" value="2658051"/>
        </meta>
      </photo>
    </camera>
    <camera camera_id="70">
      <photo path="../../../images/DSC_0116.JPG">
        <meta>
          <property name="Exif/DateTime" value="2016:06:21 00:58:58"/>
          <property name="Exif/DateTimeOriginal" value="2016:06:21 00:58:58"/>
          <property name="Exif/ExposureTime" value="0.0333333333333333"/>
          <property name="Exif/FNumber" value="4.5"/>
          <property name="Exif/FocalLength" value="30"/>
          <property name="Exif/FocalLengthIn35mmFilm" value="45"/>
          <property name="Exif/ISOSpeedRatings" value="1100"/>
          <property name="Exif/Make" value="NIKON CORPORATION"/>
          <property name="Exif/Model" value="NIKON D3000"/>
          <property name="Exif/Orientation" value="1"/>
          <property name="Exif/Software" value="Ver.1.00 "/>
          <property name="File/ImageHeight" value="2592"/>
          <property name="File/ImageWidth" value="3872"/>
          <property name="System/FileModifyDate" value="2016:06:21 00:59:00"/>
          <property name="System/FileSize" value="2762112"/>
        </meta>
      </photo>
    </camera>
    <camera camera_id="71">
      <photo path="../../../images/DSC_0117.JPG">
        <meta>
          <property name="Exif/DateTime" value="2016:06:21 00:59:03"/>
          <property name="Exif/DateTimeOriginal" value="2016:06:21 00:59:03"/>
          <property name="Exif/ExposureTime" value="0.0333333333333333"/>
          <property name="Exif/FNumber" value="4.5"/>
          <property name="Exif/FocalLength" value="30"/>
          <property name="Exif/FocalLengthIn35mmFilm" value="45"/>
          <property name="Exif/ISOSpeedRatings" value="1100"/>
          <property name="Exif/Make" value="NIKON CORPORATION"/>
          <property name="Exif/Model" value="NIKON D3000"/>
          <property name="Exif/Orientation" value="1"/>
          <property name="Exif/Software" value="Ver.1.00 "/>
          <property name="File/ImageHeight" value="2592"/>
          <property name="File/ImageWidth" value="3872"/>
          <property name="System/FileModifyDate" value="2016:06:21 00:59:04"/>
          <property name="System/FileSize" value="2750037"/>
        </meta>
      </photo>
    </camera>
    <camera camera_id="72">
      <photo path="../../../images/DSC_0118.JPG">
        <meta>
          <property name="Exif/DateTime" value="2016:06:21 00:59:07"/>
          <property name="Exif/DateTimeOriginal" value="2016:06:21 00:59:07"/>
          <property name="Exif/ExposureTime" value="0.0333333333333333"/>
          <property name="Exif/FNumber" value="4.5"/>
          <property name="Exif/FocalLength" value="30"/>
          <property name="Exif/FocalLengthIn35mmFilm" value="45"/>
          <property name="Exif/ISOSpeedRatings" value="1250"/>
          <property name="Exif/Make" value="NIKON CORPORATION"/>
          <property name="Exif/Model" value="NIKON D3000"/>
          <property name="Exif/Orientation" value="1"/>
          <property name="Exif/Software" value="Ver.1.00 "/>
          <property name="File/ImageHeight" value="2592"/>
          <property name="File/ImageWidth" value="3872"/>
          <property name="System/FileModifyDate" value="2016:06:21 00:59:08"/>
          <property name="System/FileSize" value="2748510"/>
        </meta>
      </photo>
    </camera>
    <camera camera_id="73">
      <photo path="../../../images/DSC_0119.JPG">
        <meta>
          <property name="Exif/DateTime" value="2016:06:21 00:59:15"/>
          <property name="Exif/DateTimeOriginal" value="2016:06:21 00:59:15"/>
          <property name="Exif/ExposureTime" value="0.0333333333333333"/>
          <property name="Exif/FNumber" value="4.5"/>
          <property name="Exif/FocalLength" value="30"/>
          <property name="Exif/FocalLengthIn35mmFilm" value="45"/>
          <property name="Exif/ISOSpeedRatings" value="1100"/>
          <property name="Exif/Make" value="NIKON CORPORATION"/>
          <property name="Exif/Model" value="NIKON D3000"/>
          <property name="Exif/Orientation" value="1"/>
          <property name="Exif/Software" value="Ver.1.00 "/>
          <property name="File/ImageHeight" value="2592"/>
          <property name="File/ImageWidth" value="3872"/>
          <property name="System/FileModifyDate" value="2016:06:21 00:59:16"/>
          <property name="System/FileSize" value="2731589"/>
        </meta>
      </photo>
    </camera>
    <camera camera_id="74">
      <photo path="../../../images/DSC_0120.JPG">
        <meta>
          <property name="Exif/DateTime" value="2016:06:21 00:59:19"/>
          <property name="Exif/DateTimeOriginal" value="2016:06:21 00:59:19"/>
          <property name="Exif/ExposureTime" value="0.0333333333333333"/>
          <property name="Exif/FNumber" value="4.5"/>
          <property name="Exif/FocalLength" value="30"/>
          <property name="Exif/FocalLengthIn35mmFilm" value="45"/>
          <property name="Exif/ISOSpeedRatings" value="1100"/>
          <property name="Exif/Make" value="NIKON CORPORATION"/>
          <property name="Exif/Model" value="NIKON D3000"/>
          <property name="Exif/Orientation" value="1"/>
          <property name="Exif/Software" value="Ver.1.00 "/>
          <property name="File/ImageHeight" value="2592"/>
          <property name="File/ImageWidth" value="3872"/>
          <property name="System/FileModifyDate" value="2016:06:21 00:59:20"/>
          <property name="System/FileSize" value="2737842"/>
        </meta>
      </photo>
    </camera>
    <camera camera_id="75">
      <photo path="../../../images/DSC_0121.JPG">
        <meta>
          <property name="Exif/DateTime" value="2016:06:21 00:59:23"/>
          <property name="Exif/DateTimeOriginal" value="2016:06:21 00:59:23"/>
          <property name="Exif/ExposureTime" value="0.0333333333333333"/>
          <property name="Exif/FNumber" value="4.5"/>
          <property name="Exif/FocalLength" value="30"/>
          <property name="Exif/FocalLengthIn35mmFilm" value="45"/>
          <property name="Exif/ISOSpeedRatings" value="1100"/>
          <property name="Exif/Make" value="NIKON CORPORATION"/>
          <property name="Exif/Model" value="NIKON D3000"/>
          <property name="Exif/Orientation" value="1"/>
          <property name="Exif/Software" value="Ver.1.00 "/>
          <property name="File/ImageHeight" value="2592"/>
          <property name="File/ImageWidth" value="3872"/>
          <property name="System/FileModifyDate" value="2016:06:21 00:59:24"/>
          <property name="System/FileSize" value="2756574"/>
        </meta>
      </photo>
    </camera>
    <camera camera_id="76">
      <photo path="../../../images/DSC_0122.JPG">
        <meta>
          <property name="Exif/DateTime" value="2016:06:21 00:59:26"/>
          <property name="Exif/DateTimeOriginal" value="2016:06:21 00:59:26"/>
          <property name="Exif/ExposureTime" value="0.0333333333333333"/>
          <property name="Exif/FNumber" value="4.5"/>
          <property name="Exif/FocalLength" value="30"/>
          <property name="Exif/FocalLengthIn35mmFilm" value="45"/>
          <property name="Exif/ISOSpeedRatings" value="1100"/>
          <property name="Exif/Make" value="NIKON CORPORATION"/>
          <property name="Exif/Model" value="NIKON D3000"/>
          <property name="Exif/Orientation" value="1"/>
          <property name="Exif/Software" value="Ver.1.00 "/>
          <property name="File/ImageHeight" value="2592"/>
          <property name="File/ImageWidth" value="3872"/>
          <property name="System/FileModifyDate" value="2016:06:21 00:59:28"/>
          <property name="System/FileSize" value="2714717"/>
        </meta>
      </photo>
    </camera>
    <camera camera_id="77">
      <photo path="../../../images/DSC_0123.JPG">
        <meta>
          <property name="Exif/DateTime" value="2016:06:21 00:59:29"/>
          <property name="Exif/DateTimeOriginal" value="2016:06:21 00:59:29"/>
          <property name="Exif/ExposureTime" value="0.0333333333333333"/>
          <property name="Exif/FNumber" value="4.5"/>
          <property name="Exif/FocalLength" value="30"/>
          <property name="Exif/FocalLengthIn35mmFilm" value="45"/>
          <property name="Exif/ISOSpeedRatings" value="1100"/>
          <property name="Exif/Make" value="NIKON CORPORATION"/>
          <property name="Exif/Model" value="NIKON D3000"/>
          <property name="Exif/Orientation" value="1"/>
          <property name="Exif/Software" value="Ver.1.00 "/>
          <property name="File/ImageHeight" value="2592"/>
          <property name="File/ImageWidth" value="3872"/>
          <property name="System/FileModifyDate" value="2016:06:21 00:59:30"/>
          <property name="System/FileSize" value="2734447"/>
        </meta>
      </photo>
    </camera>
  </cameras>
  <markers>
    <marker marker_id="17">
      <location camera_id="18" pinned="true" x="940.40857" y="1455.535"/>
      <location camera_id="19" pinned="true" x="1062.9977" y="1522.6121"/>
    </marker>
    <marker marker_id="18">
      <location camera_id="23" pinned="true" x="1963.5635" y="1253.8274"/>
      <location camera_id="24" pinned="true" x="2059.0095" y="1265.0563"/>
    </marker>
    <marker marker_id="19">
      <location camera_id="23" pinned="true" x="1915.8406" y="1236.2821"/>
      <location camera_id="24" pinned="true" x="1999.3557" y="1253.8274"/>
    </marker>
    <marker marker_id="20">
      <location camera_id="23" pinned="true" x="1857.5905" y="1232.7731"/>
      <location camera_id="24" pinned="true" x="1931.2803" y="1255.231"/>
    </marker>
    <marker marker_id="21">
      <location camera_id="23" pinned="true" x="1936.8948" y="1202.5953"/>
      <location camera_id="24" pinned="true" x="2004.9702" y="1217.3333"/>
    </marker>
    <marker marker_id="22">
      <location camera_id="0" pinned="true" x="2549.4253" y="1395.8566"/>
      <location camera_id="1" pinned="true" x="2634.1592" y="1335.4838"/>
      <location camera_id="54" pinned="true" x="2165.2319" y="1770.4011"/>
    </marker>
    <marker marker_id="23">
      <location camera_id="0" pinned="true" x="667.69617" y="1335.7158"/>
      <location camera_id="1" pinned="true" x="757.49274" y="1386.807"/>
      <location camera_id="2" pinned="true" x="909.18866" y="1424.5476"/>
      <location camera_id="3" pinned="true" x="951.62378" y="1475.9993"/>
      <location camera_id="4" pinned="true" x="1003.9143" y="1524.1161"/>
      <location camera_id="5" pinned="true" x="1079.2346" y="1558.2134"/>
      <location camera_id="6" pinned="true" x="1174.021" y="1599.2728"/>
      <location camera_id="7" pinned="true" x="1350.5707" y="1638.9073"/>
      <location camera_id="8" pinned="true" x="1539.5042" y="1662.0913"/>
    </marker>
    <marker marker_id="24">
      <location camera_id="0" pinned="true" x="560.56183" y="1731.8209"/>
      <location camera_id="1" pinned="true" x="647.11224" y="1807.9446"/>
      <location camera_id="2" pinned="true" x="822.04102" y="1863.3445"/>
      <location camera_id="3" pinned="true" x="857.25317" y="1925.9438"/>
    </marker>
    <marker marker_id="25">
      <location camera_id="0" pinned="true" x="1792.8873" y="1505.4246"/>
      <location camera_id="1" pinned="true" x="1920.3259" y="1483.8856"/>
    </marker>
    <marker marker_id="26">
      <location camera_id="0" pinned="true" x="1437.77" y="1605.3502"/>
      <location camera_id="1" pinned="true" x="1575.974" y="1609.0194"/>
    </marker>
    <marker marker_id="27">
      <location camera_id="24" pinned="true" x="1135.8531" y="2392.7664"/>
      <location camera_id="54" pinned="true" x="2697.175" y="2427.363"/>
    </marker>
    <marker marker_id="28">
      <location camera_id="24" pinned="true" x="1382.2595" y="2490.137"/>
      <location camera_id="28" pinned="true" x="2741.2993" y="2500.9036"/>
      <location camera_id="54" pinned="true" x="2900.6372" y="2331.7605"/>
    </marker>
    <marker marker_id="29">
      <location camera_id="0" pinned="true" x="772.9693" y="1404.6693"/>
      <location camera_id="1" pinned="true" x="842.42474" y="1453.241"/>
      <location camera_id="2" pinned="true" x="985.74854" y="1486.5544"/>
      <location camera_id="3" pinned="true" x="1017.6627" y="1540.7343"/>
    </marker>
    <marker marker_id="30">
      <location camera_id="0" pinned="true" x="1650.1897" y="1157.1631"/>
      <location camera_id="1" pinned="true" x="1768.9814" y="1147.9348"/>
    </marker>
    <marker marker_id="31">
      <location camera_id="0" pinned="true" x="336.1062" y="1343.3676"/>
      <location camera_id="1" pinned="true" x="377.12976" y="1417.0195"/>
      <location camera_id="2" pinned="true" x="497.21478" y="1476.1326"/>
      <location camera_id="3" pinned="true" x="507.78644" y="1559.0217"/>
    </marker>
  </markers>
  <masks path="masks/masks.zip"/>
  <thumbnails path="thumbnails/thumbnails.zip"/>
  <point_cloud path="point_cloud/point_cloud.zip"/>
  <depth_maps path="depth_maps/depth_maps.zip"/>
  <dense_cloud path="dense_cloud/dense_cloud.zip"/>
</frame>
