<?xml version="1.0" encoding="UTF-8"?>
<chunk label="Back" enabled="false">
  <sensors next_id="7">
    <sensor id="0" label="NIKON D3000 (30 mm)" type="frame">
      <resolution width="3872" height="2592"/>
      <property name="pixel_width" value="0.0061904649606179677"/>
      <property name="pixel_height" value="0.0061904649606179677"/>
      <property name="focal_length" value="30"/>
      <property name="fixed" value="false"/>
      <calibration type="frame" class="adjusted">
        <resolution width="3872" height="2592"/>
        <fx>4846.1626373546633</fx>
        <fy>4846.1626373546633</fy>
        <cx>1936</cx>
        <cy>1296</cy>
      </calibration>
    </sensor>
    <sensor id="1" label="NIKON D3000 (20 mm)" type="frame">
      <resolution width="3872" height="2592"/>
      <property name="pixel_width" value="0.0061904649606179668"/>
      <property name="pixel_height" value="0.0061904649606179668"/>
      <property name="focal_length" value="20"/>
      <property name="fixed" value="false"/>
      <bands>
        <band label="Red"/>
        <band label="Green"/>
        <band label="Blue"/>
      </bands>
    </sensor>
    <sensor id="2" label="NIKON D3000 (24 mm)" type="frame">
      <resolution width="3872" height="2592"/>
      <property name="pixel_width" value="0.0061904649606179677"/>
      <property name="pixel_height" value="0.0061904649606179677"/>
      <property name="focal_length" value="24"/>
      <property name="fixed" value="false"/>
      <bands>
        <band label="Red"/>
        <band label="Green"/>
        <band label="Blue"/>
      </bands>
    </sensor>
    <sensor id="3" label="NIKON D3000 (32 mm)" type="frame">
      <resolution width="3872" height="2592"/>
      <property name="pixel_width" value="0.0061904649606179668"/>
      <property name="pixel_height" value="0.0061904649606179668"/>
      <property name="focal_length" value="32"/>
      <property name="fixed" value="false"/>
      <bands>
        <band label="Red"/>
        <band label="Green"/>
        <band label="Blue"/>
      </bands>
    </sensor>
    <sensor id="4" label="NIKON D3000 (18 mm)" type="frame">
      <resolution width="3872" height="2592"/>
      <property name="pixel_width" value="0.0061904649606179677"/>
      <property name="pixel_height" value="0.0061904649606179677"/>
      <property name="focal_length" value="18"/>
      <property name="fixed" value="false"/>
      <bands>
        <band label="Red"/>
        <band label="Green"/>
        <band label="Blue"/>
      </bands>
    </sensor>
    <sensor id="5" label="NIKON D3000 (29 mm)" type="frame">
      <resolution width="3872" height="2592"/>
      <property name="pixel_width" value="0.0062624471113228268"/>
      <property name="pixel_height" value="0.0062624471113228268"/>
      <property name="focal_length" value="29"/>
      <property name="fixed" value="false"/>
      <bands>
        <band label="Red"/>
        <band label="Green"/>
        <band label="Blue"/>
      </bands>
    </sensor>
    <sensor id="6" label="NIKON D5100 (29 mm)" type="frame">
      <resolution width="4928" height="3264"/>
      <property name="pixel_width" value="0.0049366004100330112"/>
      <property name="pixel_height" value="0.0049366004100330112"/>
      <property name="focal_length" value="29"/>
      <property name="fixed" value="false"/>
      <bands>
        <band label="Red"/>
        <band label="Green"/>
        <band label="Blue"/>
      </bands>
    </sensor>
  </sensors>
  <cameras next_id="138" next_group_id="0">
    <camera id="0" label="DSC_0030.JPG" sensor_id="0" enabled="true">
      <transform>7.5506835564741714e-01 -1.6855977744475126e-01 6.3360822258528293e-01 -4.7477159548467887e+00 1.0514149611817014e-01 9.8501039768549925e-01 1.3674714712010461e-01 -9.2216878037482708e-01 -6.4716075599030132e-01 -3.6634927040061618e-02 7.6147280846188525e-01 2.1635428351766852e+00 0.0000000000000000e+00 0.0000000000000000e+00 0.0000000000000000e+00 1.0000000000000000e+00</transform>
    </camera>
    <camera id="1" label="DSC_0031.JPG" sensor_id="0" enabled="true">
      <transform>8.2887236069145076e-01 -1.5682127973407767e-01 5.3700809668416338e-01 -3.1956561271660515e+00 9.3331060935286259e-02 9.8521712392974170e-01 1.4365420905877402e-01 -7.2560598618268246e-01 -5.5159760944593972e-01 -6.8951467991437476e-02 8.3125553972009736e-01 1.3880625985227941e+00 0.0000000000000000e+00 0.0000000000000000e+00 0.0000000000000000e+00 1.0000000000000000e+00</transform>
    </camera>
    <camera id="2" label="DSC_0032.JPG" sensor_id="0" enabled="true">
      <transform>9.1383001227396732e-01 -9.2587109750272539e-02 3.9540148681492293e-01 -1.4574173309677847e+00 4.3704193416698289e-02 9.9043018363255075e-01 1.3091216455084584e-01 -6.7908014659327975e-01 -4.0373834614160264e-01 -1.0235076188130161e-01 9.0913127181786046e-01 6.2786353254938176e-01 0.0000000000000000e+00 0.0000000000000000e+00 0.0000000000000000e+00 1.0000000000000000e+00</transform>
    </camera>
    <camera id="3" label="DSC_0033.JPG" sensor_id="0" enabled="true">
      <transform>9.5674081826964730e-01 -4.7889840847330681e-02 2.8697311685999971e-01 -1.5937149440680159e-01 1.0412532046548902e-02 9.9136416247521963e-01 1.3072366479022066e-01 -6.9544646804227461e-01 -2.9075519915060044e-01 -1.2208054924280001e-01 9.4897721451227213e-01 3.0198892341245992e-01 0.0000000000000000e+00 0.0000000000000000e+00 0.0000000000000000e+00 1.0000000000000000e+00</transform>
    </camera>
    <camera id="4" label="DSC_0034.JPG" sensor_id="0" enabled="true">
      <transform>9.8762347269945383e-01 9.7644052878019007e-03 1.5653923649502913e-01 1.4365404012337410e+00 -3.1110508390651190e-02 9.9042507852577488e-01 1.3450018622622020e-01 -7.7760892703399942e-01 -1.5372707126835641e-01 -1.3770555622990757e-01 9.7847083111489097e-01 1.0252329877982552e-01 0.0000000000000000e+00 0.0000000000000000e+00 0.0000000000000000e+00 1.0000000000000000e+00</transform>
    </camera>
    <camera id="6" label="DSC_0036.JPG" sensor_id="0" enabled="true">
      <transform>9.8030456369258312e-01 1.4603236256324528e-01 -1.3295680308916524e-01 5.1006248079310019e+00 -1.2820869701342277e-01 9.8265340189113182e-01 1.3399560351707887e-01 -1.0223430583567352e+00 1.5021814941482448e-01 -1.1431028315940225e-01 9.8202223332794392e-01 -2.6070312501715220e-01 0.0000000000000000e+00 0.0000000000000000e+00 0.0000000000000000e+00 1.0000000000000000e+00</transform>
    </camera>
    <camera id="7" label="DSC_0037.JPG" sensor_id="0" enabled="true">
      <transform>9.5696060341509581e-01 1.8452343360771914e-01 -2.2400336149494132e-01 6.4103929548311172e+00 -1.5486295806610970e-01 9.7744581341838621e-01 1.4358671961530342e-01 -1.2476785571866023e+00 2.4544626240876033e-01 -1.0271701066759625e-01 9.6395298017542475e-01 1.6108683715625455e-01 0.0000000000000000e+00 0.0000000000000000e+00 0.0000000000000000e+00 1.0000000000000000e+00</transform>
    </camera>
    <camera id="9" label="DSC_0039.JPG" sensor_id="0" enabled="true">
      <transform>8.3331738218639917e-01 2.8762191547894067e-01 -4.7207602595581138e-01 9.3590922586005387e+00 -2.1836006654719339e-01 9.5580028866081779e-01 1.9688750476706890e-01 -2.0087244139408633e+00 5.0783956313338963e-01 -6.0987227614660508e-02 8.5929013504425011e-01 1.9206478506710196e+00 0.0000000000000000e+00 0.0000000000000000e+00 0.0000000000000000e+00 1.0000000000000000e+00</transform>
    </camera>
    <camera id="10" label="DSC_0040.JPG" sensor_id="0" enabled="true">
      <transform>7.3366926878234617e-01 3.3579903820639401e-01 -5.9073548224568184e-01 1.0684231467591804e+01 -2.4415802037765255e-01 9.4157540243906335e-01 2.3199703146157197e-01 -2.4917242112282261e+00 6.3412637946204642e-01 -2.5976286520142888e-02 7.7279296542410381e-01 3.1863904493307662e+00 0.0000000000000000e+00 0.0000000000000000e+00 0.0000000000000000e+00 1.0000000000000000e+00</transform>
    </camera>
    <camera id="11" label="DSC_0041.JPG" sensor_id="0" enabled="true">
      <transform>6.4281875722722681e-01 3.6960918725374692e-01 -6.7094939753640748e-01 1.1519525142170563e+01 -2.6103406098456494e-01 9.2916187122206928e-01 2.6176217464142720e-01 -2.8740776555809222e+00 7.2017030233323964e-01 6.8750101619771131e-03 6.9376326644794528e-01 4.3162365148866604e+00 0.0000000000000000e+00 0.0000000000000000e+00 0.0000000000000000e+00 1.0000000000000000e+00</transform>
    </camera>
    <camera id="12" label="DSC_0042.JPG" sensor_id="0" enabled="true">
      <transform>3.3443792830111352e-01 4.2946869845810270e-01 -8.3887299942146321e-01 1.2755482381548953e+01 -2.7266486738144752e-01 8.9615364150852095e-01 3.5008930418805240e-01 -3.7333050017722225e+00 9.0211149100846555e-01 1.1164805352409980e-01 4.1680879301517004e-01 7.0091552395968391e+00 0.0000000000000000e+00 0.0000000000000000e+00 0.0000000000000000e+00 1.0000000000000000e+00</transform>
    </camera>
    <camera id="13" label="DSC_0043.JPG" sensor_id="0" enabled="true">
      <transform>1.4653628140787425e-01 4.4529289085221918e-01 -8.8331271902289843e-01 1.3115748303398327e+01 -2.6200860476912741e-01 8.7853150060435969e-01 3.9941694189504157e-01 -4.1587809475331072e+00 9.5387557325790007e-01 1.7290645968940949e-01 2.4540730824404378e-01 8.3949157826194458e+00 0.0000000000000000e+00 0.0000000000000000e+00 0.0000000000000000e+00 1.0000000000000000e+00</transform>
    </camera>
    <camera id="14" label="DSC_0044.JPG" sensor_id="0" enabled="true">
      <transform>-1.3250642434520623e-02 4.4913142493698044e-01 -8.9336744042367588e-01 1.3270922731382846e+01 -2.5124351404406453e-01 8.6328703019728881e-01 4.3773530831306640e-01 -4.6343942043360355e+00 9.6783320728618449e-01 2.3025304911601682e-01 1.0140224971328145e-01 1.0190223093702736e+01 0.0000000000000000e+00 0.0000000000000000e+00 0.0000000000000000e+00 1.0000000000000000e+00</transform>
    </camera>
    <camera id="15" label="DSC_0045.JPG" sensor_id="0" enabled="true">
      <transform>-1.3511316849312352e-01 4.4781853787372572e-01 -8.8385688255304506e-01 1.3180906310769167e+01 -2.3877983115872536e-01 8.5103000495784420e-01 4.6768806152526765e-01 -5.0083266901556343e+00 9.6162811103438495e-01 2.7423801304357931e-01 -8.0553255893374143e-03 1.1560423361444389e+01 0.0000000000000000e+00 0.0000000000000000e+00 0.0000000000000000e+00 1.0000000000000000e+00</transform>
    </camera>
    <camera id="16" label="DSC_0046.JPG" sensor_id="0" enabled="true">
      <transform>-3.3742721133976744e-01 4.3308809975120899e-01 -8.3580953266958791e-01 1.2876482110095523e+01 -2.0176464101993530e-01 8.3397474886546186e-01 5.1359239469533291e-01 -5.4387816495716876e+00 9.1947479937275312e-01 3.4193685982747862e-01 -1.9402390886114707e-01 1.3132187213831408e+01 0.0000000000000000e+00 0.0000000000000000e+00 0.0000000000000000e+00 1.0000000000000000e+00</transform>
    </camera>
    <camera id="17" label="DSC_0047.JPG" sensor_id="0" enabled="true">
      <transform>-5.4316635692456838e-01 4.0836621731269779e-01 -7.3362615906400919e-01 1.1857580661100961e+01 -1.5867104854625874e-01 8.0808644560119558e-01 5.6729163116412828e-01 -6.1662892678915773e+00 8.2449609280973757e-01 4.2453896051286621e-01 -3.7412947484544951e-01 1.5489495610213543e+01 0.0000000000000000e+00 0.0000000000000000e+00 0.0000000000000000e+00 1.0000000000000000e+00</transform>
    </camera>
    <camera id="18" label="DSC_0048.JPG" sensor_id="0" enabled="true">
      <transform>-6.9284779716248790e-01 3.6715504986655018e-01 -6.2061187494647496e-01 1.0626690225528147e+01 -1.1237312408435934e-01 7.9517344921090172e-01 5.9587873485597598e-01 -6.5711348845094975e+00 7.1227397183289598e-01 4.8259336405252024e-01 -5.0967581267101769e-01 1.7311773988793114e+01 0.0000000000000000e+00 0.0000000000000000e+00 0.0000000000000000e+00 1.0000000000000000e+00</transform>
    </camera>
    <camera id="19" label="DSC_0049.JPG" sensor_id="0" enabled="true">
      <transform>-7.7966341577179965e-01 3.3243488778351549e-01 -5.3067127630145150e-01 9.6079762850800403e+00 -7.8217638749387169e-02 7.8911113114934928e-01 6.0925005021309953e-01 -6.7868673344757662e+00 6.2129458318540032e-01 5.1651782939270863e-01 -5.8923880797510642e-01 1.8409438688115998e+01 0.0000000000000000e+00 0.0000000000000000e+00 0.0000000000000000e+00 1.0000000000000000e+00</transform>
    </camera>
    <camera id="20" label="DSC_0050.JPG" sensor_id="0" enabled="true">
      <transform>-8.7815330750484932e-01 2.7945157859564151e-01 -3.8826998820240732e-01 7.9396709250932078e+00 -2.7465896974144199e-02 7.8084463415469796e-01 6.2412120763135570e-01 -7.0293662346210271e+00 4.7759019359875809e-01 5.5873828625951527e-01 -6.7802590986339217e-01 1.9670762671836805e+01 0.0000000000000000e+00 0.0000000000000000e+00 0.0000000000000000e+00 1.0000000000000000e+00</transform>
    </camera>
    <camera id="21" label="DSC_0051.JPG" sensor_id="0" enabled="true">
      <transform>-9.4389145614743231e-01 2.2509567706716022e-01 -2.4166268884036834e-01 6.1967940228845313e+00 2.3860453063073592e-02 7.7631167409069080e-01 6.2989750233679709e-01 -7.1733855082306190e+00 3.2939277131033828e-01 5.8878868946013829e-01 -7.3812484131907408e-01 2.0614617052821195e+01 0.0000000000000000e+00 0.0000000000000000e+00 0.0000000000000000e+00 1.0000000000000000e+00</transform>
    </camera>
    <camera id="22" label="DSC_0052.JPG" sensor_id="0" enabled="true">
      <transform>-9.8230438165504996e-01 1.6546377749290525e-01 -8.7748732863035292e-02 4.3166008591786094e+00 7.4747445511110511e-02 7.7593012358406410e-01 6.2637469832711301e-01 -7.1940149960552029e+00 1.7172920884594312e-01 6.0873161709623447e-01 -7.7456755494698448e-01 2.1256504505488177e+01 0.0000000000000000e+00 0.0000000000000000e+00 0.0000000000000000e+00 1.0000000000000000e+00</transform>
    </camera>
    <camera id="23" label="DSC_0053.JPG" sensor_id="0" enabled="true">
      <transform>-9.9186075668177320e-01 1.0258566772644720e-01 7.5421615812572160e-02 2.2979844628902812e+00 1.2724580544524264e-01 7.7742711566078948e-01 6.1596719460693394e-01 -7.0992866389815203e+00 4.5545967166945867e-03 6.2055077198603492e-01 -7.8415304312122913e-01 2.1536691209303765e+01 0.0000000000000000e+00 0.0000000000000000e+00 0.0000000000000000e+00 1.0000000000000000e+00</transform>
    </camera>
    <camera id="84" label="DSC_0054.JPG" sensor_id="0" enabled="true">
      <transform>-9.5768075235803518e-01 2.2776838969509119e-02 2.8692994296431418e-01 -4.1488560899677307e-01 1.9553634232324235e-01 7.8300467868761581e-01 5.9048218600068825e-01 -6.9364106167918269e+00 -2.1121817013172736e-01 6.2159865569341488e-01 -7.5432220956720086e-01 2.1515011674855646e+01 0.0000000000000000e+00 0.0000000000000000e+00 0.0000000000000000e+00 1.0000000000000000e+00</transform>
      <orientation>1</orientation>
    </camera>
    <camera id="85" label="DSC_0055.JPG" sensor_id="0" enabled="true">
      <transform>-8.7520961446482004e-01 -4.7173477628144514e-02 4.8143825539398938e-01 -3.0114040761034357e+00 2.6182498772119756e-01 7.9066136484045724e-01 5.5344582567169132e-01 -6.6060268447075998e+00 -4.0676259237193374e-01 6.1043367302033091e-01 -6.7964323309348984e-01 2.0874006994203004e+01 0.0000000000000000e+00 0.0000000000000000e+00 0.0000000000000000e+00 1.0000000000000000e+00</transform>
      <orientation>1</orientation>
    </camera>
    <camera id="86" label="DSC_0056.JPG" sensor_id="0" enabled="true">
      <transform>-9.0463100358368576e-01 -2.6142104364527866e-02 4.2539315666165545e-01 -2.2609406395054910e+00 2.4396231448600569e-01 7.8665496724603701e-01 5.6714755718222687e-01 -6.7414104275813953e+00 -3.4946407035030780e-01 6.1683916289947915e-01 -7.0525478420756915e-01 2.1118770335915773e+01 0.0000000000000000e+00 0.0000000000000000e+00 0.0000000000000000e+00 1.0000000000000000e+00</transform>
      <orientation>1</orientation>
    </camera>
    <camera id="87" label="DSC_0057.JPG" sensor_id="0" enabled="true">
      <transform>-7.8748084061553592e-01 -8.8292872709420406e-02 6.0998220817673598e-01 -4.8130819370885218e+00 3.1051581984993104e-01 7.9807276395732107e-01 5.1639112023005129e-01 -6.2018825495114172e+00 -5.3240384229114468e-01 5.9605723891102969e-01 -6.0105067727720396e-01 2.0047141982361083e+01 0.0000000000000000e+00 0.0000000000000000e+00 0.0000000000000000e+00 1.0000000000000000e+00</transform>
      <orientation>1</orientation>
    </camera>
    <camera id="88" label="DSC_0058.JPG" sensor_id="0" enabled="true">
      <transform>-6.6665331830637098e-01 -1.8530709785411448e-01 7.2196581129302106e-01 -6.1431989964108933e+00 2.6903496177669256e-01 8.4348606048539687e-01 4.6492091274607056e-01 -5.3440025712811110e+00 -6.9512124304535405e-01 5.0417511367749146e-01 -5.1245869317962645e-01 1.8879757993582523e+01 0.0000000000000000e+00 0.0000000000000000e+00 0.0000000000000000e+00 1.0000000000000000e+00</transform>
      <orientation>1</orientation>
    </camera>
    <camera id="89" label="DSC_0059.JPG" sensor_id="0" enabled="true">
      <transform>-5.0116760138312610e-01 -2.3051858133432657e-01 8.3408166205923362e-01 -7.7019294348943657e+00 2.9365554603021027e-01 8.6136607566025492e-01 4.1450561393948765e-01 -4.7453452138775907e+00 -8.1400089410858956e-01 4.5266949020368269e-01 -3.6399571017960503e-01 1.7172647303169516e+01 0.0000000000000000e+00 0.0000000000000000e+00 0.0000000000000000e+00 1.0000000000000000e+00</transform>
      <orientation>1</orientation>
    </camera>
    <camera id="90" label="DSC_0060.JPG" sensor_id="0" enabled="true">
      <transform>-3.1391679449716725e-01 -2.6564542277184178e-01 9.1153099535506332e-01 -8.8539840554040463e+00 3.0290990916368488e-01 8.8186982445738415e-01 3.6131869539500711e-01 -4.0892283101326274e+00 -8.9983433645481170e-01 3.8953577765318453e-01 -1.9636711757587447e-01 1.5175895607351883e+01 0.0000000000000000e+00 0.0000000000000000e+00 0.0000000000000000e+00 1.0000000000000000e+00</transform>
      <orientation>1</orientation>
    </camera>
    <camera id="91" label="DSC_0061.JPG" sensor_id="0" enabled="true">
      <transform>-1.4842564227693780e-01 -2.8623587181298360e-01 9.4659328880049631e-01 -9.4831964089598859e+00 2.9969505001288899e-01 8.9916332054818626e-01 3.1888587296795035e-01 -3.5536225993564923e+00 -9.4241854062430808e-01 3.3102016353723984e-01 -4.7675419445753639e-02 1.3363764011235228e+01 0.0000000000000000e+00 0.0000000000000000e+00 0.0000000000000000e+00 1.0000000000000000e+00</transform>
      <orientation>1</orientation>
    </camera>
    <camera id="92" label="DSC_0062.JPG" sensor_id="0" enabled="true">
      <transform>-9.0138474626041219e-03 -2.9435448214545862e-01 9.5565380206160411e-01 -9.7412786671648242e+00 2.9017572655996177e-01 9.1379901046599832e-01 2.8419960623963003e-01 -3.1141992830737331e+00 -9.5693092659257228e-01 2.7986926825259206e-01 7.7177680830920664e-02 1.1830476041410707e+01 0.0000000000000000e+00 0.0000000000000000e+00 0.0000000000000000e+00 1.0000000000000000e+00</transform>
      <orientation>1</orientation>
    </camera>
    <camera id="93" label="DSC_0063.JPG" sensor_id="0" enabled="true">
      <transform>1.1928241135033094e-01 -2.9852471825675597e-01 9.4691852813860122e-01 -9.7016610618859129e+00 2.7055984264956934e-01 9.2740660182341106e-01 2.5829124344389537e-01 -2.5438751898286127e+00 -9.5528481506192220e-01 2.2538852562647857e-01 1.9139209656626760e-01 9.7657744582585728e+00 0.0000000000000000e+00 0.0000000000000000e+00 0.0000000000000000e+00 1.0000000000000000e+00</transform>
      <orientation>1</orientation>
    </camera>
    <camera id="94" label="DSC_0064.JPG" sensor_id="0" enabled="true">
      <transform>2.7132132747664439e-01 -2.9097710528197712e-01 9.1745139460247838e-01 -9.3536904218590671e+00 2.4861873676528340e-01 9.4204568083573814e-01 2.2525243383361140e-01 -2.0992808766931241e+00 -9.2982442481661354e-01 1.6697981740453530e-01 3.2793944501081573e-01 7.9751597830526526e+00 0.0000000000000000e+00 0.0000000000000000e+00 0.0000000000000000e+00 1.0000000000000000e+00</transform>
      <orientation>1</orientation>
    </camera>
    <camera id="95" label="DSC_0065.JPG" sensor_id="0" enabled="true">
      <transform>4.6526728654702770e-01 -2.5456973560390628e-01 8.4777390959130328e-01 -8.4285017106852997e+00 2.1654999729086535e-01 9.6138468635350516e-01 1.6983987611364684e-01 -1.3517854712250270e+00 -8.5827294652837116e-01 1.0456449951838323e-01 5.0242791990292279e-01 5.6127381815508501e+00 0.0000000000000000e+00 0.0000000000000000e+00 0.0000000000000000e+00 1.0000000000000000e+00</transform>
      <orientation>1</orientation>
    </camera>
    <camera id="35" label="DSC_0065.JPG" sensor_id="0" enabled="true">
      <transform>4.6526728654702770e-01 -2.5456973560390578e-01 8.4777390959130361e-01 -8.4285017106854809e+00 2.1654999729086544e-01 9.6138468635350538e-01 1.6983987611364629e-01 -1.3517854712250481e+00 -8.5827294652837127e-01 1.0456449951838362e-01 5.0242791990292279e-01 5.6127381815510207e+00 0.0000000000000000e+00 0.0000000000000000e+00 0.0000000000000000e+00 1.0000000000000000e+00</transform>
    </camera>
    <camera id="36" label="DSC_0066.JPG" sensor_id="0" enabled="true">
      <transform>5.9155253665248186e-01 -2.3358090852642510e-01 7.7169006443777921e-01 -7.0761800257102845e+00 1.7202167430648441e-01 9.7164166711884092e-01 1.6223752428865928e-01 -1.1073170233623042e+00 -7.8770180902979259e-01 3.6775397897090556e-02 6.1495807187214224e-01 3.6446968293491273e+00 0.0000000000000000e+00 0.0000000000000000e+00 0.0000000000000000e+00 1.0000000000000000e+00</transform>
    </camera>
    <camera id="37" label="DSC_0067.JPG" sensor_id="0" enabled="true">
      <transform>7.8946965401624536e-01 -1.6020296134122425e-01 5.9251386191799094e-01 -4.7151064844695121e+00 1.0703697863895510e-01 9.8647900813337130e-01 1.2410580855078361e-01 -6.7471658962546333e-01 -6.0438460485961565e-01 -3.4556876156592739e-02 7.9594288219631959e-01 1.4895839146048551e+00 0.0000000000000000e+00 0.0000000000000000e+00 0.0000000000000000e+00 1.0000000000000000e+00</transform>
    </camera>
    <camera id="38" label="DSC_0068.JPG" sensor_id="0" enabled="true">
      <transform>9.0243652708204125e-01 -9.2244107059629099e-02 4.2083172325868684e-01 -2.4933799425618628e+00 4.9755999945500978e-02 9.9258831493607258e-01 1.1087279883628558e-01 -5.6372430029694320e-01 -4.2794001338683857e-01 -7.9116760330159033e-02 9.0033764953895634e-01 2.8241798878590402e-01 0.0000000000000000e+00 0.0000000000000000e+00 0.0000000000000000e+00 1.0000000000000000e+00</transform>
    </camera>
    <camera id="39" label="DSC_0069.JPG" sensor_id="0" enabled="true">
      <transform>9.5641587974377529e-01 -3.7753833703209755e-02 2.8955709802153146e-01 -7.8452090951939402e-01 6.1842623213830168e-03 9.9400319004053717e-01 1.0917606463312426e-01 -5.6942888249163592e-01 -2.9194249412081258e-01 -1.0262702485186925e-01 9.5091391508199785e-01 -2.7110673701288263e-01 0.0000000000000000e+00 0.0000000000000000e+00 0.0000000000000000e+00 1.0000000000000000e+00</transform>
    </camera>
  </cameras>
  <markers next_id="26">
    <marker id="20" label="LWT"/>
    <marker id="21" label="LWB"/>
    <marker id="22" label="RWT"/>
    <marker id="23" label="RWB"/>
    <marker id="24" label="BL"/>
    <marker id="25" label="U"/>
  </markers>
  <frames next_id="1">
    <frame id="0" path="0/frame.zip"/>
  </frames>
  <transform>
    <rotation>-1.1119209188248151e-01 9.8914401782290962e-01 -9.6075130538291184e-02 -1.1682226273378363e-01 -1.0901389558447107e-01 -9.8715172567303799e-01 -9.8690874838181286e-01 -9.8539751241058210e-02 1.2767552542595448e-01</rotation>
    <translation>3.6072512161129073e+00 1.2823927911903404e+01 1.2954787800179986e+01</translation>
    <scale>1.0293733550926476e+00</scale>
  </transform>
  <reference>LOCAL_CS["Local Coordinates (m)",LOCAL_DATUM["Local Datum",0],UNIT["metre",1,AUTHORITY["EPSG","9001"]]]</reference>
  <region>
    <center>2.6656991757116431e+00 7.3964826890360680e-01 1.1420753182342651e+01</center>
    <size>9.9085306008656815e+00 2.6486598809560142e+00 2.2284786065419517e+00</size>
    <R>-7.6685058938579853e-01 -3.3586728914196995e-01 5.4693083442340129e-01 -6.3821445691181444e-01 3.0876655465335912e-01 -7.0522728372933219e-01 6.7988826636525251e-02 -8.8986312363864051e-01 -4.5113317395273644e-01</R>
  </region>
  <settings>
    <property name="image_brightness" value="1.6000000000000001"/>
    <property name="accuracy_tiepoints" value="1"/>
    <property name="accuracy_cameras" value="10"/>
    <property name="accuracy_cameras_ypr" value="2"/>
    <property name="accuracy_markers" value="0.0050000000000000001"/>
    <property name="accuracy_scalebars" value="0.001"/>
    <property name="accuracy_projections" value="0.10000000000000001"/>
  </settings>
  <meta>
    <property name="align/adaptive_fitting" value="true"/>
    <property name="align/duration" value="5.513529"/>
  </meta>
</chunk>
