<?xml version="1.0" encoding="UTF-8"?>
<model version="1.2.0">
  <mesh path="mesh.ply">
    <faceCount>300000</faceCount>
    <vertexCount>150002</vertexCount>
    <hasVertexColors>true</hasVertexColors>
    <hasUV>false</hasUV>
  </mesh>
  <meta>
    <property name="model/depth_downscale" value="4"/>
    <property name="model/depth_filter_mode" value="1"/>
    <property name="model/duration" value="58.992523"/>
    <property name="model/mesh_face_count" value="300000"/>
    <property name="model/mesh_interpolation" value="2"/>
    <property name="model/mesh_object_type" value="0"/>
    <property name="model/mesh_source_data" value="1"/>
    <property name="model/resolution" value="0.00925600769427473"/>
  </meta>
</model>
