<?xml version="1.0" encoding="UTF-8"?>
<masks version="1.2.0">
  <mask camera_id="0" path="c0.png"/>
  <mask camera_id="1" path="c1.png"/>
  <mask camera_id="2" path="c2.png"/>
  <mask camera_id="3" path="c3.png"/>
  <mask camera_id="4" path="c4.png"/>
  <mask camera_id="5" path="c5.png"/>
  <mask camera_id="6" path="c6.png"/>
  <mask camera_id="7" path="c7.png"/>
  <mask camera_id="8" path="c8.png"/>
  <mask camera_id="9" path="c9.png"/>
  <mask camera_id="10" path="c10.png"/>
  <mask camera_id="11" path="c11.png"/>
  <mask camera_id="12" path="c12.png"/>
  <mask camera_id="13" path="c13.png"/>
  <mask camera_id="14" path="c14.png"/>
  <mask camera_id="15" path="c15.png"/>
  <mask camera_id="16" path="c16.png"/>
  <mask camera_id="17" path="c17.png"/>
  <mask camera_id="18" path="c18.png"/>
  <mask camera_id="19" path="c19.png"/>
  <mask camera_id="20" path="c20.png"/>
  <mask camera_id="21" path="c21.png"/>
  <mask camera_id="22" path="c22.png"/>
  <mask camera_id="23" path="c23.png"/>
  <mask camera_id="24" path="c24.png"/>
  <mask camera_id="25" path="c25.png"/>
  <mask camera_id="26" path="c26.png"/>
  <mask camera_id="28" path="c28.png"/>
  <mask camera_id="54" path="c54.png"/>
  <mask camera_id="55" path="c55.png"/>
  <mask camera_id="56" path="c56.png"/>
  <mask camera_id="57" path="c57.png"/>
  <mask camera_id="58" path="c58.png"/>
  <mask camera_id="59" path="c59.png"/>
  <mask camera_id="60" path="c60.png"/>
  <mask camera_id="61" path="c61.png"/>
  <mask camera_id="62" path="c62.png"/>
  <mask camera_id="63" path="c63.png"/>
  <mask camera_id="64" path="c64.png"/>
  <mask camera_id="65" path="c65.png"/>
  <mask camera_id="66" path="c66.png"/>
  <mask camera_id="67" path="c67.png"/>
  <mask camera_id="68" path="c68.png"/>
  <mask camera_id="69" path="c69.png"/>
  <mask camera_id="70" path="c70.png"/>
  <mask camera_id="71" path="c71.png"/>
  <mask camera_id="72" path="c72.png"/>
  <mask camera_id="73" path="c73.png"/>
  <mask camera_id="74" path="c74.png"/>
  <mask camera_id="75" path="c75.png"/>
  <mask camera_id="76" path="c76.png"/>
  <mask camera_id="77" path="c77.png"/>
</masks>
