<?xml version="1.0" encoding="UTF-8"?>
<dense_cloud version="1.2.0">
  <tiles>
    <tile path="dense_cloud.oc3">
      <totalCount>379856</totalCount>
      <validCount>379856</validCount>
      <pointCount class="0">379856</pointCount>
    </tile>
  </tiles>
  <transform>1.0000000000000000e+00 0.0000000000000000e+00 0.0000000000000000e+00 0.0000000000000000e+00 0.0000000000000000e+00 1.0000000000000000e+00 0.0000000000000000e+00 0.0000000000000000e+00 0.0000000000000000e+00 0.0000000000000000e+00 1.0000000000000000e+00 0.0000000000000000e+00 0.0000000000000000e+00 0.0000000000000000e+00 0.0000000000000000e+00 1.0000000000000000e+00</transform>
  <meta>
    <property name="dense_cloud/density" value="100"/>
    <property name="dense_cloud/depth_downscale" value="4"/>
    <property name="dense_cloud/depth_filter_mode" value="0"/>
    <property name="dense_cloud/duration" value="459.418211"/>
    <property name="dense_cloud/resolution" value="0.0068030161867251"/>
    <property name="depth/duration" value="389.995949"/>
  </meta>
</dense_cloud>
