<?xml version="1.0" encoding="UTF-8"?>
<chunk label="Right side" enabled="false">
  <sensors next_id="11">
    <sensor id="0" label="NIKON D3000 (48 mm)" type="frame">
      <resolution width="3872" height="2592"/>
      <property name="pixel_width" value="0.0061904649606179677"/>
      <property name="pixel_height" value="0.0061904649606179677"/>
      <property name="focal_length" value="48"/>
      <property name="fixed" value="false"/>
      <bands>
        <band label="Red"/>
        <band label="Green"/>
        <band label="Blue"/>
      </bands>
    </sensor>
    <sensor id="1" label="NIKON D3000 (28 mm)" type="frame">
      <resolution width="3872" height="2592"/>
      <property name="pixel_width" value="0.0061904649606179677"/>
      <property name="pixel_height" value="0.0061904649606179677"/>
      <property name="focal_length" value="28"/>
      <property name="fixed" value="false"/>
      <bands>
        <band label="Red"/>
        <band label="Green"/>
        <band label="Blue"/>
      </bands>
    </sensor>
    <sensor id="2" label="NIKON D3000 (20 mm)" type="frame">
      <resolution width="3872" height="2592"/>
      <property name="pixel_width" value="0.0061904649606179668"/>
      <property name="pixel_height" value="0.0061904649606179668"/>
      <property name="focal_length" value="20"/>
      <property name="fixed" value="false"/>
      <bands>
        <band label="Red"/>
        <band label="Green"/>
        <band label="Blue"/>
      </bands>
    </sensor>
    <sensor id="3" label="NIKON D3000 (24 mm)" type="frame">
      <resolution width="3872" height="2592"/>
      <property name="pixel_width" value="0.0061904649606179677"/>
      <property name="pixel_height" value="0.0061904649606179677"/>
      <property name="focal_length" value="24"/>
      <property name="fixed" value="false"/>
      <bands>
        <band label="Red"/>
        <band label="Green"/>
        <band label="Blue"/>
      </bands>
    </sensor>
    <sensor id="4" label="NIKON D3000 (32 mm)" type="frame">
      <resolution width="3872" height="2592"/>
      <property name="pixel_width" value="0.0061904649606179668"/>
      <property name="pixel_height" value="0.0061904649606179668"/>
      <property name="focal_length" value="32"/>
      <property name="fixed" value="false"/>
      <bands>
        <band label="Red"/>
        <band label="Green"/>
        <band label="Blue"/>
      </bands>
    </sensor>
    <sensor id="5" label="NIKON D3000 (18 mm)" type="frame">
      <resolution width="3872" height="2592"/>
      <property name="pixel_width" value="0.0061904649606179677"/>
      <property name="pixel_height" value="0.0061904649606179677"/>
      <property name="focal_length" value="18"/>
      <property name="fixed" value="false"/>
      <bands>
        <band label="Red"/>
        <band label="Green"/>
        <band label="Blue"/>
      </bands>
    </sensor>
    <sensor id="6" label="NIKON D3000 (29 mm)" type="frame">
      <resolution width="3872" height="2592"/>
      <property name="pixel_width" value="0.0062624471113228268"/>
      <property name="pixel_height" value="0.0062624471113228268"/>
      <property name="focal_length" value="29"/>
      <property name="fixed" value="false"/>
      <bands>
        <band label="Red"/>
        <band label="Green"/>
        <band label="Blue"/>
      </bands>
    </sensor>
    <sensor id="7" label="NIKON D3000 (30 mm)" type="frame">
      <resolution width="3872" height="2592"/>
      <property name="pixel_width" value="0.0061904649606179677"/>
      <property name="pixel_height" value="0.0061904649606179677"/>
      <property name="focal_length" value="30"/>
      <property name="fixed" value="false"/>
      <bands>
        <band label="Red"/>
        <band label="Green"/>
        <band label="Blue"/>
      </bands>
      <calibration type="frame" class="adjusted">
        <resolution width="3872" height="2592"/>
        <fx>4846.1626373546633</fx>
        <fy>4846.1626373546633</fy>
        <cx>1936</cx>
        <cy>1296</cy>
      </calibration>
      <covariance>
        <params>k1 p1 p2</params>
        <coeffs>1.9060648897916416e-07 8.6721647262898443e-10 -3.4058697981021701e-08 8.6721647262898463e-10 9.7141764418806757e-09 -7.9574606233112017e-10 -3.4058697981021714e-08 -7.9574606233112979e-10 3.3973406227811959e-08</coeffs>
      </covariance>
    </sensor>
    <sensor id="8" label="NIKON D3000 (26 mm)" type="frame">
      <resolution width="3872" height="2592"/>
      <property name="pixel_width" value="0.0061904649606179677"/>
      <property name="pixel_height" value="0.0061904649606179677"/>
      <property name="focal_length" value="26"/>
      <property name="fixed" value="false"/>
      <bands>
        <band label="Red"/>
        <band label="Green"/>
        <band label="Blue"/>
      </bands>
    </sensor>
    <sensor id="9" label="NIKON D3000 (55 mm)" type="frame">
      <resolution width="3872" height="2592"/>
      <property name="pixel_width" value="0.0062282116981827104"/>
      <property name="pixel_height" value="0.0062282116981827104"/>
      <property name="focal_length" value="55"/>
      <property name="fixed" value="false"/>
      <bands>
        <band label="Red"/>
        <band label="Green"/>
        <band label="Blue"/>
      </bands>
    </sensor>
    <sensor id="10" label="NIKON D3000 (40 mm)" type="frame">
      <resolution width="3872" height="2592"/>
      <property name="pixel_width" value="0.0061904649606179668"/>
      <property name="pixel_height" value="0.0061904649606179668"/>
      <property name="focal_length" value="40"/>
      <property name="fixed" value="false"/>
      <bands>
        <band label="Red"/>
        <band label="Green"/>
        <band label="Blue"/>
      </bands>
    </sensor>
  </sensors>
  <cameras next_id="230" next_group_id="0">
    <camera id="177" label="DSC_0182.JPG" sensor_id="7" enabled="true">
      <transform>9.5401324010126243e-01 6.0211871254888583e-02 -2.9365501574377323e-01 2.2268141568224058e+00 -5.6955885240059331e-02 9.9818360280751373e-01 1.9634719828225684e-02 -1.4481313214383965e-01 2.9430386482003962e-01 -2.0064013049359217e-03 9.5570979355963037e-01 4.0948969451114670e-01 0.0000000000000000e+00 0.0000000000000000e+00 0.0000000000000000e+00 1.0000000000000000e+00</transform>
      <orientation>1</orientation>
    </camera>
    <camera id="178" label="DSC_0183.JPG" sensor_id="7" enabled="true">
      <transform>9.9351131628481171e-01 -1.7662810537351588e-02 -1.1235341355714304e-01 8.3907108421039697e-02 1.9661750633836565e-02 9.9966706764434432e-01 1.6708364054288796e-02 -9.1787175923979586e-02 1.1202089080182151e-01 -1.8809013564763156e-02 9.9352782599818856e-01 -1.7025433731274030e-02 0.0000000000000000e+00 0.0000000000000000e+00 0.0000000000000000e+00 1.0000000000000000e+00</transform>
      <orientation>1</orientation>
    </camera>
    <camera id="179" label="DSC_0184.JPG" sensor_id="7" enabled="true">
      <transform>9.9407791542752166e-01 -8.9713618850024587e-02 6.1323442924427395e-02 -1.8698538473791670e+00 8.8300678299967919e-02 9.9577046647030143e-01 2.5380471179310204e-02 -1.4701706932812825e-01 -6.3341047284036639e-02 -1.9815264276580671e-02 9.9779520295029012e-01 -9.3528470342642583e-02 0.0000000000000000e+00 0.0000000000000000e+00 0.0000000000000000e+00 1.0000000000000000e+00</transform>
      <orientation>1</orientation>
    </camera>
    <camera id="180" label="DSC_0185.JPG" sensor_id="7" enabled="true">
      <transform>9.6200893444259450e-01 -1.5442330474945032e-01 2.2514940151570964e-01 -3.7813005925926166e+00 1.4868655430330452e-01 9.8797826068000860e-01 4.2323338633849364e-02 -3.4290649779813120e-01 -2.2897842392250481e-01 -7.2387411863804527e-03 9.7340458289654785e-01 1.3583493105735292e-01 0.0000000000000000e+00 0.0000000000000000e+00 0.0000000000000000e+00 1.0000000000000000e+00</transform>
      <orientation>1</orientation>
    </camera>
    <camera id="181" label="DSC_0186.JPG" sensor_id="7" enabled="true">
      <transform>8.8381125411785866e-01 -2.2867061152968302e-01 4.0815122015897332e-01 -5.9530944548395039e+00 2.1655120881025577e-01 9.7327969373250034e-01 7.6368918617375200e-02 -7.2576932060149668e-01 -4.1470862187496771e-01 2.0889930363959416e-02 9.0971444407129987e-01 8.2776774246778140e-01 0.0000000000000000e+00 0.0000000000000000e+00 0.0000000000000000e+00 1.0000000000000000e+00</transform>
      <orientation>1</orientation>
    </camera>
    <camera id="182" label="DSC_0187.JPG" sensor_id="7" enabled="true">
      <transform>7.7536674985205667e-01 -2.8968570906287444e-01 5.6114935016321454e-01 -7.7682505410994800e+00 2.7121819453719326e-01 9.5521279294108941e-01 1.1836051349022078e-01 -1.1981147762975255e+00 -5.7030438730194200e-01 6.0421106961253246e-02 8.1920827367509741e-01 1.8426709400657901e+00 0.0000000000000000e+00 0.0000000000000000e+00 0.0000000000000000e+00 1.0000000000000000e+00</transform>
      <orientation>1</orientation>
    </camera>
    <camera id="183" label="DSC_0188.JPG" sensor_id="7" enabled="true">
      <transform>6.3345271791768820e-01 -3.4613127682601091e-01 6.9204825941944903e-01 -9.4867672840819282e+00 3.1893919547356991e-01 9.3165885653244418e-01 1.7403897447218639e-01 -1.9225520259900264e+00 -7.0499322248753971e-01 1.1047585368510984e-01 7.0055666580168974e-01 3.3492534737901911e+00 0.0000000000000000e+00 0.0000000000000000e+00 0.0000000000000000e+00 1.0000000000000000e+00</transform>
      <orientation>1</orientation>
    </camera>
    <camera id="184" label="DSC_0189.JPG" sensor_id="7" enabled="true">
      <transform>4.9511850989282580e-01 -3.7889935499466004e-01 7.8185224943472420e-01 -1.0538078544435612e+01 3.4539285456359531e-01 9.1156896480140226e-01 2.2303766145499007e-01 -2.4964428390234343e+00 -7.9722107170967238e-01 1.5961610568965232e-01 5.8220379733092675e-01 4.7353702054457170e+00 0.0000000000000000e+00 0.0000000000000000e+00 0.0000000000000000e+00 1.0000000000000000e+00</transform>
      <orientation>1</orientation>
    </camera>
    <camera id="185" label="DSC_0190.JPG" sensor_id="7" enabled="true">
      <transform>3.1851615554069557e-01 -4.0564856801483928e-01 8.5673607250254469e-01 -1.1422470846633875e+01 3.6608241491025872e-01 8.8632853941677969e-01 2.8355843438133010e-01 -3.1946704273487638e+00 -8.7437470466216516e-01 2.2331806797218223e-01 4.3081076630479326e-01 6.5047088749794044e+00 0.0000000000000000e+00 0.0000000000000000e+00 0.0000000000000000e+00 1.0000000000000000e+00</transform>
      <orientation>1</orientation>
    </camera>
    <camera id="186" label="DSC_0191.JPG" sensor_id="7" enabled="true">
      <transform>1.5780953066620934e-01 -4.1708003025071055e-01 8.9506446717372101e-01 -1.1908216944083353e+01 3.7880955216257622e-01 8.6264396783086150e-01 3.3518458788467020e-01 -3.9161726330508535e+00 -9.1192076148166479e-01 2.8616364746608558e-01 2.9412733917065026e-01 8.3988328641373755e+00 0.0000000000000000e+00 0.0000000000000000e+00 0.0000000000000000e+00 1.0000000000000000e+00</transform>
      <orientation>1</orientation>
    </camera>
    <camera id="187" label="DSC_0192.JPG" sensor_id="7" enabled="true">
      <transform>-1.8712730054853317e-02 -4.1993078713244392e-01 9.0736319506150354e-01 -1.1995614090227699e+01 3.7618160771166542e-01 8.3787956077680070e-01 3.9553159121863085e-01 -4.6022510414027842e+00 -9.2635696777935483e-01 3.4873482139127071e-01 1.4229122459181257e-01 1.0168350286393233e+01 0.0000000000000000e+00 0.0000000000000000e+00 0.0000000000000000e+00 1.0000000000000000e+00</transform>
      <orientation>1</orientation>
    </camera>
    <camera id="188" label="DSC_0193.JPG" sensor_id="7" enabled="true">
      <transform>-2.1000425541902870e-01 -4.0693286482529167e-01 8.8899035778290658e-01 -1.1716277520269072e+01 3.6172004909520050e-01 8.1241040828108435e-01 4.5732694497386356e-01 -5.3000229191744870e+00 -9.0832638340437133e-01 4.1760624042468814e-01 -2.3413867042683195e-02 1.2095853446637648e+01 0.0000000000000000e+00 0.0000000000000000e+00 0.0000000000000000e+00 1.0000000000000000e+00</transform>
      <orientation>1</orientation>
    </camera>
    <camera id="189" label="DSC_0194.JPG" sensor_id="7" enabled="true">
      <transform>-3.9112320695910252e-01 -3.8789565814231841e-01 8.3460145900445482e-01 -1.1119751903722833e+01 3.3203133253258876e-01 7.8629823417566380e-01 5.2104729262214378e-01 -6.0811777707408696e+00 -8.5835763595057535e-01 4.8090752263462261e-01 -1.7874597472046569e-01 1.3907706634633367e+01 0.0000000000000000e+00 0.0000000000000000e+00 0.0000000000000000e+00 1.0000000000000000e+00</transform>
      <orientation>1</orientation>
    </camera>
    <camera id="190" label="DSC_0195.JPG" sensor_id="7" enabled="true">
      <transform>-6.1142585798829185e-01 -3.3345947776023782e-01 7.1760936231012940e-01 -9.6852697796106977e+00 2.7426199357272624e-01 7.6135562324758255e-01 5.8746742363368443e-01 -6.8488235990632891e+00 -7.4225250357596972e-01 5.5600574784902579e-01 -3.7405725403212098e-01 1.6136984296081710e+01 0.0000000000000000e+00 0.0000000000000000e+00 0.0000000000000000e+00 1.0000000000000000e+00</transform>
      <orientation>1</orientation>
    </camera>
    <camera id="191" label="DSC_0196.JPG" sensor_id="7" enabled="true">
      <transform>-7.8340655952777516e-01 -2.6853355460511930e-01 5.6050324935721274e-01 -7.7938048800172757e+00 2.0232279225905794e-01 7.4253036809321371e-01 6.3852497225390847e-01 -7.4624862608914020e+00 -5.8765606456613073e-01 6.1362723416622889e-01 -5.2737270242983914e-01 1.7917730198025904e+01 0.0000000000000000e+00 0.0000000000000000e+00 0.0000000000000000e+00 1.0000000000000000e+00</transform>
      <orientation>1</orientation>
    </camera>
    <camera id="192" label="DSC_0197.JPG" sensor_id="7" enabled="true">
      <transform>-9.0876078998476206e-01 -1.7931266019987321e-01 3.7682993044384883e-01 -5.6068287338542167e+00 1.3483450579044007e-01 7.2838854235467965e-01 6.7176617019218265e-01 -7.8004942496460377e+00 -3.9493478276105154e-01 6.6128443294732819e-01 -6.3775341324606916e-01 1.9124936518798414e+01 0.0000000000000000e+00 0.0000000000000000e+00 0.0000000000000000e+00 1.0000000000000000e+00</transform>
      <orientation>1</orientation>
    </camera>
    <camera id="193" label="DSC_0198.JPG" sensor_id="7" enabled="true">
      <transform>-9.7427142465898120e-01 -1.0462476621541733e-01 1.9962176581557534e-01 -3.5177474811843887e+00 6.3329190739893099e-02 7.2294949593073565e-01 6.8799232549042666e-01 -7.9519830905860243e+00 -2.1629749118561076e-01 6.8293314799317228e-01 -6.9772323358115740e-01 1.9771046408883322e+01 0.0000000000000000e+00 0.0000000000000000e+00 0.0000000000000000e+00 1.0000000000000000e+00</transform>
      <orientation>1</orientation>
    </camera>
    <camera id="194" label="DSC_0199.JPG" sensor_id="7" enabled="true">
      <transform>-9.9890720101299479e-01 -3.7016972874529548e-02 2.8533269766899926e-02 -1.5224481667314451e+00 -7.1516286293278487e-03 7.2436898843083131e-01 6.8937538598911574e-01 -7.9557283478335252e+00 -4.6187205721200754e-02 6.8841797791668735e-01 -7.2384213037703660e-01 2.0038171215609111e+01 0.0000000000000000e+00 0.0000000000000000e+00 0.0000000000000000e+00 1.0000000000000000e+00</transform>
      <orientation>1</orientation>
    </camera>
    <camera id="195" label="DSC_0200.JPG" sensor_id="7" enabled="true">
      <transform>-9.8657962477233507e-01 3.7935705659441626e-02 -1.5881286541146070e-01 6.5246571676135490e-01 -8.1080981425253246e-02 7.3042018396047537e-01 6.7816828981769994e-01 -7.8071060325174395e+00 1.4172691499922044e-01 6.8194371989136049e-01 -7.1754180677193835e-01 1.9914396042931312e+01 0.0000000000000000e+00 0.0000000000000000e+00 0.0000000000000000e+00 1.0000000000000000e+00</transform>
      <orientation>1</orientation>
    </camera>
    <camera id="196" label="DSC_0201.JPG" sensor_id="7" enabled="true">
      <transform>-9.4228271258159590e-01 1.0089672309568826e-01 -3.1925403809258474e-01 2.5067835101386025e+00 -1.4348541549250138e-01 7.3983073804881871e-01 6.5731454767035580e-01 -7.5506947036160330e+00 3.0251483453016609e-01 6.6518443330154098e-01 -6.8265250646466824e-01 1.9474494698888158e+01 0.0000000000000000e+00 0.0000000000000000e+00 0.0000000000000000e+00 1.0000000000000000e+00</transform>
      <orientation>1</orientation>
    </camera>
    <camera id="197" label="DSC_0202.JPG" sensor_id="7" enabled="true">
      <transform>-8.5265444034108373e-01 1.6823373805975472e-01 -4.9464918350794329e-01 4.5626132753219437e+00 -2.0859932995922775e-01 7.5839750911821291e-01 6.1751075918064102e-01 -7.0653057863814697e+00 4.7902685196885819e-01 6.2970677901840322e-01 -6.1155755865746053e-01 1.8578959170092642e+01 0.0000000000000000e+00 0.0000000000000000e+00 0.0000000000000000e+00 1.0000000000000000e+00</transform>
      <orientation>1</orientation>
    </camera>
    <camera id="198" label="DSC_0203.JPG" sensor_id="7" enabled="true">
      <transform>-7.5647060473387673e-01 2.1578459952008536e-01 -6.1740524032722555e-01 6.0430090769096010e+00 -2.4856709810718894e-01 7.7831413968434648e-01 5.7657739957961107e-01 -6.5701801505044184e+00 6.0495175172251037e-01 5.8963048308018462e-01 -5.3513481620101511e-01 1.7573651601274978e+01 0.0000000000000000e+00 0.0000000000000000e+00 0.0000000000000000e+00 1.0000000000000000e+00</transform>
      <orientation>1</orientation>
    </camera>
    <camera id="199" label="DSC_0204.JPG" sensor_id="7" enabled="true">
      <transform>-5.8429199473564430e-01 2.6989820553966593e-01 -7.6534817144506850e-01 7.9587836415925235e+00 -2.9460427374194964e-01 8.0820114566333945e-01 5.0992080761765779e-01 -5.6523146875002821e+00 7.5618197993658920e-01 5.2341748804843569e-01 -3.9271229471999680e-01 1.5487958167680082e+01 0.0000000000000000e+00 0.0000000000000000e+00 0.0000000000000000e+00 1.0000000000000000e+00</transform>
      <orientation>1</orientation>
    </camera>
    <camera id="200" label="DSC_0205.JPG" sensor_id="7" enabled="true">
      <transform>-3.8130139275462077e-01 3.0806510460515840e-01 -8.7161065803947080e-01 9.0076223462945002e+00 -3.2506472948029536e-01 8.3795081645003044e-01 4.3837352892097636e-01 -4.7738671369745820e+00 8.6541444957389568e-01 4.5048231989206911e-01 -2.1937071348147341e-01 1.3419265712738049e+01 0.0000000000000000e+00 0.0000000000000000e+00 0.0000000000000000e+00 1.0000000000000000e+00</transform>
      <orientation>1</orientation>
    </camera>
    <camera id="201" label="DSC_0206.JPG" sensor_id="7" enabled="true">
      <transform>-1.1877545425406436e-01 3.2944947883251813e-01 -9.3667253208563928e-01 9.5350307935661931e+00 -3.3903619455606854e-01 8.7319733491911489e-01 3.5011551389662066e-01 -3.7201308311048931e+00 9.3324533229354034e-01 3.5915102002797838e-01 7.9808874934007290e-03 1.0751167008938419e+01 0.0000000000000000e+00 0.0000000000000000e+00 0.0000000000000000e+00 1.0000000000000000e+00</transform>
      <orientation>1</orientation>
    </camera>
    <camera id="202" label="DSC_0207.JPG" sensor_id="7" enabled="true">
      <transform>9.5034977392155828e-02 3.2532545024912884e-01 -9.4081438365507253e-01 9.4002273190310444e+00 -3.2976717356897756e-01 9.0201785311850458e-01 2.7859900195767373e-01 -2.9090174195715743e+00 9.3926671627839575e-01 2.8377305029844824e-01 1.9300490049714825e-01 8.6040241967932722e+00 0.0000000000000000e+00 0.0000000000000000e+00 0.0000000000000000e+00 1.0000000000000000e+00</transform>
      <orientation>1</orientation>
    </camera>
    <camera id="205" label="DSC_0210.JPG" sensor_id="7" enabled="true">
      <transform>4.1424339053100800e-01 2.8677855141529207e-01 -8.6380580910846028e-01 8.2565941660244331e+00 -2.8715336091419918e-01 9.4177129723231601e-01 1.7495648323237448e-01 -1.7550372740999189e+00 8.6368128422297918e-01 1.7557017445314319e-01 4.7247196014730697e-01 5.4105013802766830e+00 0.0000000000000000e+00 0.0000000000000000e+00 0.0000000000000000e+00 1.0000000000000000e+00</transform>
      <orientation>1</orientation>
    </camera>
    <camera id="206" label="DSC_0211.JPG" sensor_id="7" enabled="true">
      <transform>6.2975599375320657e-01 2.3075166622354501e-01 -7.4172842527906979e-01 6.6689585914424168e+00 -2.2811963552065687e-01 9.6769501950118975e-01 1.0736750496548901e-01 -1.0058311631858157e+00 7.4254213363406774e-01 1.0158748824362827e-01 6.6205072465069981e-01 3.3026149556759847e+00 0.0000000000000000e+00 0.0000000000000000e+00 0.0000000000000000e+00 1.0000000000000000e+00</transform>
      <orientation>1</orientation>
    </camera>
    <camera id="207" label="DSC_0212.JPG" sensor_id="7" enabled="true">
      <transform>8.1822636196952969e-01 1.5022542416745024e-01 -5.5492156428797923e-01 4.3628052981499286e+00 -1.4672156055681088e-01 9.8785767671532310e-01 5.1088102552143064e-02 -4.2930110928269011e-01 5.5585825913256182e-01 3.9617325607792700e-02 8.3033250163160777e-01 1.4901411946260179e+00 0.0000000000000000e+00 0.0000000000000000e+00 0.0000000000000000e+00 1.0000000000000000e+00</transform>
      <orientation>1</orientation>
    </camera>
    <camera id="209" label="DSC_0214.JPG" sensor_id="7" enabled="true">
      <transform>9.7275504169001936e-01 1.6449333271835558e-02 -2.3125105037936744e-01 9.1909754479399153e-01 -1.2181925464635939e-02 9.9972836554762634e-01 1.9869469329743053e-02 -1.4777600481677466e-01 2.3151507414987627e-01 -1.6511043406872539e-02 9.7269119245883673e-01 1.2487701991968680e-01 0.0000000000000000e+00 0.0000000000000000e+00 0.0000000000000000e+00 1.0000000000000000e+00</transform>
      <orientation>1</orientation>
    </camera>
  </cameras>
  <markers next_id="42">
    <marker id="28" label="6"/>
    <marker id="29" label="Centre6"/>
    <marker id="30" label="8"/>
    <marker id="31" label="Middle6"/>
    <marker id="32" label="LWT"/>
    <marker id="33" label="LWB"/>
    <marker id="34" label="RWB"/>
    <marker id="35" label="RWT"/>
    <marker id="36" label="LeftSun"/>
    <marker id="37" label="BL"/>
    <marker id="38" label="U"/>
    <marker id="39" label="LeftDip"/>
    <marker id="40" label="RightDip"/>
    <marker id="41" label="FrontR"/>
  </markers>
  <frames next_id="1">
    <frame id="0" path="0/frame.zip"/>
  </frames>
  <transform>
    <rotation>-4.4498019817461693e-01 3.3540909084198600e-01 -8.3035737186649661e-01 4.2482532408809565e-01 -7.3718582961848889e-01 -5.2543362722911291e-01 -7.8836290326595349e-01 -5.8656439918414138e-01 1.8554282083611456e-01</rotation>
    <translation>1.2673013345344652e+01 8.4187125656513189e+00 8.2426590469228156e+00</translation>
    <scale>1.1144444120231800e+00</scale>
  </transform>
  <reference>LOCAL_CS["Local Coordinates (m)",LOCAL_DATUM["Local Datum",0],UNIT["metre",1,AUTHORITY["EPSG","9001"]]]</reference>
  <region>
    <center>-1.6400140281021434e+00 3.0418766555596832e-01 1.1195736015295548e+01</center>
    <size>9.1834367752075181e+00 2.7121438980102539e+00 2.1069322586059567e+00</size>
    <R>-6.9913023191949086e-01 -2.8552631510449039e-01 6.5550868964419551e-01 -7.1243048627901884e-01 2.0061937722948042e-01 -6.7245421234482305e-01 6.0495628242378599e-02 -9.3713744395521126e-01 -3.4367672324533888e-01</R>
  </region>
  <settings>
    <property name="image_brightness" value="1.6000000000000001"/>
    <property name="accuracy_tiepoints" value="1"/>
    <property name="accuracy_cameras" value="10"/>
    <property name="accuracy_cameras_ypr" value="2"/>
    <property name="accuracy_markers" value="0.0050000000000000001"/>
    <property name="accuracy_scalebars" value="0.001"/>
    <property name="accuracy_projections" value="0.10000000000000001"/>
  </settings>
  <meta>
    <property name="align/duration" value="3.104733"/>
  </meta>
</chunk>
