<?xml version="1.0" encoding="UTF-8"?>
<point_cloud version="1.2.0">
  <tracks path="tracks.ply" count="23762"/>
  <points path="points.ply" count="19685"/>
  <projections camera_id="0" path="p0.ply" count="541"/>
  <projections camera_id="1" path="p1.ply" count="551"/>
  <projections camera_id="2" path="p2.ply" count="668"/>
  <projections camera_id="3" path="p3.ply" count="701"/>
  <projections camera_id="4" path="p4.ply" count="341"/>
  <projections camera_id="5" path="p5.ply" count="282"/>
  <projections camera_id="6" path="p6.ply" count="265"/>
  <projections camera_id="7" path="p7.ply" count="222"/>
  <projections camera_id="8" path="p8.ply" count="337"/>
  <projections camera_id="9" path="p9.ply" count="271"/>
  <projections camera_id="10" path="p10.ply" count="301"/>
  <projections camera_id="11" path="p11.ply" count="407"/>
  <projections camera_id="12" path="p12.ply" count="533"/>
  <projections camera_id="13" path="p13.ply" count="560"/>
  <projections camera_id="14" path="p14.ply" count="457"/>
  <projections camera_id="15" path="p15.ply" count="388"/>
  <projections camera_id="16" path="p16.ply" count="477"/>
  <projections camera_id="17" path="p17.ply" count="472"/>
  <projections camera_id="18" path="p18.ply" count="296"/>
  <projections camera_id="19" path="p19.ply" count="305"/>
  <projections camera_id="20" path="p20.ply" count="269"/>
  <projections camera_id="21" path="p21.ply" count="208"/>
  <projections camera_id="22" path="p22.ply" count="152"/>
  <projections camera_id="23" path="p23.ply" count="266"/>
  <projections camera_id="24" path="p24.ply" count="278"/>
  <projections camera_id="25" path="p25.ply" count="62"/>
  <projections camera_id="26" path="p26.ply" count="88"/>
  <projections camera_id="27" path="p27.ply" count="154"/>
  <projections camera_id="28" path="p28.ply" count="224"/>
  <projections camera_id="29" path="p29.ply" count="256"/>
  <projections camera_id="30" path="p30.ply" count="303"/>
  <projections camera_id="31" path="p31.ply" count="279"/>
  <projections camera_id="32" path="p32.ply" count="950"/>
  <projections camera_id="33" path="p33.ply" count="950"/>
  <projections camera_id="34" path="p34.ply" count="211"/>
  <projections camera_id="35" path="p35.ply" count="582"/>
  <projections camera_id="36" path="p36.ply" count="602"/>
  <projections camera_id="37" path="p37.ply" count="668"/>
  <projections camera_id="38" path="p38.ply" count="131"/>
  <projections camera_id="39" path="p39.ply" count="583"/>
  <projections camera_id="40" path="p40.ply" count="461"/>
  <projections camera_id="41" path="p41.ply" count="389"/>
  <projections camera_id="42" path="p42.ply" count="295"/>
  <projections camera_id="43" path="p43.ply" count="289"/>
  <projections camera_id="44" path="p44.ply" count="277"/>
  <projections camera_id="45" path="p45.ply" count="327"/>
  <projections camera_id="46" path="p46.ply" count="329"/>
  <projections camera_id="47" path="p47.ply" count="344"/>
  <projections camera_id="48" path="p48.ply" count="287"/>
  <projections camera_id="49" path="p49.ply" count="163"/>
  <projections camera_id="50" path="p50.ply" count="131"/>
  <projections camera_id="51" path="p51.ply" count="75"/>
  <projections camera_id="52" path="p52.ply" count="61"/>
  <projections camera_id="53" path="p53.ply" count="179"/>
  <projections camera_id="54" path="p54.ply" count="299"/>
  <projections camera_id="55" path="p55.ply" count="346"/>
  <projections camera_id="56" path="p56.ply" count="341"/>
  <projections camera_id="57" path="p57.ply" count="372"/>
  <projections camera_id="58" path="p58.ply" count="453"/>
  <projections camera_id="59" path="p59.ply" count="439"/>
  <projections camera_id="60" path="p60.ply" count="325"/>
  <projections camera_id="61" path="p61.ply" count="292"/>
  <projections camera_id="62" path="p62.ply" count="241"/>
  <projections camera_id="63" path="p63.ply" count="184"/>
  <projections camera_id="64" path="p64.ply" count="71"/>
  <projections camera_id="65" path="p65.ply" count="58"/>
  <projections camera_id="66" path="p66.ply" count="43"/>
  <projections camera_id="67" path="p67.ply" count="494"/>
  <projections camera_id="68" path="p68.ply" count="581"/>
  <projections camera_id="69" path="p69.ply" count="582"/>
  <projections camera_id="70" path="p70.ply" count="608"/>
  <projections camera_id="71" path="p71.ply" count="621"/>
  <projections camera_id="72" path="p72.ply" count="647"/>
  <projections camera_id="73" path="p73.ply" count="612"/>
  <projections camera_id="74" path="p74.ply" count="582"/>
  <projections camera_id="75" path="p75.ply" count="553"/>
  <projections camera_id="76" path="p76.ply" count="446"/>
  <projections camera_id="77" path="p77.ply" count="329"/>
  <projections camera_id="78" path="p78.ply" count="469"/>
  <projections camera_id="79" path="p79.ply" count="378"/>
  <projections camera_id="80" path="p80.ply" count="486"/>
  <projections camera_id="81" path="p81.ply" count="509"/>
  <projections camera_id="82" path="p82.ply" count="574"/>
  <projections camera_id="83" path="p83.ply" count="575"/>
  <projections camera_id="84" path="p84.ply" count="590"/>
  <projections camera_id="85" path="p85.ply" count="600"/>
  <projections camera_id="86" path="p86.ply" count="580"/>
  <projections camera_id="87" path="p87.ply" count="572"/>
  <projections camera_id="88" path="p88.ply" count="509"/>
  <projections camera_id="89" path="p89.ply" count="474"/>
  <projections camera_id="90" path="p90.ply" count="479"/>
  <projections camera_id="91" path="p91.ply" count="271"/>
  <projections camera_id="92" path="p92.ply" count="172"/>
  <projections camera_id="93" path="p93.ply" count="303"/>
  <projections camera_id="94" path="p94.ply" count="331"/>
  <projections camera_id="95" path="p95.ply" count="187"/>
  <projections camera_id="96" path="p96.ply" count="358"/>
  <projections camera_id="97" path="p97.ply" count="898"/>
  <projections camera_id="98" path="p98.ply" count="884"/>
  <projections camera_id="99" path="p99.ply" count="642"/>
  <projections camera_id="100" path="p100.ply" count="492"/>
  <projections camera_id="101" path="p101.ply" count="473"/>
  <projections camera_id="102" path="p102.ply" count="434"/>
  <projections camera_id="103" path="p103.ply" count="552"/>
  <projections camera_id="104" path="p104.ply" count="602"/>
  <projections camera_id="105" path="p105.ply" count="596"/>
  <projections camera_id="106" path="p106.ply" count="629"/>
  <projections camera_id="107" path="p107.ply" count="611"/>
  <projections camera_id="108" path="p108.ply" count="566"/>
  <projections camera_id="109" path="p109.ply" count="525"/>
  <projections camera_id="110" path="p110.ply" count="481"/>
  <projections camera_id="111" path="p111.ply" count="404"/>
  <projections camera_id="112" path="p112.ply" count="492"/>
  <projections camera_id="113" path="p113.ply" count="555"/>
  <projections camera_id="114" path="p114.ply" count="589"/>
  <projections camera_id="115" path="p115.ply" count="587"/>
  <projections camera_id="116" path="p116.ply" count="583"/>
  <projections camera_id="117" path="p117.ply" count="547"/>
  <projections camera_id="118" path="p118.ply" count="570"/>
  <projections camera_id="119" path="p119.ply" count="592"/>
  <projections camera_id="120" path="p120.ply" count="792"/>
  <projections camera_id="121" path="p121.ply" count="816"/>
  <projections camera_id="122" path="p122.ply" count="930"/>
  <projections camera_id="123" path="p123.ply" count="931"/>
  <projections camera_id="124" path="p124.ply" count="808"/>
  <projections camera_id="125" path="p125.ply" count="677"/>
  <projections camera_id="126" path="p126.ply" count="263"/>
  <projections camera_id="127" path="p127.ply" count="279"/>
  <projections camera_id="128" path="p128.ply" count="426"/>
  <projections camera_id="129" path="p129.ply" count="338"/>
  <projections camera_id="130" path="p130.ply" count="346"/>
  <projections camera_id="131" path="p131.ply" count="269"/>
  <projections camera_id="132" path="p132.ply" count="305"/>
  <projections camera_id="133" path="p133.ply" count="279"/>
  <projections camera_id="134" path="p134.ply" count="280"/>
  <projections camera_id="135" path="p135.ply" count="324"/>
  <projections camera_id="136" path="p136.ply" count="372"/>
  <projections camera_id="137" path="p137.ply" count="351"/>
  <projections camera_id="138" path="p138.ply" count="267"/>
  <projections camera_id="139" path="p139.ply" count="86"/>
  <projections camera_id="140" path="p140.ply" count="148"/>
  <projections camera_id="141" path="p141.ply" count="354"/>
  <projections camera_id="142" path="p142.ply" count="436"/>
  <projections camera_id="143" path="p143.ply" count="406"/>
  <projections camera_id="144" path="p144.ply" count="497"/>
  <projections camera_id="145" path="p145.ply" count="453"/>
  <projections camera_id="146" path="p146.ply" count="485"/>
  <projections camera_id="147" path="p147.ply" count="370"/>
  <projections camera_id="148" path="p148.ply" count="425"/>
  <projections camera_id="149" path="p149.ply" count="424"/>
  <projections camera_id="150" path="p150.ply" count="486"/>
  <projections camera_id="151" path="p151.ply" count="573"/>
  <projections camera_id="152" path="p152.ply" count="613"/>
  <projections camera_id="153" path="p153.ply" count="707"/>
  <projections camera_id="154" path="p154.ply" count="677"/>
  <projections camera_id="155" path="p155.ply" count="728"/>
  <projections camera_id="156" path="p156.ply" count="761"/>
  <projections camera_id="157" path="p157.ply" count="787"/>
  <projections camera_id="158" path="p158.ply" count="751"/>
  <projections camera_id="159" path="p159.ply" count="724"/>
  <projections camera_id="160" path="p160.ply" count="887"/>
  <projections camera_id="161" path="p161.ply" count="872"/>
  <projections camera_id="162" path="p162.ply" count="858"/>
  <projections camera_id="163" path="p163.ply" count="881"/>
  <projections camera_id="164" path="p164.ply" count="880"/>
  <projections camera_id="165" path="p165.ply" count="548"/>
  <projections camera_id="166" path="p166.ply" count="235"/>
  <projections camera_id="167" path="p167.ply" count="371"/>
  <projections camera_id="168" path="p168.ply" count="312"/>
  <projections camera_id="169" path="p169.ply" count="427"/>
</point_cloud>
