<?xml version="1.0" encoding="UTF-8"?>
<chunk label="RightBackFront" enabled="false">
  <sensors next_id="19">
    <sensor id="0" label="NIKON D3000 (30 mm)" type="frame">
      <resolution width="3872" height="2592"/>
      <property name="pixel_width" value="0.0061904649606179677"/>
      <property name="pixel_height" value="0.0061904649606179677"/>
      <property name="focal_length" value="30"/>
      <property name="fixed" value="false"/>
      <calibration type="frame" class="adjusted">
        <resolution width="3872" height="2592"/>
        <fx>4846.1626373546633</fx>
        <fy>4846.1626373546633</fy>
        <cx>1936</cx>
        <cy>1296</cy>
      </calibration>
    </sensor>
    <sensor id="1" label="NIKON D3000 (48 mm)" type="frame">
      <resolution width="3872" height="2592"/>
      <property name="pixel_width" value="0.0061904649606179677"/>
      <property name="pixel_height" value="0.0061904649606179677"/>
      <property name="focal_length" value="48"/>
      <property name="fixed" value="false"/>
    </sensor>
    <sensor id="2" label="NIKON D3000 (28 mm)" type="frame">
      <resolution width="3872" height="2592"/>
      <property name="pixel_width" value="0.0061904649606179677"/>
      <property name="pixel_height" value="0.0061904649606179677"/>
      <property name="focal_length" value="28"/>
      <property name="fixed" value="false"/>
    </sensor>
    <sensor id="3" label="NIKON D3000 (20 mm)" type="frame">
      <resolution width="3872" height="2592"/>
      <property name="pixel_width" value="0.0061904649606179668"/>
      <property name="pixel_height" value="0.0061904649606179668"/>
      <property name="focal_length" value="20"/>
      <property name="fixed" value="false"/>
    </sensor>
    <sensor id="4" label="NIKON D3000 (24 mm)" type="frame">
      <resolution width="3872" height="2592"/>
      <property name="pixel_width" value="0.0061904649606179677"/>
      <property name="pixel_height" value="0.0061904649606179677"/>
      <property name="focal_length" value="24"/>
      <property name="fixed" value="false"/>
    </sensor>
    <sensor id="5" label="NIKON D3000 (32 mm)" type="frame">
      <resolution width="3872" height="2592"/>
      <property name="pixel_width" value="0.0061904649606179668"/>
      <property name="pixel_height" value="0.0061904649606179668"/>
      <property name="focal_length" value="32"/>
      <property name="fixed" value="false"/>
    </sensor>
    <sensor id="6" label="NIKON D3000 (18 mm)" type="frame">
      <resolution width="3872" height="2592"/>
      <property name="pixel_width" value="0.0061904649606179677"/>
      <property name="pixel_height" value="0.0061904649606179677"/>
      <property name="focal_length" value="18"/>
      <property name="fixed" value="false"/>
    </sensor>
    <sensor id="7" label="NIKON D3000 (29 mm)" type="frame">
      <resolution width="3872" height="2592"/>
      <property name="pixel_width" value="0.0062624471113228268"/>
      <property name="pixel_height" value="0.0062624471113228268"/>
      <property name="focal_length" value="29"/>
      <property name="fixed" value="false"/>
    </sensor>
    <sensor id="8" label="NIKON D3000 (30 mm)" type="frame">
      <resolution width="3872" height="2592"/>
      <property name="pixel_width" value="0.0061904649606179677"/>
      <property name="pixel_height" value="0.0061904649606179677"/>
      <property name="focal_length" value="30"/>
      <property name="fixed" value="false"/>
      <calibration type="frame" class="adjusted">
        <resolution width="3872" height="2592"/>
        <fx>4846.1626373546633</fx>
        <fy>4846.1626373546633</fy>
        <cx>1936</cx>
        <cy>1296</cy>
      </calibration>
    </sensor>
    <sensor id="9" label="NIKON D3000 (26 mm)" type="frame">
      <resolution width="3872" height="2592"/>
      <property name="pixel_width" value="0.0061904649606179677"/>
      <property name="pixel_height" value="0.0061904649606179677"/>
      <property name="focal_length" value="26"/>
      <property name="fixed" value="false"/>
    </sensor>
    <sensor id="10" label="NIKON D3000 (55 mm)" type="frame">
      <resolution width="3872" height="2592"/>
      <property name="pixel_width" value="0.0062282116981827104"/>
      <property name="pixel_height" value="0.0062282116981827104"/>
      <property name="focal_length" value="55"/>
      <property name="fixed" value="false"/>
    </sensor>
    <sensor id="11" label="NIKON D3000 (40 mm)" type="frame">
      <resolution width="3872" height="2592"/>
      <property name="pixel_width" value="0.0061904649606179668"/>
      <property name="pixel_height" value="0.0061904649606179668"/>
      <property name="focal_length" value="40"/>
      <property name="fixed" value="false"/>
    </sensor>
    <sensor id="12" label="NIKON D3000 (30 mm)" type="frame">
      <resolution width="3872" height="2592"/>
      <property name="pixel_width" value="0.0061904649606179677"/>
      <property name="pixel_height" value="0.0061904649606179677"/>
      <property name="focal_length" value="30"/>
      <property name="fixed" value="false"/>
      <calibration type="frame" class="adjusted">
        <resolution width="3872" height="2592"/>
        <fx>4846.1626373546633</fx>
        <fy>4846.1626373546633</fy>
        <cx>1936</cx>
        <cy>1296</cy>
      </calibration>
    </sensor>
    <sensor id="13" label="NIKON D3000 (20 mm)" type="frame">
      <resolution width="3872" height="2592"/>
      <property name="pixel_width" value="0.0061904649606179668"/>
      <property name="pixel_height" value="0.0061904649606179668"/>
      <property name="focal_length" value="20"/>
      <property name="fixed" value="false"/>
    </sensor>
    <sensor id="14" label="NIKON D3000 (24 mm)" type="frame">
      <resolution width="3872" height="2592"/>
      <property name="pixel_width" value="0.0061904649606179677"/>
      <property name="pixel_height" value="0.0061904649606179677"/>
      <property name="focal_length" value="24"/>
      <property name="fixed" value="false"/>
    </sensor>
    <sensor id="15" label="NIKON D3000 (32 mm)" type="frame">
      <resolution width="3872" height="2592"/>
      <property name="pixel_width" value="0.0061904649606179668"/>
      <property name="pixel_height" value="0.0061904649606179668"/>
      <property name="focal_length" value="32"/>
      <property name="fixed" value="false"/>
    </sensor>
    <sensor id="16" label="NIKON D3000 (18 mm)" type="frame">
      <resolution width="3872" height="2592"/>
      <property name="pixel_width" value="0.0061904649606179677"/>
      <property name="pixel_height" value="0.0061904649606179677"/>
      <property name="focal_length" value="18"/>
      <property name="fixed" value="false"/>
    </sensor>
    <sensor id="17" label="NIKON D3000 (29 mm)" type="frame">
      <resolution width="3872" height="2592"/>
      <property name="pixel_width" value="0.0062624471113228268"/>
      <property name="pixel_height" value="0.0062624471113228268"/>
      <property name="focal_length" value="29"/>
      <property name="fixed" value="false"/>
    </sensor>
    <sensor id="18" label="NIKON D5100 (29 mm)" type="frame">
      <resolution width="4928" height="3264"/>
      <property name="pixel_width" value="0.0049366004100330112"/>
      <property name="pixel_height" value="0.0049366004100330112"/>
      <property name="focal_length" value="29"/>
      <property name="fixed" value="false"/>
    </sensor>
  </sensors>
  <cameras next_id="121" next_group_id="0">
    <camera id="52" label="DSC_0030.JPG" sensor_id="12" enabled="true">
      <transform>6.8500736974089449e-01 2.7094523223009015e-01 -6.7627922083444458e-01 5.8098986064685842e+00 4.6540011084683175e-01 -8.7691740284855668e-01 1.2007749749681998e-01 -4.5211073442589811e-01 -5.6050659248970258e-01 -3.9699439506512513e-01 -7.2679282471861095e-01 1.4778270193302404e+01 0.0000000000000000e+00 0.0000000000000000e+00 0.0000000000000000e+00 1.0000000000000000e+00</transform>
    </camera>
    <camera id="53" label="DSC_0031.JPG" sensor_id="12" enabled="true">
      <transform>5.9275038043522132e-01 3.0279065500671459e-01 -7.4630074751034858e-01 6.4148626594856406e+00 5.0031492496003327e-01 -8.6458895806526570e-01 4.6593019368297045e-02 1.5817466418978654e-01 -6.3113545484003397e-01 -4.0100343244444059e-01 -6.6397611765156173e-01 1.3912753884408993e+01 0.0000000000000000e+00 0.0000000000000000e+00 0.0000000000000000e+00 1.0000000000000000e+00</transform>
    </camera>
    <camera id="54" label="DSC_0032.JPG" sensor_id="12" enabled="true">
      <transform>4.4102135559735556e-01 3.3917860904290414e-01 -8.3093804526859383e-01 6.9892664629897254e+00 5.6255064942484778e-01 -8.2586437230749288e-01 -3.8533172524887555e-02 9.2505431042294894e-01 -6.9931175504116394e-01 -4.5045078501526825e-01 -5.5502897180271182e-01 1.2996709010740020e+01 0.0000000000000000e+00 0.0000000000000000e+00 0.0000000000000000e+00 1.0000000000000000e+00</transform>
    </camera>
    <camera id="55" label="DSC_0033.JPG" sensor_id="12" enabled="true">
      <transform>3.2527440079385161e-01 3.6043593178387345e-01 -8.7423252242598082e-01 7.2458766011616849e+00 5.9374925106047571e-01 -7.9739101671856227e-01 -1.0783966488107119e-01 1.4962304501670838e+00 -7.3597445000035577e-01 -4.8399742306713622e-01 -4.7337944971348911e-01 1.2302503695165584e+01 0.0000000000000000e+00 0.0000000000000000e+00 0.0000000000000000e+00 1.0000000000000000e+00</transform>
    </camera>
    <camera id="56" label="DSC_0034.JPG" sensor_id="12" enabled="true">
      <transform>1.8370061586822140e-01 3.7781535354590495e-01 -9.0747432049321297e-01 7.4146317343106638e+00 6.2032906281797129e-01 -7.6069709069915148e-01 -1.9113291193623411e-01 2.2081136688235432e+00 -7.6252602418082316e-01 -5.2782146112755757e-01 -3.7411036823397037e-01 1.1448049497237957e+01 0.0000000000000000e+00 0.0000000000000000e+00 0.0000000000000000e+00 1.0000000000000000e+00</transform>
    </camera>
    <camera id="57" label="DSC_0036.JPG" sensor_id="12" enabled="true">
      <transform>-1.3482322287485704e-01 3.5911661226966696e-01 -9.2350309006824316e-01 7.7283591413471555e+00 6.3965464791944238e-01 -6.8025216740419570e-01 -3.5790909479496069e-01 3.8620707075147642e+00 -7.5674608024666379e-01 -6.3897750158659861e-01 -1.3799682060633678e-01 9.4961616802106246e+00 0.0000000000000000e+00 0.0000000000000000e+00 0.0000000000000000e+00 1.0000000000000000e+00</transform>
    </camera>
    <camera id="58" label="DSC_0037.JPG" sensor_id="12" enabled="true">
      <transform>-2.3459702896292434e-01 3.4826612333747653e-01 -9.0756539232016453e-01 7.4437163125603734e+00 6.3059096327901820e-01 -6.5600953955417385e-01 -4.1473668880961168e-01 4.4617339587164455e+00 -7.3981029394879916e-01 -6.6959852997852842e-01 -6.5715581242083543e-02 8.7834622981638439e+00 0.0000000000000000e+00 0.0000000000000000e+00 0.0000000000000000e+00 1.0000000000000000e+00</transform>
    </camera>
    <camera id="59" label="DSC_0039.JPG" sensor_id="12" enabled="true">
      <transform>-5.0961892414568544e-01 3.0696863198355595e-01 -8.0377783692431959e-01 6.2114404966419485e+00 5.6354769370120050e-01 -5.8682670136996395e-01 -5.8141931468029573e-01 5.8527803333486617e+00 -6.5015578831281018e-01 -7.4926943187173412e-01 1.2606652761917669e-01 7.1766605905317631e+00 0.0000000000000000e+00 0.0000000000000000e+00 0.0000000000000000e+00 1.0000000000000000e+00</transform>
    </camera>
    <camera id="60" label="DSC_0040.JPG" sensor_id="12" enabled="true">
      <transform>-6.4253860057274270e-01 2.7164003942326093e-01 -7.1648854544657636e-01 5.3121542386444602e+00 5.0438536449233484e-01 -5.5397167506823497e-01 -6.6235246455948837e-01 6.4976072357755630e+00 -5.7683580927327660e-01 -7.8697336181361510e-01 2.1893692456006819e-01 6.4502237024666309e+00 0.0000000000000000e+00 0.0000000000000000e+00 0.0000000000000000e+00 1.0000000000000000e+00</transform>
    </camera>
    <camera id="61" label="DSC_0041.JPG" sensor_id="12" enabled="true">
      <transform>-7.3391750388631205e-01 2.3823013694253700e-01 -6.3609079488829678e-01 4.5073636829064796e+00 4.5030912976531501e-01 -5.3044463599246328e-01 -7.1822710600257067e-01 6.9063219367292277e+00 -5.0851429197151377e-01 -8.1355693715877275e-01 2.8202539754700662e-01 5.9813611906041668e+00 0.0000000000000000e+00 0.0000000000000000e+00 0.0000000000000000e+00 1.0000000000000000e+00</transform>
    </camera>
    <camera id="62" label="DSC_0042.JPG" sensor_id="12" enabled="true">
      <transform>-9.2621901147392471e-01 1.3123190969387133e-01 -3.5340702972969462e-01 2.5754545608547614e+00 2.4986498142483904e-01 -4.8826333688152723e-01 -8.3616170978757531e-01 7.5480583538905730e+00 -2.8228679360152598e-01 -8.6277291319061233e-01 4.1944852654736320e-01 5.2745736682204107e+00 0.0000000000000000e+00 0.0000000000000000e+00 0.0000000000000000e+00 1.0000000000000000e+00</transform>
    </camera>
    <camera id="63" label="DSC_0043.JPG" sensor_id="12" enabled="true">
      <transform>-9.8180242199148127e-01 6.8260090763134246e-02 -1.7721332957954958e-01 1.5758818925497247e+00 1.2406153963325336e-01 -4.7597090755138927e-01 -8.7066665811235322e-01 7.7581815262025469e+00 -1.4378017441736565e-01 -8.7680799219311134e-01 4.5884093787585700e-01 5.0617907793662162e+00 0.0000000000000000e+00 0.0000000000000000e+00 0.0000000000000000e+00 1.0000000000000000e+00</transform>
    </camera>
    <camera id="64" label="DSC_0044.JPG" sensor_id="12" enabled="true">
      <transform>-9.9954400921620901e-01 9.1455195483868598e-03 -2.8777302030891964e-02 2.8453921323433207e-01 2.1061170659806165e-02 -4.7177740928129275e-01 -8.8146611005884379e-01 7.8630371198149387e+00 -2.1637946539023175e-02 -8.8167025330563431e-01 4.7136966778267808e-01 4.9348679496705667e+00 0.0000000000000000e+00 0.0000000000000000e+00 0.0000000000000000e+00 1.0000000000000000e+00</transform>
    </camera>
    <camera id="65" label="DSC_0045.JPG" sensor_id="12" enabled="true">
      <transform>-9.9571232050132219e-01 -3.6517906410005657e-02 8.4990689568342451e-02 -7.0918165993924553e-01 -5.7895882373327351e-02 -4.7055939180765605e-01 -8.8046687932359080e-01 7.8654004753073430e+00 7.2145974288841161e-02 -8.8161233050192700e-01 4.6642754753645832e-01 4.9611230869617859e+00 0.0000000000000000e+00 0.0000000000000000e+00 0.0000000000000000e+00 1.0000000000000000e+00</transform>
    </camera>
    <camera id="66" label="DSC_0046.JPG" sensor_id="12" enabled="true">
      <transform>-9.5448956748780778e-01 -1.0690139920254357e-01 2.7842729105724545e-01 -1.8553954635381995e+00 -1.9635404103836282e-01 -4.7744177225058959e-01 -8.5644290217043728e-01 7.7881183589797356e+00 2.2448776386440888e-01 -8.7213613900511799e-01 4.3472266897000322e-01 5.1065941862146804e+00 0.0000000000000000e+00 0.0000000000000000e+00 0.0000000000000000e+00 1.0000000000000000e+00</transform>
    </camera>
    <camera id="67" label="DSC_0047.JPG" sensor_id="12" enabled="true">
      <transform>-8.6077064956916882e-01 -1.9432122892084180e-01 4.7043931471653694e-01 -3.6054841814658705e+00 -3.3225256731775610e-01 -4.8566701437738768e-01 -8.0853928949465048e-01 7.4919253855309318e+00 3.8559320578950956e-01 -8.5227155950227973e-01 3.5348418424665162e-01 5.6770332997500761e+00 0.0000000000000000e+00 0.0000000000000000e+00 0.0000000000000000e+00 1.0000000000000000e+00</transform>
    </camera>
    <camera id="68" label="DSC_0048.JPG" sensor_id="12" enabled="true">
      <transform>-7.4715305857185355e-01 -2.5548644805715748e-01 6.1358697991879052e-01 -4.9445757610508512e+00 -4.3539637545289944e-01 -5.0937801071413302e-01 -7.4226951873520353e-01 6.9969808739953248e+00 5.0218751807387907e-01 -8.2174248828939733e-01 2.6934546521288971e-01 6.3104358648368022e+00 0.0000000000000000e+00 0.0000000000000000e+00 0.0000000000000000e+00 1.0000000000000000e+00</transform>
    </camera>
    <camera id="69" label="DSC_0049.JPG" sensor_id="12" enabled="true">
      <transform>-6.5438794316853266e-01 -2.9132125762318800e-01 6.9778818039036838e-01 -5.7546867900688348e+00 -4.9645174943152698e-01 -5.3053829015745535e-01 -6.8706970764485020e-01 6.5717360886482155e+00 5.7036135942228194e-01 -7.9602829568655897e-01 2.0255091247466339e-01 6.8393733405692547e+00 0.0000000000000000e+00 0.0000000000000000e+00 0.0000000000000000e+00 1.0000000000000000e+00</transform>
    </camera>
    <camera id="70" label="DSC_0050.JPG" sensor_id="12" enabled="true">
      <transform>-5.0698719439985318e-01 -3.3651787734205352e-01 7.9354880312666598e-01 -6.6996240810591488e+00 -5.6810876563459001e-01 -5.6191916441247192e-01 -6.0124810442539611e-01 5.8800763685837438e+00 6.4824101623062091e-01 -7.5564712061595807e-01 9.3707064734222523e-02 7.7290601382416586e+00 0.0000000000000000e+00 0.0000000000000000e+00 0.0000000000000000e+00 1.0000000000000000e+00</transform>
    </camera>
    <camera id="71" label="DSC_0051.JPG" sensor_id="12" enabled="true">
      <transform>-3.5368435566235501e-01 -3.6907045968501023e-01 8.5947331101529878e-01 -7.4151525356092733e+00 -6.2058426741298822e-01 -5.9490889398548852e-01 -5.1084104660495699e-01 5.1429178756048186e+00 6.9984465676262042e-01 -7.1405210149180165e-01 -1.8629352000334332e-02 8.6625650478547058e+00 0.0000000000000000e+00 0.0000000000000000e+00 0.0000000000000000e+00 1.0000000000000000e+00</transform>
    </camera>
    <camera id="72" label="DSC_0052.JPG" sensor_id="12" enabled="true">
      <transform>-1.9014798291294255e-01 -3.9104111011778642e-01 9.0051684869967208e-01 -7.9093558889876014e+00 -6.5530722426606203e-01 -6.3245313129493186e-01 -4.1300784319422390e-01 4.3192311070173766e+00 7.3103774623397377e-01 -6.6864780483681008e-01 -1.3599237724250079e-01 9.6642199786987799e+00 0.0000000000000000e+00 0.0000000000000000e+00 0.0000000000000000e+00 1.0000000000000000e+00</transform>
    </camera>
    <camera id="73" label="DSC_0053.JPG" sensor_id="12" enabled="true">
      <transform>-1.5763299669595665e-02 -4.0482315013700021e-01 9.1425911835577656e-01 -8.1432527454154258e+00 -6.7302601949781804e-01 -6.7192178910532641e-01 -3.0912309264178184e-01 3.4204618785035361e+00 7.3945080665480967e-01 -6.2019297516067751e-01 -2.6186480882107510e-01 1.0745088288689715e+01 0.0000000000000000e+00 0.0000000000000000e+00 0.0000000000000000e+00 1.0000000000000000e+00</transform>
    </camera>
    <camera id="74" label="DSC_0054.JPG" sensor_id="12" enabled="true">
      <transform>2.1144926953672405e-01 -4.0789988725342702e-01 8.8820430554632401e-01 -8.1821528242221842e+00 -6.6955953458453821e-01 -7.2247549504775421e-01 -1.7239254247918939e-01 2.2421559676688103e+00 7.1202474399372018e-01 -5.5825338425677629e-01 -4.2588017435252057e-01 1.2233044855421879e+01 0.0000000000000000e+00 0.0000000000000000e+00 0.0000000000000000e+00 1.0000000000000000e+00</transform>
      <orientation>1</orientation>
    </camera>
    <camera id="75" label="DSC_0055.JPG" sensor_id="12" enabled="true">
      <transform>4.2066280714388327e-01 -3.9821520744751249e-01 8.1514872952324646e-01 -7.7698787558568423e+00 -6.4030572130974095e-01 -7.6684823591989515e-01 -4.4185589557651672e-02 1.0940286069093768e+00 6.4269073895913609e-01 -5.0335716109347195e-01 -5.7756400721658552e-01 1.3666543649339310e+01 0.0000000000000000e+00 0.0000000000000000e+00 0.0000000000000000e+00 1.0000000000000000e+00</transform>
      <orientation>1</orientation>
    </camera>
    <camera id="76" label="DSC_0056.JPG" sensor_id="12" enabled="true">
      <transform>3.5951737789188121e-01 -4.0449868664782712e-01 8.4090907207255716e-01 -7.9361401320831284e+00 -6.5314782687751438e-01 -7.5268780527603407e-01 -8.2818983535948382e-02 1.4407349445100972e+00 6.6644217396479855e-01 -5.1946306922526264e-01 -5.3480178428287162e-01 1.3260212025942941e+01 0.0000000000000000e+00 0.0000000000000000e+00 0.0000000000000000e+00 1.0000000000000000e+00</transform>
      <orientation>1</orientation>
    </camera>
    <camera id="77" label="DSC_0057.JPG" sensor_id="12" enabled="true">
      <transform>5.5808561720482308e-01 -3.8424014850457144e-01 7.3545900779465379e-01 -7.1953063345734964e+00 -6.0639342945904795e-01 -7.9386814975403985e-01 4.5391293383113068e-02 2.4723049414496234e-01 5.6641632442754186e-01 -4.7130973794658859e-01 -6.7604709772227523e-01 1.4641121970589392e+01 0.0000000000000000e+00 0.0000000000000000e+00 0.0000000000000000e+00 1.0000000000000000e+00</transform>
      <orientation>1</orientation>
    </camera>
    <camera id="78" label="DSC_0058.JPG" sensor_id="12" enabled="true">
      <transform>7.1061020405522479e-01 -2.8826592817609004e-01 6.4182232163221720e-01 -6.2981608641559212e+00 -4.7485871674324281e-01 -8.6961892980333644e-01 1.3517439129014253e-01 -6.2086845064970841e-01 5.1917466909081056e-01 -4.0083122580517250e-01 -7.5484567389233281e-01 1.5214444704888045e+01 0.0000000000000000e+00 0.0000000000000000e+00 0.0000000000000000e+00 1.0000000000000000e+00</transform>
      <orientation>1</orientation>
    </camera>
    <camera id="79" label="DSC_0059.JPG" sensor_id="12" enabled="true">
      <transform>8.3890311890780411e-01 -2.3593868857592815e-01 4.9048393686218644e-01 -5.0875009643723033e+00 -3.7819543017773927e-01 -9.0075623561789886e-01 2.1355659809087360e-01 -1.3693035317759676e+00 3.9142020090873292e-01 -3.6465207969864011e-01 -8.4487814925705340e-01 1.6084079052788411e+01 0.0000000000000000e+00 0.0000000000000000e+00 0.0000000000000000e+00 1.0000000000000000e+00</transform>
      <orientation>1</orientation>
    </camera>
    <camera id="80" label="DSC_0060.JPG" sensor_id="12" enabled="true">
      <transform>9.3235112275857490e-01 -1.7127227163839473e-01 3.1841355633617152e-01 -3.6588381965768217e+00 -2.6261181112376186e-01 -9.2612118297108315e-01 2.7080360246964791e-01 -1.9504253173867534e+00 2.4850839130524738e-01 -3.3610320352544304e-01 -9.0844824620382891e-01 1.6735279215596005e+01 0.0000000000000000e+00 0.0000000000000000e+00 0.0000000000000000e+00 1.0000000000000000e+00</transform>
      <orientation>1</orientation>
    </camera>
    <camera id="81" label="DSC_0061.JPG" sensor_id="12" enabled="true">
      <transform>9.7991528715915210e-01 -1.1124226154367031e-01 1.6550283755406087e-01 -2.3600490917532451e+00 -1.5727317440433311e-01 -9.4138045657524472e-01 2.9844259848581917e-01 -2.2771419757793812e+00 1.2260170718460832e-01 -3.1847762123080686e-01 -9.3996852403183495e-01 1.7111706888236412e+01 0.0000000000000000e+00 0.0000000000000000e+00 0.0000000000000000e+00 1.0000000000000000e+00</transform>
      <orientation>1</orientation>
    </camera>
    <camera id="82" label="DSC_0062.JPG" sensor_id="12" enabled="true">
      <transform>9.9762360834304564e-01 -5.8460711160723385e-02 3.6462053249703003e-02 -1.2552313077336077e+00 -6.6890804486578803e-02 -9.4865076087103428e-01 3.0917204623630840e-01 -2.4356772111064888e+00 1.6515336864260276e-02 -3.1087630844017394e-01 -9.5030687911793521e-01 1.7278990277344924e+01 0.0000000000000000e+00 0.0000000000000000e+00 0.0000000000000000e+00 1.0000000000000000e+00</transform>
      <orientation>1</orientation>
    </camera>
    <camera id="83" label="DSC_0063.JPG" sensor_id="12" enabled="true">
      <transform>9.9672049197227763e-01 -2.5385198892572750e-03 -8.0881498498185406e-02 2.4046063758462743e-01 2.2287857818885114e-02 -9.5223722440906888e-01 3.0454477477631714e-01 -2.4816513874956749e+00 -7.7791466603897408e-02 -3.0534869308134338e-01 -9.4905777661696145e-01 1.7291580638537138e+01 0.0000000000000000e+00 0.0000000000000000e+00 0.0000000000000000e+00 1.0000000000000000e+00</transform>
      <orientation>1</orientation>
    </camera>
    <camera id="84" label="DSC_0064.JPG" sensor_id="12" enabled="true">
      <transform>9.7320967199749631e-01 5.7945511325210738e-02 -2.2249775739945310e-01 1.5384240205647632e+00 1.2275220640700286e-01 -9.4920820936635220e-01 2.8971653576165751e-01 -2.3676024104994298e+00 -1.9440892508508600e-01 -3.0926702538224643e-01 -9.3089154946130981e-01 1.7142766702745046e+01 0.0000000000000000e+00 0.0000000000000000e+00 0.0000000000000000e+00 1.0000000000000000e+00</transform>
      <orientation>1</orientation>
    </camera>
    <camera id="85" label="DSC_0065.JPG" sensor_id="12" enabled="true">
      <transform>9.0438209486792021e-01 1.2470967457002319e-01 -4.0809376808639281e-01 3.2925925261454676e+00 2.4722491767783411e-01 -9.3261689222927713e-01 2.6287938756736506e-01 -2.1195803441024461e+00 -3.4781153885617394e-01 -3.3863435944576514e-01 -8.7427335773272674e-01 1.6618753309539951e+01 0.0000000000000000e+00 0.0000000000000000e+00 0.0000000000000000e+00 1.0000000000000000e+00</transform>
      <orientation>1</orientation>
    </camera>
    <camera id="86" label="DSC_0065.JPG" sensor_id="12" enabled="true">
      <transform>9.0438209486791987e-01 1.2470967457002519e-01 -4.0809376808639353e-01 3.2925925261453415e+00 2.4722491767783644e-01 -9.3261689222927657e-01 2.6287938756736501e-01 -2.1195803441025287e+00 -3.4781153885617389e-01 -3.3863435944576609e-01 -8.7427335773272652e-01 1.6618753309540043e+01 0.0000000000000000e+00 0.0000000000000000e+00 0.0000000000000000e+00 1.0000000000000000e+00</transform>
    </camera>
    <camera id="87" label="DSC_0066.JPG" sensor_id="12" enabled="true">
      <transform>8.3051977875127969e-01 1.9377476324540488e-01 -5.2219559384594028e-01 4.7063086300058687e+00 3.4289426453212191e-01 -9.1669012740832612e-01 2.0518950670802380e-01 -1.4683125885162445e+00 -4.3893099737191277e-01 -3.4947181780695025e-01 -8.2777353672656373e-01 1.5995545930430559e+01 0.0000000000000000e+00 0.0000000000000000e+00 0.0000000000000000e+00 1.0000000000000000e+00</transform>
    </camera>
    <camera id="88" label="DSC_0067.JPG" sensor_id="12" enabled="true">
      <transform>6.4553976890805065e-01 2.6965501196672659e-01 -7.1453801947787599e-01 6.3092628177710575e+00 4.7607971943622207e-01 -8.7365137886062916e-01 1.0040602051893971e-01 -4.9338973766210681e-01 -5.9718213930062325e-01 -4.0499313912231422e-01 -6.9235399165758049e-01 1.4747635565526025e+01 0.0000000000000000e+00 0.0000000000000000e+00 0.0000000000000000e+00 1.0000000000000000e+00</transform>
    </camera>
    <camera id="89" label="DSC_0068.JPG" sensor_id="12" enabled="true">
      <transform>4.6545422841757200e-01 3.1722994402937377e-01 -8.2626722303339850e-01 7.2115833759791252e+00 5.5546292353089388e-01 -8.3151712500055552e-01 -6.3412469848625475e-03 4.8728192656443170e-01 -6.8906697920500881e-01 -4.5600924710134005e-01 -5.6324263397522856e-01 1.3586001348501853e+01 0.0000000000000000e+00 0.0000000000000000e+00 0.0000000000000000e+00 1.0000000000000000e+00</transform>
    </camera>
    <camera id="90" label="DSC_0069.JPG" sensor_id="12" enabled="true">
      <transform>3.2536799146168616e-01 3.4268774159675774e-01 -8.8130629289226192e-01 7.6363419399897392e+00 5.9714914202655178e-01 -7.9712225659095448e-01 -8.9493073610741380e-02 1.2458414525496089e+00 -7.3317704022230568e-01 -4.9715311505275545e-01 -4.6399375845392687e-01 1.2681331536180474e+01 0.0000000000000000e+00 0.0000000000000000e+00 0.0000000000000000e+00 1.0000000000000000e+00</transform>
    </camera>
    <camera id="0" label="DSC_0070.JPG" sensor_id="0" enabled="true">
      <transform>6.8617365063960878e-01 -2.5916257677633708e-01 6.7970617178789938e-01 -5.5902110916505441e+00 2.7096851123143267e-01 9.5820064854150300e-01 9.1801868475886811e-02 -5.9310294556381071e-01 -6.7508650341192067e-01 1.2118694621654702e-01 7.2771693465094967e-01 1.9047645428342317e+00 0.0000000000000000e+00 0.0000000000000000e+00 0.0000000000000000e+00 1.0000000000000000e+00</transform>
    </camera>
    <camera id="1" label="DSC_0071.JPG" sensor_id="0" enabled="true">
      <transform>5.6965404004771514e-01 -2.9368644267102773e-01 7.6762135721236502e-01 -6.5223266268850502e+00 3.1083709041447327e-01 9.4158977001244759e-01 1.2957240535920711e-01 -9.3625598654592501e-01 -7.6083807599250763e-01 1.6479374502432803e-01 6.2766905588922894e-01 2.8171033534026009e+00 0.0000000000000000e+00 0.0000000000000000e+00 0.0000000000000000e+00 1.0000000000000000e+00</transform>
    </camera>
    <camera id="2" label="DSC_0072.JPG" sensor_id="0" enabled="true">
      <transform>4.7477431938716697e-01 -3.1528664618748825e-01 8.2169561054340423e-01 -7.1584032483444746e+00 3.3738143342599825e-01 9.2750708617713085e-01 1.6094835653285539e-01 -1.2713843424897076e+00 -8.1287336900028351e-01 2.0081069649561512e-01 5.4672840619733198e-01 3.6618339553889951e+00 0.0000000000000000e+00 0.0000000000000000e+00 0.0000000000000000e+00 1.0000000000000000e+00</transform>
    </camera>
    <camera id="3" label="DSC_0073.JPG" sensor_id="0" enabled="true">
      <transform>3.3665958785124100e-01 -3.3631738805744055e-01 8.7951744519256325e-01 -7.7044665322859567e+00 3.6281378466728159e-01 9.0825309572968271e-01 2.0842857710220833e-01 -1.6832963990172847e+00 -8.6892259699195062e-01 2.4893157410756225e-01 4.2779269728350350e-01 4.6679547467819944e+00 0.0000000000000000e+00 0.0000000000000000e+00 0.0000000000000000e+00 1.0000000000000000e+00</transform>
    </camera>
    <camera id="4" label="DSC_0074.JPG" sensor_id="0" enabled="true">
      <transform>1.7715487943178881e-01 -3.5134264733473397e-01 9.1933372224526233e-01 -8.0831227444793576e+00 3.8250851393723362e-01 8.8525122278298385e-01 2.6460821855483091e-01 -2.1418091795291772e+00 -9.0680945377683264e-01 3.0477633885367933e-01 2.9121812755374576e-01 5.8239181624057190e+00 0.0000000000000000e+00 0.0000000000000000e+00 0.0000000000000000e+00 1.0000000000000000e+00</transform>
    </camera>
    <camera id="5" label="DSC_0075.JPG" sensor_id="0" enabled="true">
      <transform>2.1416517303649251e-02 -3.5644164297631803e-01 9.3407209996815854e-01 -8.2581236547585863e+00 3.9166829698525069e-01 8.6259849036284630e-01 3.2018711648099152e-01 -2.6113165364920512e+00 -9.1985720518092162e-01 3.5898913573544478e-01 1.5808074677411685e-01 6.9637224718670074e+00 0.0000000000000000e+00 0.0000000000000000e+00 0.0000000000000000e+00 1.0000000000000000e+00</transform>
    </camera>
    <camera id="6" label="DSC_0076.JPG" sensor_id="0" enabled="true">
      <transform>-1.1634752106749152e-01 -3.5240056063830227e-01 9.2858876754097108e-01 -8.2585444935926162e+00 3.9256116132290797e-01 8.4249525643758505e-01 3.6891391611184482e-01 -3.0319122373772607e+00 -9.1233710269957735e-01 4.0745010460420511e-01 4.0316538737382154e-02 7.9742429452919561e+00 0.0000000000000000e+00 0.0000000000000000e+00 0.0000000000000000e+00 1.0000000000000000e+00</transform>
    </camera>
    <camera id="7" label="DSC_0077.JPG" sensor_id="0" enabled="true">
      <transform>-3.2893876747854461e-01 -3.3269388362776259e-01 8.8380657784742311e-01 -7.9449083305430701e+00 3.7729837526688664e-01 8.1164655481433856e-01 4.4595493727391722e-01 -3.6935514336432513e+00 -8.6570504403674575e-01 4.8015065328987383e-01 -1.4145715561484992e-01 9.5484861862824015e+00 0.0000000000000000e+00 0.0000000000000000e+00 0.0000000000000000e+00 1.0000000000000000e+00</transform>
    </camera>
    <camera id="8" label="DSC_0078.JPG" sensor_id="0" enabled="true">
      <transform>-5.0756840529362268e-01 -3.0070727470904246e-01 8.0743386657035221e-01 -7.3440369894410340e+00 3.4837018742098746e-01 7.8548167886884113e-01 5.1152394340602836e-01 -4.2609191010769196e+00 -7.8804348005928904e-01 5.4091927965126940e-01 -2.9392823348157138e-01 1.0881900459641880e+01 0.0000000000000000e+00 0.0000000000000000e+00 0.0000000000000000e+00 1.0000000000000000e+00</transform>
    </camera>
    <camera id="9" label="DSC_0079.JPG" sensor_id="0" enabled="true">
      <transform>-6.5933616510954152e-01 -2.5602450901770268e-01 7.0691390717744962e-01 -6.5485950061254687e+00 3.0993945668007672e-01 7.6407002312782468e-01 5.6580432390562796e-01 -4.7560729417176875e+00 -6.8499149963448625e-01 5.9215576543650250e-01 -4.2442690170252828e-01 1.2036910389484353e+01 0.0000000000000000e+00 0.0000000000000000e+00 0.0000000000000000e+00 1.0000000000000000e+00</transform>
    </camera>
    <camera id="10" label="DSC_0080.JPG" sensor_id="0" enabled="true">
      <transform>-8.1130914160781042e-01 -1.9183916130571826e-01 5.5224560924747657e-01 -5.2560271296765047e+00 2.4869617515399217e-01 7.4164010918775691e-01 6.2299290598508950e-01 -5.2519105719878478e+00 -5.2908193052434971e-01 6.4278121054795190e-01 -5.5398973470556012e-01 1.3186315956728766e+01 0.0000000000000000e+00 0.0000000000000000e+00 0.0000000000000000e+00 1.0000000000000000e+00</transform>
    </camera>
    <camera id="11" label="DSC_0081.JPG" sensor_id="0" enabled="true">
      <transform>-8.9464026513910977e-01 -1.3807662611041899e-01 4.2491604031124419e-01 -4.2067889820216848e+00 1.9930042919053897e-01 7.2785198905635484e-01 6.5613323414621771e-01 -5.5880425318567735e+00 -3.9987264837231651e-01 6.7168915976712917e-01 -6.2364696562641742e-01 1.3856688023449751e+01 0.0000000000000000e+00 0.0000000000000000e+00 0.0000000000000000e+00 1.0000000000000000e+00</transform>
    </camera>
    <camera id="12" label="DSC_0082.JPG" sensor_id="0" enabled="true">
      <transform>-9.9305092567445008e-01 -1.4238763227084304e-02 1.1682087415732109e-01 -1.6011356377840922e+00 7.2107434362715689e-02 7.1088233670055756e-01 6.9960476075908784e-01 -5.9769323917040253e+00 -9.3007402537347877e-02 7.0316680879355853e-01 -7.0491564182130229e-01 1.4635318360044106e+01 0.0000000000000000e+00 0.0000000000000000e+00 0.0000000000000000e+00 1.0000000000000000e+00</transform>
    </camera>
    <camera id="13" label="DSC_0083.JPG" sensor_id="0" enabled="true">
      <transform>-9.9799254952419247e-01 4.9617295626329612e-02 -3.9357274663416958e-02 -2.6108139760787186e-01 7.4261769008965861e-03 7.0884471256313408e-01 7.0532547477595420e-01 -6.0345551686295336e+00 6.2894538640797901e-02 7.0361729473202839e-01 -7.0779020872229037e-01 1.4711394134416876e+01 0.0000000000000000e+00 0.0000000000000000e+00 0.0000000000000000e+00 1.0000000000000000e+00</transform>
    </camera>
    <camera id="14" label="DSC_0084.JPG" sensor_id="0" enabled="true">
      <transform>-9.7606829477047163e-01 1.0885780363590951e-01 -1.8825690566730724e-01 1.0319479461616772e+00 -5.5716516027230864e-02 7.1161183038244780e-01 7.0036010216282996e-01 -6.0190984454955707e+00 2.1020550369971519e-01 6.9408830954519607e-01 -6.8851656825892071e-01 1.4596468669509470e+01 0.0000000000000000e+00 0.0000000000000000e+00 0.0000000000000000e+00 1.0000000000000000e+00</transform>
    </camera>
    <camera id="15" label="DSC_0085.JPG" sensor_id="0" enabled="true">
      <transform>-9.3048216525695693e-01 1.6640289932972954e-01 -3.2636331784283779e-01 2.2310231210643181e+00 -1.1298118886974909e-01 7.1710499457033117e-01 6.8774681222370160e-01 -5.9309641331359559e+00 3.4847982882844641e-01 6.7680905863983920e-01 -6.4845301066673389e-01 1.4304955766915992e+01 0.0000000000000000e+00 0.0000000000000000e+00 0.0000000000000000e+00 1.0000000000000000e+00</transform>
    </camera>
    <camera id="16" label="DSC_0086.JPG" sensor_id="0" enabled="true">
      <transform>-8.7398496213908683e-01 2.1692237411036031e-01 -4.3485051404484265e-01 3.5435472291517929e+00 -1.5351092106527414e-01 7.2577706544621767e-01 6.7058336423293996e-01 -5.7528821012384590e+00 4.6106906539956705e-01 6.5283407913695912e-01 -6.0101828761608278e-01 1.3732621573275550e+01 0.0000000000000000e+00 0.0000000000000000e+00 0.0000000000000000e+00 1.0000000000000000e+00</transform>
    </camera>
    <camera id="17" label="DSC_0087.JPG" sensor_id="0" enabled="true">
      <transform>-7.8577155168355128e-01 2.6684986815246259e-01 -5.5799123329299471e-01 4.5869712818780508e+00 -2.0663478051574991e-01 7.3705405444547401e-01 6.4346980372562634e-01 -5.5044836151880112e+00 5.8297953312790651e-01 6.2092066215620623e-01 -5.2401564409993195e-01 1.3056774135758834e+01 0.0000000000000000e+00 0.0000000000000000e+00 0.0000000000000000e+00 1.0000000000000000e+00</transform>
    </camera>
    <camera id="18" label="DSC_0088.JPG" sensor_id="0" enabled="true">
      <transform>-6.6443342862631571e-01 3.1490098507471487e-01 -6.7776514259945009e-01 5.6131665443773660e+00 -2.5893691667733076e-01 7.5372008928387957e-01 6.0403451903971295e-01 -5.1598860524446755e+00 7.0105626885829631e-01 5.7683914275027703e-01 -4.1925733301352019e-01 1.2135227975638859e+01 0.0000000000000000e+00 0.0000000000000000e+00 0.0000000000000000e+00 1.0000000000000000e+00</transform>
    </camera>
    <camera id="19" label="DSC_0089.JPG" sensor_id="0" enabled="true">
      <transform>-5.3577853510004370e-01 3.5123502852159610e-01 -7.6783807932759152e-01 6.4531341968102227e+00 -2.9697270699393735e-01 7.7288491279308058e-01 5.6076387444050391e-01 -4.7323671386599173e+00 7.9041038241330319e-01 5.2847220013569851e-01 -3.0978792916605058e-01 1.1066937816583730e+01 0.0000000000000000e+00 0.0000000000000000e+00 0.0000000000000000e+00 1.0000000000000000e+00</transform>
    </camera>
    <camera id="20" label="DSC_0090.JPG" sensor_id="0" enabled="true">
      <transform>-4.2257920330125975e-01 3.7381888183675072e-01 -8.2564293766712138e-01 6.9395478810609479e+00 -3.2274977697703555e-01 7.8919079830903327e-01 5.2250403378885424e-01 -4.3946047740815724e+00 8.4691168276187245e-01 4.8727541231491633e-01 -2.1284565805950048e-01 1.0181580448405922e+01 0.0000000000000000e+00 0.0000000000000000e+00 0.0000000000000000e+00 1.0000000000000000e+00</transform>
    </camera>
    <camera id="21" label="DSC_0091.JPG" sensor_id="0" enabled="true">
      <transform>-2.4933506866724292e-01 3.9091355516691056e-01 -8.8601276284231256e-01 7.4123512557752269e+00 -3.4914717814965651e-01 8.1709024585962053e-01 4.5875895425724073e-01 -3.8459392150691434e+00 9.0328747999893888e-01 4.2373355131241591e-01 -6.7242887871765966e-02 8.9075818955953157e+00 0.0000000000000000e+00 0.0000000000000000e+00 0.0000000000000000e+00 1.0000000000000000e+00</transform>
    </camera>
    <camera id="22" label="DSC_0092.JPG" sensor_id="0" enabled="true">
      <transform>-1.3399394002054590e-01 3.9621274625027608e-01 -9.0832873110266898e-01 7.5732309226655596e+00 -3.5811295934548942e-01 8.3529280974091891e-01 4.1718225075371629e-01 -3.4875845825872296e+00 9.2401338322915338e-01 3.8118418343883986e-01 2.9964744442071867e-02 8.0547608896429921e+00 0.0000000000000000e+00 0.0000000000000000e+00 0.0000000000000000e+00 1.0000000000000000e+00</transform>
    </camera>
    <camera id="23" label="DSC_0093.JPG" sensor_id="0" enabled="true">
      <transform>7.6293496403904190e-02 3.9599316661363432e-01 -9.1507852909013976e-01 7.5770728657886401e+00 -3.6475279428206092e-01 8.6522458241808098e-01 3.4400846071410129e-01 -2.8600779423236586e+00 9.2797343791182718e-01 3.0753184221274266e-01 2.1045062260620823e-01 6.5197529442470294e+00 0.0000000000000000e+00 0.0000000000000000e+00 0.0000000000000000e+00 1.0000000000000000e+00</transform>
    </camera>
    <camera id="24" label="DSC_0094.JPG" sensor_id="0" enabled="true">
      <transform>3.2596163821839413e-01 3.7057312209568366e-01 -8.6972672236182225e-01 7.1185937034944358e+00 -3.4883279624731750e-01 9.0220077423624501e-01 2.5367192045986758e-01 -2.0943293251730268e+00 8.7867211784160892e-01 2.2070188976938421e-01 4.2335090076668597e-01 4.6910674163716113e+00 0.0000000000000000e+00 0.0000000000000000e+00 0.0000000000000000e+00 1.0000000000000000e+00</transform>
    </camera>
    <camera id="25" label="DSC_0095.JPG" sensor_id="0" enabled="true">
      <transform>5.7735450056456106e-01 3.1287479006426078e-01 -7.5416917625960500e-01 6.0450980914425356e+00 -2.9955092975987030e-01 9.4042789513255176e-01 1.6082479453291931e-01 -1.3195375159133509e+00 7.5955975483028570e-01 1.3305915901884835e-01 6.3668221197340935e-01 2.8932415346826765e+00 0.0000000000000000e+00 0.0000000000000000e+00 0.0000000000000000e+00 1.0000000000000000e+00</transform>
    </camera>
    <camera id="26" label="DSC_0096.JPG" sensor_id="0" enabled="true">
      <transform>6.8946481990037023e-01 2.7590050156761087e-01 -6.6971424903050325e-01 5.2745194452915136e+00 -2.6429756620085915e-01 9.5668947218296829e-01 1.2203298863248460e-01 -9.8381534403883431e-01 6.7437753418990209e-01 9.2866393539398129e-02 7.3252356571712629e-01 2.0814331816996043e+00 0.0000000000000000e+00 0.0000000000000000e+00 0.0000000000000000e+00 1.0000000000000000e+00</transform>
    </camera>
    <camera id="27" label="DSC_0098.JPG" sensor_id="0" enabled="true">
      <transform>8.3444794654697574e-01 2.0739022882046526e-01 -5.1057410578027806e-01 3.8595876648889060e+00 -2.0234264307588323e-01 9.7707584129896685e-01 6.6183496001508760e-02 -5.3394539748032277e-01 5.1259543433062416e-01 4.8084231715928079e-02 8.5728281644022686e-01 1.0715405243269243e+00 0.0000000000000000e+00 0.0000000000000000e+00 0.0000000000000000e+00 1.0000000000000000e+00</transform>
    </camera>
    <camera id="28" label="DSC_0099.JPG" sensor_id="0" enabled="true">
      <transform>9.8131743673755811e-01 7.9587832146419388e-02 -1.7516239701791597e-01 1.6064680951959731e+00 -7.9571150236307189e-02 9.9680369020318615e-01 7.1298841071624000e-03 -9.0905122004765748e-02 1.7516997575183846e-01 6.9411938125878217e-03 9.8451373754943428e-01 2.4570121729321123e-01 0.0000000000000000e+00 0.0000000000000000e+00 0.0000000000000000e+00 1.0000000000000000e+00</transform>
    </camera>
    <camera id="29" label="DSC_0100.JPG" sensor_id="0" enabled="true">
      <transform>9.9990767496471766e-01 2.4648430633731366e-03 1.3362862542338707e-02 -4.8547460996282796e-03 -2.4282636677306680e-03 9.9999326244297859e-01 -2.7529264806865138e-03 1.8321134807065664e-02 -1.3369558041030254e-02 2.7202237630436148e-03 9.9990692331859898e-01 4.0719438700757692e-02 0.0000000000000000e+00 0.0000000000000000e+00 0.0000000000000000e+00 1.0000000000000000e+00</transform>
    </camera>
    <camera id="30" label="DSC_0101.JPG" sensor_id="0" enabled="true">
      <transform>9.9993912952602648e-01 3.5890554761838626e-03 1.0433404215368262e-02 -1.6671533723602916e-02 -3.5523922277088649e-03 9.9998745818516066e-01 -3.5304364945576059e-03 1.5424950802072462e-02 -1.0445944293978559e-02 3.4931580511716295e-03 9.9993933820739178e-01 3.5755110041841828e-02 0.0000000000000000e+00 0.0000000000000000e+00 0.0000000000000000e+00 1.0000000000000000e+00</transform>
    </camera>
    <camera id="31" label="DSC_0102.JPG" sensor_id="0" enabled="true">
      <transform>9.8969319449229065e-01 -4.6510228212467711e-02 1.3544068608534585e-01 -1.0463678341495384e+00 4.7286990089911773e-02 9.9887816116007588e-01 -2.5218496588950931e-03 2.6015595406747801e-02 -1.3517145166003661e-01 8.9004398256297794e-03 9.9078224692766304e-01 6.7806955451175585e-02 0.0000000000000000e+00 0.0000000000000000e+00 0.0000000000000000e+00 1.0000000000000000e+00</transform>
    </camera>
    <camera id="32" label="DSC_0103.JPG" sensor_id="0" enabled="true">
      <transform>9.5665427102531952e-01 -1.0081320713854086e-01 2.7322024631321895e-01 -2.2506621381022951e+00 1.0267964737179969e-01 9.9468621743778873e-01 7.4979233729739730e-03 -3.7604947648641696e-02 -2.7252430303482522e-01 2.0881238127701457e-02 9.6192228280128589e-01 2.6841434585740881e-01 0.0000000000000000e+00 0.0000000000000000e+00 0.0000000000000000e+00 1.0000000000000000e+00</transform>
    </camera>
    <camera id="33" label="DSC_0104.JPG" sensor_id="0" enabled="true">
      <transform>9.0039688017770125e-01 -1.5535068442674160e-01 4.0638851240457724e-01 -3.4075807801157376e+00 1.5884661493328023e-01 9.8697773050618365e-01 2.5351773293032568e-02 -1.6866329777273445e-01 -4.0503482700935795e-01 4.1726781963219550e-02 9.1334859970139193e-01 6.4345100597728355e-01 0.0000000000000000e+00 0.0000000000000000e+00 0.0000000000000000e+00 1.0000000000000000e+00</transform>
    </camera>
    <camera id="34" label="DSC_0105.JPG" sensor_id="0" enabled="true">
      <transform>8.1876630609013934e-01 -2.0893029421580628e-01 5.3476150587940130e-01 -4.5401749977421684e+00 2.1425608253606698e-01 9.7533760184689389e-01 5.3017860385419738e-02 -3.7041901034979330e-01 -5.3265004187346721e-01 7.1166667636235595e-02 8.4333815181678295e-01 1.1944059991915275e+00 0.0000000000000000e+00 0.0000000000000000e+00 0.0000000000000000e+00 1.0000000000000000e+00</transform>
    </camera>
    <camera id="35" label="DSC_0106.JPG" sensor_id="0" enabled="true">
      <transform>6.7589540534176618e-01 -2.6730146305693814e-01 6.8681535283182904e-01 -5.8874406282645380e+00 2.7875017295800053e-01 9.5540013765252430e-01 9.7513681344836761e-02 -7.3350159855440589e-01 -6.8224903232893941e-01 1.2554084921314626e-01 7.2026089236128021e-01 2.1931800327199125e+00 0.0000000000000000e+00 0.0000000000000000e+00 0.0000000000000000e+00 1.0000000000000000e+00</transform>
    </camera>
    <camera id="36" label="DSC_0107.JPG" sensor_id="0" enabled="true">
      <transform>5.3311496628964461e-01 -3.0653004724307853e-01 7.8856056384728446e-01 -6.8983348344459019e+00 3.2728316081675224e-01 9.3421324778069659e-01 1.4188495451188149e-01 -1.1376376344301984e+00 -7.8017572723315809e-01 1.8244160108977014e-01 5.9836518684496864e-01 3.3173773638672022e+00 0.0000000000000000e+00 0.0000000000000000e+00 0.0000000000000000e+00 1.0000000000000000e+00</transform>
    </camera>
    <camera id="37" label="DSC_0108.JPG" sensor_id="0" enabled="true">
      <transform>3.9605866493709307e-01 -3.3062099071692946e-01 8.5663720116838460e-01 -7.5158505162880669e+00 3.5645376892850894e-01 9.1512281944882945e-01 1.8839038176267500e-01 -1.5350960042433819e+00 -8.4621406543788236e-01 2.3073791587292566e-01 4.8029342035229894e-01 4.3110044331291650e+00 0.0000000000000000e+00 0.0000000000000000e+00 0.0000000000000000e+00 1.0000000000000000e+00</transform>
    </camera>
    <camera id="38" label="DSC_0109.JPG" sensor_id="0" enabled="true">
      <transform>2.1450428822166839e-01 -3.4986559950163665e-01 9.1191116487291446e-01 -8.0311020611745647e+00 3.8270902528070683e-01 8.8909403889572147e-01 2.5108881291046181e-01 -2.0690794221433659e+00 -8.9862211874803466e-01 2.9513700595732473e-01 3.2461120653997655e-01 5.6327991832450746e+00 0.0000000000000000e+00 0.0000000000000000e+00 0.0000000000000000e+00 1.0000000000000000e+00</transform>
    </camera>
    <camera id="39" label="DSC_0110.JPG" sensor_id="0" enabled="true">
      <transform>1.3453077247151857e-02 -3.5527730584984080e-01 9.3466413789160707e-01 -8.2699019007066426e+00 3.9514494153179186e-01 8.6055232949302385e-01 3.2141898417169940e-01 -2.6727363817732548e+00 -9.1852027190172525e-01 3.6500373169627870e-01 1.5196310721149398e-01 7.1122131974724212e+00 0.0000000000000000e+00 0.0000000000000000e+00 0.0000000000000000e+00 1.0000000000000000e+00</transform>
    </camera>
    <camera id="40" label="DSC_0111.JPG" sensor_id="0" enabled="true">
      <transform>-1.6615349716615785e-01 -3.4842541421704820e-01 9.2249268078783919e-01 -8.2061800827704712e+00 3.9299585272686288e-01 8.3459573316822622e-01 3.8601065000447538e-01 -3.2259136845667609e+00 -9.0440437588445011e-01 4.2667281716213196e-01 -1.7412570139149486e-03 8.4343878989245589e+00 0.0000000000000000e+00 0.0000000000000000e+00 0.0000000000000000e+00 1.0000000000000000e+00</transform>
    </camera>
    <camera id="41" label="DSC_0112.JPG" sensor_id="0" enabled="true">
      <transform>-3.8253326719568875e-01 -3.2448235332115299e-01 8.6508930283049867e-01 -7.7596147989144439e+00 3.7229474661081291e-01 8.0279588071595587e-01 4.6574176917202059e-01 -3.9122654577939464e+00 -8.4561511406465684e-01 5.0022992342387873e-01 -1.8629305563213602e-01 1.0035523783357307e+01 0.0000000000000000e+00 0.0000000000000000e+00 0.0000000000000000e+00 1.0000000000000000e+00</transform>
    </camera>
    <camera id="42" label="DSC_0114.JPG" sensor_id="0" enabled="true">
      <transform>-7.7329696549074667e-01 -2.1030837819568010e-01 5.9814896909006343e-01 -5.5481788375640537e+00 2.6721376825551812e-01 7.4741569836264798e-01 6.0824877796487331e-01 -5.1514052889317767e+00 -5.7498574349064446e-01 6.3019057427240077e-01 -5.2177699727060844e-01 1.2964506213889303e+01 0.0000000000000000e+00 0.0000000000000000e+00 0.0000000000000000e+00 1.0000000000000000e+00</transform>
    </camera>
    <camera id="43" label="DSC_0115.JPG" sensor_id="0" enabled="true">
      <transform>-9.3114978248408531e-01 -1.0534213236611215e-01 3.4908898253654630e-01 -3.4761850575597073e+00 1.6944832630334791e-01 7.2270217192702735e-01 6.7006629179876764e-01 -5.7171909221718717e+00 -3.2287357787969384e-01 6.8308462568009665e-01 -6.5509392217196427e-01 1.4181169414997139e+01 0.0000000000000000e+00 0.0000000000000000e+00 0.0000000000000000e+00 1.0000000000000000e+00</transform>
    </camera>
    <camera id="44" label="DSC_0116.JPG" sensor_id="0" enabled="true">
      <transform>-9.9664427170910386e-01 2.5172495480203505e-03 8.1816007749968986e-02 -1.2027836823870246e+00 5.9323620156444441e-02 7.1090659405822776e-01 7.0077993879395895e-01 -5.9764390663186990e+00 -5.6399501424781159e-02 7.0328193349413148e-01 -7.0867031704438721e-01 1.4686445625925106e+01 0.0000000000000000e+00 0.0000000000000000e+00 0.0000000000000000e+00 1.0000000000000000e+00</transform>
    </camera>
    <camera id="45" label="DSC_0117.JPG" sensor_id="0" enabled="true">
      <transform>-9.8384019922468913e-01 9.6350212395231755e-02 -1.5091421059965718e-01 8.6062531102612072e-01 -3.7924464283384952e-02 7.1160412827550346e-01 7.0155634102335540e-01 -6.0044830492315926e+00 1.7498627774297679e-01 6.9594267090950379e-01 -6.9645071714300344e-01 1.4627039501832099e+01 0.0000000000000000e+00 0.0000000000000000e+00 0.0000000000000000e+00 1.0000000000000000e+00</transform>
    </camera>
    <camera id="46" label="DSC_0118.JPG" sensor_id="0" enabled="true">
      <transform>-9.3922872376516331e-01 1.6131002745431475e-01 -3.0303214267986633e-01 2.2056233587761565e+00 -9.9292381290023074e-02 7.1734447096232401e-01 6.8960708595369080e-01 -5.9201490489850297e+00 3.2861897004314788e-01 6.7778756629380033e-01 -6.5773367521004145e-01 1.4321563493229856e+01 0.0000000000000000e+00 0.0000000000000000e+00 0.0000000000000000e+00 1.0000000000000000e+00</transform>
    </camera>
    <camera id="47" label="DSC_0119.JPG" sensor_id="0" enabled="true">
      <transform>-8.8622489995036446e-01 2.0633138423683217e-01 -4.1476835292350739e-01 3.1640691016639249e+00 -1.4680245730132407e-01 7.2410590448360901e-01 6.7388402386632229e-01 -5.7852136786101545e+00 4.3937963680427811e-01 6.5810181504907417e-01 -6.1143072853010461e-01 1.3925784650012890e+01 0.0000000000000000e+00 0.0000000000000000e+00 0.0000000000000000e+00 1.0000000000000000e+00</transform>
    </camera>
    <camera id="48" label="DSC_0120.JPG" sensor_id="0" enabled="true">
      <transform>-8.2136532797487261e-01 2.4694497455850389e-01 -5.1417621253907686e-01 4.0611391947734639e+00 -1.8899524865859918e-01 7.3268622678093687e-01 6.5379789619575057e-01 -5.6155943647864914e+00 5.3818193390823177e-01 6.3418378458126401e-01 -5.5513163609091942e-01 1.3438221415134615e+01 0.0000000000000000e+00 0.0000000000000000e+00 0.0000000000000000e+00 1.0000000000000000e+00</transform>
    </camera>
    <camera id="49" label="DSC_0121.JPG" sensor_id="0" enabled="true">
      <transform>-7.6930844320966141e-01 2.7550261068536469e-01 -5.7642244119384822e-01 4.9030272931030137e+00 -2.1087584930764744e-01 7.4217589497245184e-01 6.3616532214560206e-01 -5.3970658672478624e+00 6.0307204825385952e-01 6.1096092545054614e-01 -5.1286533533424405e-01 1.2831288830960279e+01 0.0000000000000000e+00 0.0000000000000000e+00 0.0000000000000000e+00 1.0000000000000000e+00</transform>
    </camera>
    <camera id="50" label="DSC_0122.JPG" sensor_id="0" enabled="true">
      <transform>-6.5487746998357643e-01 3.1833127024160324e-01 -6.8542009139963012e-01 5.8085732787783595e+00 -2.5808184869730266e-01 7.5823271259329073e-01 5.9872941545108893e-01 -5.0625228905362967e+00 7.1030223051944053e-01 5.6898888911804546e-01 -4.1439399775976499e-01 1.1942809071218980e+01 0.0000000000000000e+00 0.0000000000000000e+00 0.0000000000000000e+00 1.0000000000000000e+00</transform>
    </camera>
    <camera id="51" label="DSC_0123.JPG" sensor_id="0" enabled="true">
      <transform>-4.9675379751392507e-01 3.6036746177044315e-01 -7.8953844564569653e-01 6.6487046410032482e+00 -3.0504069432615849e-01 7.7918222035292262e-01 5.4756300303335437e-01 -4.6003224083051828e+00 8.1251820869474034e-01 5.1284535679190679e-01 -2.7713498616463472e-01 1.0740192100297101e+01 0.0000000000000000e+00 0.0000000000000000e+00 0.0000000000000000e+00 1.0000000000000000e+00</transform>
    </camera>
    <camera id="91" label="DSC_0182.JPG" sensor_id="8" enabled="true">
      <transform>1.0731994431937697e-01 -4.0617500389571520e-01 -9.0747137462379546e-01 7.9745271923793730e+00 9.7417317776971779e-01 -1.3942668097058417e-01 1.7761424590267610e-01 -8.6475701347028733e-01 -1.9866818886106324e-01 -9.0309582373292052e-01 3.8072153063731762e-01 5.5428191857431264e+00 0.0000000000000000e+00 0.0000000000000000e+00 0.0000000000000000e+00 1.0000000000000000e+00</transform>
      <orientation>1</orientation>
    </camera>
    <camera id="92" label="DSC_0183.JPG" sensor_id="8" enabled="true">
      <transform>2.4021075061068620e-01 -4.1960474126595088e-01 -8.7534602095296288e-01 7.6731709615991743e+00 9.1058873121312311e-01 -2.1504374915984376e-01 3.5296508118361059e-01 -2.4036595641040672e+00 -3.3634351172384042e-01 -8.8186622968249140e-01 3.3043152856055069e-01 5.9779818758002436e+00 0.0000000000000000e+00 0.0000000000000000e+00 0.0000000000000000e+00 1.0000000000000000e+00</transform>
      <orientation>1</orientation>
    </camera>
    <camera id="93" label="DSC_0184.JPG" sensor_id="8" enabled="true">
      <transform>3.5734067146930465e-01 -4.4190670342813193e-01 -8.2281596361467579e-01 7.2373452348086849e+00 8.1786611850721846e-01 -2.7735772004822351e-01 5.0415048083641445e-01 -3.6857555774967805e+00 -4.5100183670557603e-01 -8.5310676975096877e-01 2.6230932635585907e-01 6.5142593997388545e+00 0.0000000000000000e+00 0.0000000000000000e+00 0.0000000000000000e+00 1.0000000000000000e+00</transform>
      <orientation>1</orientation>
    </camera>
    <camera id="94" label="DSC_0185.JPG" sensor_id="8" enabled="true">
      <transform>4.5865527469284945e-01 -4.7134763259789259e-01 -7.5330388837493001e-01 6.6671980376153739e+00 7.0280825290614113e-01 -3.2634517346168274e-01 6.3210710121409153e-01 -4.8164351638602181e+00 -5.4377927382665525e-01 -8.1934744583883723e-01 1.8158707099881694e-01 7.2017408024622505e+00 0.0000000000000000e+00 0.0000000000000000e+00 0.0000000000000000e+00 1.0000000000000000e+00</transform>
      <orientation>1</orientation>
    </camera>
    <camera id="95" label="DSC_0186.JPG" sensor_id="8" enabled="true">
      <transform>5.5764656022131165e-01 -5.1409223324765529e-01 -6.5172040752747429e-01 5.8025039038719211e+00 5.3706604815860770e-01 -3.7519568480293058e-01 7.5550529979647119e-01 -5.9316135006538024e+00 -6.3292209140512279e-01 -7.7132183543557120e-01 6.6874901059117586e-02 8.1868736266131599e+00 0.0000000000000000e+00 0.0000000000000000e+00 0.0000000000000000e+00 1.0000000000000000e+00</transform>
      <orientation>1</orientation>
    </camera>
    <camera id="96" label="DSC_0187.JPG" sensor_id="8" enabled="true">
      <transform>6.2672851611199465e-01 -5.6035297319408384e-01 -5.4149414819054797e-01 4.8571020988214899e+00 3.6133106819258998e-01 -4.0669796861266649e-01 8.3906890151234437e-01 -6.6934991444808896e+00 -6.9039932376187818e-01 -7.2152706654628040e-01 -5.2416276005267159e-02 9.2102349828137093e+00 0.0000000000000000e+00 0.0000000000000000e+00 0.0000000000000000e+00 1.0000000000000000e+00</transform>
      <orientation>1</orientation>
    </camera>
    <camera id="97" label="DSC_0188.JPG" sensor_id="8" enabled="true">
      <transform>6.6981078867576738e-01 -6.1146987289317456e-01 -4.2125776184843283e-01 3.7114250590849576e+00 1.6739373770603297e-01 -4.2837475049915141e-01 8.8796081541450544e-01 -7.1897702630653280e+00 -7.2341747556328073e-01 -6.6528164537945467e-01 -1.8457380196240036e-01 1.0486152183616973e+01 0.0000000000000000e+00 0.0000000000000000e+00 0.0000000000000000e+00 1.0000000000000000e+00</transform>
      <orientation>1</orientation>
    </camera>
    <camera id="98" label="DSC_0189.JPG" sensor_id="8" enabled="true">
      <transform>6.8780768999390562e-01 -6.5515582602435285e-01 -3.1255627527150354e-01 2.7636097693400714e+00 2.5554021659601744e-05 -4.3055991879908306e-01 9.0256199547217753e-01 -7.3168062964053995e+00 -7.2589295418280508e-01 -6.2079706825183623e-01 -2.9612568128699213e-01 1.1458851527370062e+01 0.0000000000000000e+00 0.0000000000000000e+00 0.0000000000000000e+00 1.0000000000000000e+00</transform>
      <orientation>1</orientation>
    </camera>
    <camera id="99" label="DSC_0190.JPG" sensor_id="8" enabled="true">
      <transform>6.8251435856485465e-01 -7.0671461510050837e-01 -1.8635611918084460e-01 1.6601210259849779e+00 -1.9260404372486012e-01 -4.1988035943330315e-01 8.8690707861815621e-01 -7.1878319704988201e+00 -7.0503746899979514e-01 -5.6943387374259735e-01 -4.2269046682041755e-01 1.2556718323890834e+01 0.0000000000000000e+00 0.0000000000000000e+00 0.0000000000000000e+00 1.0000000000000000e+00</transform>
      <orientation>1</orientation>
    </camera>
    <camera id="100" label="DSC_0191.JPG" sensor_id="8" enabled="true">
      <transform>6.5304694852919676e-01 -7.5295084970765680e-01 -8.1207764045206965e-02 5.8873286409445136e-01 -3.5181092160676453e-01 -3.9658097650103830e-01 8.4791072909574738e-01 -6.7552123344598787e+00 -6.7064055831339586e-01 -5.2515573595077558e-01 -5.2388232890897946e-01 1.3592839408636964e+01 0.0000000000000000e+00 0.0000000000000000e+00 0.0000000000000000e+00 1.0000000000000000e+00</transform>
      <orientation>1</orientation>
    </camera>
    <camera id="101" label="DSC_0192.JPG" sensor_id="8" enabled="true">
      <transform>6.0543148158461269e-01 -7.9553904768175798e-01 2.3881891044529646e-02 -3.1436196303340047e-01 -5.1126835119583192e-01 -3.6574538716447175e-01 7.7771137630447873e-01 -6.1123090375348639e+00 -6.0996507619023299e-01 -4.8306100585900374e-01 -6.2816770885387840e-01 1.4471668057838478e+01 0.0000000000000000e+00 0.0000000000000000e+00 0.0000000000000000e+00 1.0000000000000000e+00</transform>
      <orientation>1</orientation>
    </camera>
    <camera id="102" label="DSC_0193.JPG" sensor_id="8" enabled="true">
      <transform>5.3070441681476677e-01 -8.3762612806828807e-01 1.2936495487815258e-01 -1.2178819065271291e+00 -6.6646682614580277e-01 -3.1812788216403459e-01 6.7425263828698989e-01 -5.1767631259896811e+00 -5.2361702762652673e-01 -4.4404630408005208e-01 -7.2708189924685040e-01 1.5297186276974987e+01 0.0000000000000000e+00 0.0000000000000000e+00 0.0000000000000000e+00 1.0000000000000000e+00</transform>
      <orientation>1</orientation>
    </camera>
    <camera id="103" label="DSC_0194.JPG" sensor_id="8" enabled="true">
      <transform>4.3935443143634023e-01 -8.7270672218198897e-01 2.1295694549748598e-01 -1.9415063446300742e+00 -7.9532903049270820e-01 -2.6768443964017230e-01 5.4387201989995393e-01 -4.0634803821882377e+00 -4.1763550715040898e-01 -4.0832342307648212e-01 -8.1169733603993355e-01 1.6067040950822271e+01 0.0000000000000000e+00 0.0000000000000000e+00 0.0000000000000000e+00 1.0000000000000000e+00</transform>
      <orientation>1</orientation>
    </camera>
    <camera id="104" label="DSC_0195.JPG" sensor_id="8" enabled="true">
      <transform>2.9135011431861624e-01 -9.0594669905453395e-01 3.0720626516840849e-01 -2.7140493767465461e+00 -9.2266018880400114e-01 -1.8132116677082744e-01 3.4032456637308800e-01 -2.2680652262617818e+00 -2.5261291907322075e-01 -3.8260059194028867e-01 -8.8870889506308370e-01 1.6701556961007842e+01 0.0000000000000000e+00 0.0000000000000000e+00 0.0000000000000000e+00 1.0000000000000000e+00</transform>
      <orientation>1</orientation>
    </camera>
    <camera id="105" label="DSC_0196.JPG" sensor_id="8" enabled="true">
      <transform>1.3393690975695771e-01 -9.2360950780142514e-01 3.5917458332065433e-01 -3.1397976072325360e+00 -9.8771917744785609e-01 -9.4995795840578379e-02 1.2404283644913028e-01 -3.5147243167508346e-01 -8.0447067730820193e-02 -3.7137753818913738e-01 -9.2499026666343287e-01 1.7011233465836050e+01 0.0000000000000000e+00 0.0000000000000000e+00 0.0000000000000000e+00 1.0000000000000000e+00</transform>
      <orientation>1</orientation>
    </camera>
    <camera id="106" label="DSC_0197.JPG" sensor_id="8" enabled="true">
      <transform>-4.1158331351654254e-02 -9.2659677861049150e-01 3.7379727343709646e-01 -3.2213482058936549e+00 -9.9570619098014224e-01 6.9912441585950891e-03 -9.2305491434322151e-02 1.5220052510716151e+00 8.2916663006685432e-02 -3.7599139933484504e-01 -9.2290589694836211e-01 1.6930276762384061e+01 0.0000000000000000e+00 0.0000000000000000e+00 0.0000000000000000e+00 1.0000000000000000e+00</transform>
      <orientation>1</orientation>
    </camera>
    <camera id="107" label="DSC_0198.JPG" sensor_id="8" enabled="true">
      <transform>-1.8215952404923885e-01 -9.1661212171137896e-01 3.5586532021246303e-01 -3.0388280533098158e+00 -9.5736443940181704e-01 8.2809116478686495e-02 -2.7675978825845277e-01 3.1147826406278423e+00 2.2421248396777355e-01 -3.9110723409288067e-01 -8.9261631929582008e-01 1.6624314639900955e+01 0.0000000000000000e+00 0.0000000000000000e+00 0.0000000000000000e+00 1.0000000000000000e+00</transform>
      <orientation>1</orientation>
    </camera>
    <camera id="108" label="DSC_0199.JPG" sensor_id="8" enabled="true">
      <transform>-3.0240380232552999e-01 -8.9851586976799647e-01 3.1815274965670609e-01 -2.6919956807716350e+00 -8.8760012207810024e-01 1.4378195394214377e-01 -4.3759887226490968e-01 4.4969729799610674e+00 3.4744490732489280e-01 -4.1472398230104812e-01 -8.4100300527308258e-01 1.6159399199085470e+01 0.0000000000000000e+00 0.0000000000000000e+00 0.0000000000000000e+00 1.0000000000000000e+00</transform>
      <orientation>1</orientation>
    </camera>
    <camera id="109" label="DSC_0200.JPG" sensor_id="8" enabled="true">
      <transform>-4.2330084382589761e-01 -8.6989425842187762e-01 2.5318051817020781e-01 -2.1048100043322275e+00 -7.7693043238000015e-01 2.0478866135480855e-01 -5.9534923147874486e-01 5.8407335555411724e+00 4.6604237882204380e-01 -4.4871548150822432e-01 -7.6253453547805505e-01 1.5457353438788648e+01 0.0000000000000000e+00 0.0000000000000000e+00 0.0000000000000000e+00 1.0000000000000000e+00</transform>
      <orientation>1</orientation>
    </camera>
    <camera id="110" label="DSC_0201.JPG" sensor_id="8" enabled="true">
      <transform>-5.1548858888907290e-01 -8.3825835327528386e-01 1.7774827112903763e-01 -1.4377812062877791e+00 -6.5307768001484945e-01 2.5003705757115924e-01 -7.1482236514226294e-01 6.8542395244797927e+00 5.5476216398703171e-01 -4.8456620084913710e-01 -6.7633907058742326e-01 1.4697067040217917e+01 0.0000000000000000e+00 0.0000000000000000e+00 0.0000000000000000e+00 1.0000000000000000e+00</transform>
      <orientation>1</orientation>
    </camera>
    <camera id="111" label="DSC_0202.JPG" sensor_id="8" enabled="true">
      <transform>-6.0402805332365572e-01 -7.9341910301239016e-01 7.5074881105793523e-02 -5.0903412805335613e-01 -4.8214041381022643e-01 2.8878776615262125e-01 -8.2712891830202784e-01 7.8105616135589813e+00 6.3457917722608770e-01 -5.3580570461277577e-01 -5.5697532686418738e-01 1.3628692232505827e+01 0.0000000000000000e+00 0.0000000000000000e+00 0.0000000000000000e+00 1.0000000000000000e+00</transform>
      <orientation>1</orientation>
    </camera>
    <camera id="112" label="DSC_0203.JPG" sensor_id="8" enabled="true">
      <transform>-6.5887249266073633e-01 -7.5213470743986899e-01 -1.3432061620269886e-02 3.3727030668063485e-01 -3.3341941607096964e-01 3.0798944302052245e-01 -8.9105218476518089e-01 8.3559024690431336e+00 6.7432820747905953e-01 -5.8261126392497009e-01 -4.5370208699743414e-01 1.2681219362131575e+01 0.0000000000000000e+00 0.0000000000000000e+00 0.0000000000000000e+00 1.0000000000000000e+00</transform>
      <orientation>1</orientation>
    </camera>
    <camera id="113" label="DSC_0204.JPG" sensor_id="8" enabled="true">
      <transform>-7.0606434579472588e-01 -6.9104998503176862e-01 -1.5467080456588489e-01 1.8316998197446051e+00 -1.0595450698311698e-01 3.1904950490604245e-01 -9.4179671684985933e-01 8.7553056250820962e+00 7.0017625070222889e-01 -6.4858101391175627e-01 -2.9848934042234732e-01 1.1093460265938834e+01 0.0000000000000000e+00 0.0000000000000000e+00 0.0000000000000000e+00 1.0000000000000000e+00</transform>
      <orientation>1</orientation>
    </camera>
    <camera id="114" label="DSC_0205.JPG" sensor_id="8" enabled="true">
      <transform>-7.1426925693843324e-01 -6.2978632078882513e-01 -3.0526810960186057e-01 3.1058373371009633e+00 1.2612106109785670e-01 3.1321075647795216e-01 -9.4127174608295772e-01 8.6052574229033159e+00 6.8841332536505218e-01 -7.1082220855413925e-01 -1.4428749525182949e-01 9.7651156978544265e+00 0.0000000000000000e+00 0.0000000000000000e+00 0.0000000000000000e+00 1.0000000000000000e+00</transform>
      <orientation>1</orientation>
    </camera>
    <camera id="115" label="DSC_0206.JPG" sensor_id="8" enabled="true">
      <transform>-6.7448400387980945e-01 -5.6130436558827990e-01 -4.7959226190775828e-01 4.5628359393107099e+00 3.8786064193949088e-01 2.8333807795006716e-01 -8.7708816889629060e-01 7.8890826281856210e+00 6.2820016789598776e-01 -7.7759690248553626e-01 2.6600870293138179e-02 8.3225622406272812e+00 0.0000000000000000e+00 0.0000000000000000e+00 0.0000000000000000e+00 1.0000000000000000e+00</transform>
      <orientation>1</orientation>
    </camera>
    <camera id="116" label="DSC_0207.JPG" sensor_id="8" enabled="true">
      <transform>-6.0985215754715350e-01 -5.1216779446701333e-01 -6.0478466932113695e-01 5.6037249066769812e+00 5.7460195643423351e-01 2.3981798113511832e-01 -7.8250873962290479e-01 6.9562096782084826e+00 5.4581401374189098e-01 -8.2472509737188837e-01 1.4803910350949756e-01 7.3340294571216118e+00 0.0000000000000000e+00 0.0000000000000000e+00 0.0000000000000000e+00 1.0000000000000000e+00</transform>
      <orientation>1</orientation>
    </camera>
    <camera id="117" label="DSC_0210.JPG" sensor_id="8" enabled="true">
      <transform>-4.5510532782861768e-01 -4.5217625825540086e-01 -7.6708263704254931e-01 6.9267682416943517e+00 8.0926845541026415e-01 1.4930836087537003e-01 -5.6814749885095484e-01 4.9660362455569054e+00 3.7143466136036885e-01 -8.7934273457102907e-01 2.9798095156780202e-01 6.1480011682848446e+00 0.0000000000000000e+00 0.0000000000000000e+00 0.0000000000000000e+00 1.0000000000000000e+00</transform>
      <orientation>1</orientation>
    </camera>
    <camera id="118" label="DSC_0211.JPG" sensor_id="8" enabled="true">
      <transform>-3.0509084606859005e-01 -4.2083673690780976e-01 -8.5429269955556730e-01 7.5904671414344227e+00 9.2989701364096267e-01 6.1884989789415090e-02 -3.6257660164492572e-01 3.1154498838293270e+00 2.0545344890454148e-01 -9.0502303225252279e-01 3.7245428098718120e-01 5.5939364765855961e+00 0.0000000000000000e+00 0.0000000000000000e+00 0.0000000000000000e+00 1.0000000000000000e+00</transform>
      <orientation>1</orientation>
    </camera>
    <camera id="119" label="DSC_0212.JPG" sensor_id="8" enabled="true">
      <transform>-1.1927059634810561e-01 -4.0549047496323787e-01 -9.0628472323042886e-01 7.9414639637463997e+00 9.9281901453245103e-01 -4.0236120855015101e-02 -1.1265637559123504e-01 9.2507962842690583e-01 9.2157055931733067e-03 -9.1321329890263225e-01 4.0737763988440945e-01 5.4112426812742962e+00 0.0000000000000000e+00 0.0000000000000000e+00 0.0000000000000000e+00 1.0000000000000000e+00</transform>
      <orientation>1</orientation>
    </camera>
    <camera id="120" label="DSC_0214.JPG" sensor_id="8" enabled="true">
      <transform>1.4697143122616557e-01 -4.0980097071507626e-01 -9.0025694265821343e-01 7.8170412922353911e+00 9.5321943547762333e-01 -1.8436854560581337e-01 2.3954320532822115e-01 -1.8071240775132882e+00 -2.6414410126113674e-01 -8.9334842239306522e-01 3.6353334094243389e-01 5.8260282867792563e+00 0.0000000000000000e+00 0.0000000000000000e+00 0.0000000000000000e+00 1.0000000000000000e+00</transform>
      <orientation>1</orientation>
    </camera>
  </cameras>
  <markers next_id="27">
    <marker id="1" label="6"/>
    <marker id="7" label="6"/>
    <marker id="3" label="8"/>
    <marker id="8" label="8"/>
    <marker id="9" label="BL"/>
    <marker id="10" label="BL"/>
    <marker id="6" label="BR"/>
    <marker id="2" label="Centre6"/>
    <marker id="11" label="Centre6"/>
    <marker id="12" label="LWB"/>
    <marker id="13" label="LWB"/>
    <marker id="15" label="LWT"/>
    <marker id="14" label="LWT"/>
    <marker id="0" label="LeftSun"/>
    <marker id="16" label="LeftSun"/>
    <marker id="4" label="Middle6"/>
    <marker id="17" label="Middle6"/>
    <marker id="18" label="RWB"/>
    <marker id="19" label="RWB"/>
    <marker id="20" label="RWT"/>
    <marker id="21" label="RWT"/>
    <marker id="5" label="RightSun"/>
    <marker id="22" label="FrontR"/>
    <marker id="23" label="Notch"/>
    <marker id="24" label="RightDip"/>
    <marker id="25" label="LeftDip"/>
    <marker id="26" label="RightPoint"/>
  </markers>
  <frames next_id="1">
    <frame id="0" path="0/frame.zip"/>
  </frames>
  <transform>
    <rotation>3.2778301550556493e-01 -8.2156735445779205e-01 -4.6646047724893408e-01 9.1610736954064187e-01 1.5574051319200602e-01 3.6944848087928478e-01 -2.3088001693391291e-01 -5.4842681794375747e-01 8.0369300304325486e-01</rotation>
    <translation>9.3871713518795925e+00 -4.2882709591387096e+00 1.5527058004556935e+00</translation>
    <scale>1.4756155908508286e+00</scale>
  </transform>
  <reference>LOCAL_CS["Local Coordinates (m)",LOCAL_DATUM["Local Datum",0],UNIT["metre",1,AUTHORITY["EPSG","9001"]]]</reference>
  <region>
    <center>2.4836911435180742e-02 2.4415732983822958e-01 8.6529639041485780e+00</center>
    <size>3.9478595018386837e+00 2.1455734491348259e+00 6.1676414728164666e+00</size>
    <R>-8.8606318596079048e-01 4.6117346188830682e-01 4.7022000541960866e-02 -3.9051974922609772e-01 -6.8793998060635231e-01 -6.1174578751938891e-01 -2.4977260848499669e-01 -5.6040844134727852e-01 7.8965563565222197e-01</R>
  </region>
  <settings>
    <property name="image_brightness" value="1.4000000000000001"/>
    <property name="accuracy_tiepoints" value="1"/>
    <property name="accuracy_cameras" value="10"/>
    <property name="accuracy_cameras_ypr" value="2"/>
    <property name="accuracy_markers" value="0.0050000000000000001"/>
    <property name="accuracy_scalebars" value="0.001"/>
    <property name="accuracy_projections" value="0.10000000000000001"/>
  </settings>
</chunk>
